"Word","TokenFile"
"a","tokens_a_0.csv"
"-a","tokens_a_1.csv"
"*abab","tokens_a_10.csv"
"abugar","tokens_a_100.csv"
"antug<sub>1</sub>","tokens_a_1000.csv"
"antug<sub>2</sub>","tokens_a_1001.csv"
"antúhuy","tokens_a_1002.csv"
"antúlang","tokens_a_1003.csv"
"antulánga","tokens_a_1004.csv"
"antulíhaw","tokens_a_1005.csv"
"antúlù","tokens_a_1006.csv"
"antus","tokens_a_1007.csv"
"antutu","tokens_a_1008.csv"
"antuwánga","tokens_a_1009.csv"
"abugasíya","tokens_a_101.csv"
"anu","tokens_a_1010.csv"
"ánud","tokens_a_1011.csv"
"anugas","tokens_a_1012.csv"
"anúgun","tokens_a_1013.csv"
"anugut","tokens_a_1014.csv"
"anúhus","tokens_a_1015.csv"
"*anuk, *ánuk","tokens_a_1016.csv"
"anular","tokens_a_1017.csv"
"anumalíya","tokens_a_1018.csv"
"-anun","tokens_a_1019.csv"
"abughu, abughù","tokens_a_102.csv"
"an-un","tokens_a_1020.csv"
"anúnang<sub>1</sub>","tokens_a_1021.csv"
"anúnang<sub>2</sub>","tokens_a_1022.csv"
"anúnas","tokens_a_1023.csv"
"anunimus","tokens_a_1024.csv"
"anunsiyu","tokens_a_1025.csv"
"anunugba","tokens_a_1026.csv"
"anunugbu","tokens_a_1027.csv"
"anupug","tokens_a_1028.csv"
"anup-up","tokens_a_1029.csv"
"abukádu","tokens_a_103.csv"
"ánur","tokens_a_1030.csv"
"anus-a","tokens_a_1031.csv"
"anut","tokens_a_1032.csv"
"anutasiyun","tokens_a_1033.csv"
"anúus","tokens_a_1034.csv"
"anuwal","tokens_a_1035.csv"
"anyag","tokens_a_1036.csv"
"anyil","tokens_a_1037.csv"
"anyu","tokens_a_1038.csv"
"anyus","tokens_a_1039.csv"
"abúkay","tokens_a_104.csv"
"apa","tokens_a_1040.csv"
"ápa","tokens_a_1041.csv"
"apáhap","tokens_a_1042.csv"
"apáli","tokens_a_1043.csv"
"apan<sub>1</sub>","tokens_a_1044.csv"
"apan<sub>2</sub>, apan-apan<sub>1</sub>","tokens_a_1045.csv"
"apan-apan<sub>2</sub>","tokens_a_1046.csv"
"ap-andawun","tokens_a_1047.csv"
"ap-ap","tokens_a_1048.csv"
"apapángig","tokens_a_1049.csv"
"abunansiya","tokens_a_105.csv"
"aparadur","tokens_a_1050.csv"
"aparátu","tokens_a_1051.csv"
"aparisyun","tokens_a_1052.csv"
"apartmin, apartmint","tokens_a_1053.csv"
"ápas","tokens_a_1054.csv"
"apat","tokens_a_1055.csv"
"ápaw","tokens_a_1056.csv"
"apay<sub>1</sub>","tokens_a_1057.csv"
"apay<sub>2</sub>","tokens_a_1058.csv"
"apáyud","tokens_a_1059.csv"
"abunda","tokens_a_106.csv"
"apdu","tokens_a_1060.csv"
"ápid","tokens_a_1061.csv"
"apidábit","tokens_a_1062.csv"
"apíki","tokens_a_1063.csv"
"apikta","tokens_a_1064.csv"
"apiktǎr","tokens_a_1065.csv"
"apil","tokens_a_1066.csv"
"apilar","tokens_a_1067.csv"
"apílu","tokens_a_1068.csv"
"apilyídu","tokens_a_1069.csv"
"abundansiya","tokens_a_107.csv"
"apindiks","tokens_a_1070.csv"
"apindisaytis","tokens_a_1071.csv"
"áping","tokens_a_1072.csv"
"apínig","tokens_a_1073.csv"
"apir","tokens_a_1074.csv"
"ápir","tokens_a_1075.csv"
"ápir baks","tokens_a_1076.csv"
"ápir kat","tokens_a_1077.csv"
"apirmatíbu","tokens_a_1078.csv"
"apisiyun","tokens_a_1079.csv"
"ábung<sub>1</sub>","tokens_a_108.csv"
"apítung","tokens_a_1080.csv"
"apla","tokens_a_1081.csv"
"aplay","tokens_a_1082.csv"
"áp lay","tokens_a_1083.csv"
"aplikasiyun","tokens_a_1084.csv"
"aplud","tokens_a_1085.csv"
"Aprika","tokens_a_1086.csv"
"aprindis, aprintis","tokens_a_1087.csv"
"apríta","tokens_a_1088.csv"
"apritáda","tokens_a_1089.csv"
"abungaw<sub>1</sub>","tokens_a_109.csv"
"aprubar","tokens_a_1090.csv"
"aptan","tokens_a_1091.csv"
"apu","tokens_a_1092.csv"
"ápù","tokens_a_1093.csv"
"apud","tokens_a_1094.csv"
"ápud","tokens_a_1095.csv"
"ápug<sub>1</sub>","tokens_a_1096.csv"
"ápug<sub>2</sub>","tokens_a_1097.csv"
"ápul<sub>1</sub>","tokens_a_1098.csv"
"ápul<sub>2</sub>","tokens_a_1099.csv"
"ab-ab","tokens_a_11.csv"
"abungaw<sub>2</sub>","tokens_a_110.csv"
"apung","tokens_a_1100.csv"
"ápung","tokens_a_1101.csv"
"apuntadur","tokens_a_1102.csv"
"apuntasiyun","tokens_a_1103.csv"
"apunti","tokens_a_1104.csv"
"*apuntin","tokens_a_1105.csv"
"apúpa","tokens_a_1106.csv"
"apura","tokens_a_1107.csv"
"apúru","tokens_a_1108.csv"
"apus","tokens_a_1109.csv"
"abúnu","tokens_a_111.csv"
"apustrupi","tokens_a_1110.csv"
"apustǔl<sub>1</sub>","tokens_a_1111.csv"
"apustǔl<sub>2</sub>","tokens_a_1112.csv"
"apustulis","tokens_a_1113.csv"
"apuwintmint","tokens_a_1114.csv"
"apuy","tokens_a_1115.csv"
"apúya","tokens_a_1116.csv"
"apuyus","tokens_a_1117.csv"
"apyu","tokens_a_1118.csv"
"apyug","tokens_a_1119.csv"
"aburídu","tokens_a_112.csv"
"árà","tokens_a_1120.csv"
"árab<sub>1</sub>","tokens_a_1121.csv"
"árab<sub>2</sub>","tokens_a_1122.csv"
"arabi","tokens_a_1123.csv"
"arabun","tokens_a_1124.csv"
"arabya","tokens_a_1125.csv"
"aradur","tokens_a_1126.csv"
"árag","tokens_a_1127.csv"
"arang","tokens_a_1128.csv"
"árang","tokens_a_1129.csv"
"abusáda","tokens_a_113.csv"
"arangka<sub>1</sub>","tokens_a_1130.csv"
"arangka<sub><span class=""corr"" id=""xd20e29637"" title=""Source: 3"">2</span></sub>, arangkǎr","tokens_a_1131.csv"
"aransil","tokens_a_1132.csv"
"aranya, aranyas","tokens_a_1133.csv"
"arapal","tokens_a_1134.csv"
"aráru","tokens_a_1135.csv"
"áras<sub>1</sub>","tokens_a_1136.csv"
"áras<sub>2</sub>","tokens_a_1137.csv"
"áras<sub>3</sub>","tokens_a_1138.csv"
"*arasti","tokens_a_1139.csv"
"abusádu","tokens_a_114.csv"
"arastri","tokens_a_1140.csv"
"árat<sub>1</sub>","tokens_a_1141.csv"
"árat<sub>2</sub>","tokens_a_1142.csv"
"arawkarya","tokens_a_1143.csv"
"aray<sub>1</sub>","tokens_a_1144.csv"
"aray<sub>2</sub>","tokens_a_1145.csv"
"arayis","tokens_a_1146.csv"
"arbul<sub>1</sub>","tokens_a_1147.csv"
"arbul<sub>2</sub>","tokens_a_1148.csv"
"arbularyu","tokens_a_1149.csv"
"abusar","tokens_a_115.csv"
"argabyádu","tokens_a_1150.csv"
"argabyu","tokens_a_1151.csv"
"argardulsi","tokens_a_1152.csv"
"argh","tokens_a_1153.csv"
"argulya","tokens_a_1154.csv"
"argumintu","tokens_a_1155.csv"
"ari","tokens_a_1156.csv"
"ári<sub>2</sub>","tokens_a_1157.csv"
"aríba<sub>1</sub>","tokens_a_1158.csv"
"aríba<sub>2</sub>","tokens_a_1159.csv"
"abúsu","tokens_a_116.csv"
"aríba<sub>3</sub>","tokens_a_1160.csv"
"aribáda","tokens_a_1161.csv"
"arigláda","tokens_a_1162.csv"
"arigládu","tokens_a_1163.csv"
"ariglǎr","tokens_a_1164.csv"
"ariglu","tokens_a_1165.csv"
"arikmitik","tokens_a_1166.csv"
"arimadur","tokens_a_1167.csv"
"arimar","tokens_a_1168.csv"
"arína","tokens_a_1169.csv"
"abut","tokens_a_117.csv"
"arindu","tokens_a_1170.csv"
"aringkil","tokens_a_1171.csv"
"arinúla","tokens_a_1172.csv"
"*arisgǎr","tokens_a_1173.csv"
"aristǎr","tokens_a_1174.csv"
"*aristu","tokens_a_1175.csv"
"aristukrata","tokens_a_1176.csv"
"árit","tokens_a_1177.csv"
"arítis","tokens_a_1178.csv"
"aritmitik","tokens_a_1179.csv"
"abwag","tokens_a_118.csv"
"aritmitika, aritmitiku","tokens_a_1180.csv"
"arítus","tokens_a_1181.csv"
"aríya<sub>1</sub>","tokens_a_1182.csv"
"aríya<sub>2</sub>","tokens_a_1183.csv"
"ariyádu","tokens_a_1184.csv"
"ariyus","tokens_a_1185.csv"
"ark","tokens_a_1186.csv"
"arka","tokens_a_1187.csv"
"arkabála","tokens_a_1188.csv"
"arkanghil","tokens_a_1189.csv"
"abyadur","tokens_a_119.csv"
"arkaydi","tokens_a_1190.csv"
"arkila","tokens_a_1191.csv"
"arkitiktu","tokens_a_1192.csv"
"arku","tokens_a_1193.csv"
"arkuhul","tokens_a_1194.csv"
"arkus","tokens_a_1195.csv"
"armáda","tokens_a_1196.csv"
"armádu","tokens_a_1197.csv"
"armamintu","tokens_a_1198.csv"
"armar","tokens_a_1199.csv"
"abad","tokens_a_12.csv"
"abyan","tokens_a_120.csv"
"armas","tokens_a_1200.csv"
"armatyur","tokens_a_1201.csv"
"armi","tokens_a_1202.csv"
"armikat","tokens_a_1203.csv"
"armirul","tokens_a_1204.csv"
"armistisyu","tokens_a_1205.csv"
"armunyum, armunyun","tokens_a_1206.csv"
"arníbal","tokens_a_1207.csv"
"arnika<sub>1</sub>","tokens_a_1208.csv"
"arnika<sub>2</sub>","tokens_a_1209.csv"
"abyasiyun, abyasyun","tokens_a_121.csv"
"arnis","tokens_a_1210.csv"
"arpa","tokens_a_1211.csv"
"arpilir, arpiril","tokens_a_1212.csv"
"arsa","tokens_a_1213.csv"
"arsii","tokens_a_1214.csv"
"arsubispu","tokens_a_1215.csv"
"art.","tokens_a_1216.csv"
"artal","tokens_a_1217.csv"
"arti","tokens_a_1218.csv"
"artikulu","tokens_a_1219.csv"
"abyirtu<sub>1</sub>","tokens_a_122.csv"
"artiliyiríya","tokens_a_1220.csv"
"artipisyal","tokens_a_1221.csv"
"artista","tokens_a_1222.csv"
"*artisyánu","tokens_a_1223.csv"
"*árù","tokens_a_1224.csv"
"aruk","tokens_a_1225.csv"
"arul","tokens_a_1226.csv"
"arúma","tokens_a_1227.csv"
"arun<sub>1</sub>","tokens_a_1228.csv"
"arun<sub>2</sub>","tokens_a_1229.csv"
"abyirtu<sub>2</sub>","tokens_a_123.csv"
"árun","tokens_a_1230.csv"
"arunsa","tokens_a_1231.csv"
"arus<sub>1</sub>","tokens_a_1232.csv"
"*arus<sub>2</sub>","tokens_a_1233.csv"
"ar-utísi","tokens_a_1234.csv"
"aruwákà","tokens_a_1235.csv"
"aruy","tokens_a_1236.csv"
"arya","tokens_a_1237.csv"
"aryat","tokens_a_1238.csv"
"aryindu","tokens_a_1239.csv"
"abyug","tokens_a_124.csv"
"asa","tokens_a_1240.csv"
"ása<sub>1</sub>","tokens_a_1241.csv"
"ása<sub>2</sub>","tokens_a_1242.csv"
"ása<sub>3</sub>","tokens_a_1243.csv"
"asádu","tokens_a_1244.csv"
"asal","tokens_a_1245.csv"
"asamblíya","tokens_a_1246.csv"
"as-as","tokens_a_1247.csv"
"asáwa","tokens_a_1248.csv"
"asayti","tokens_a_1249.csv"
"A.D.","tokens_a_125.csv"
"asbistus","tokens_a_1250.csv"
"asdang","tokens_a_1251.csv"
"asgad","tokens_a_1252.csv"
"ási","tokens_a_1253.csv"
"asidu","tokens_a_1254.csv"
"asikásu","tokens_a_1255.csv"
"asiláda","tokens_a_1256.csv"
"asílu","tokens_a_1257.csv"
"asíman","tokens_a_1258.csv"
"asin","tokens_a_1259.csv"
"ád<sub>1</sub>","tokens_a_126.csv"
"asin-ásin","tokens_a_1260.csv"
"asinda","tokens_a_1261.csv"
"asinsiyun","tokens_a_1262.csv"
"asinsu","tokens_a_1263.csv"
"*as-ip","tokens_a_1264.csv"
"asir","tokens_a_1265.csv"
"asíras","tokens_a_1266.csv"
"asiráwu","tokens_a_1267.csv"
"asíru","tokens_a_1268.csv"
"asistinsiya","tokens_a_1269.csv"
"ád<sub>2</sub>","tokens_a_127.csv"
"asistǐr","tokens_a_1270.csv"
"asíti","tokens_a_1271.csv"
"asitíra","tokens_a_1272.csv"
"asitun","tokens_a_1273.csv"
"aslay","tokens_a_1274.csv"
"aslum","tokens_a_1275.csv"
"asnat","tokens_a_1276.csv"
"asnu","tokens_a_1277.csv"
"aspaltu","tokens_a_1278.csv"
"asparagus","tokens_a_1279.csv"
"ada","tokens_a_128.csv"
"aspíra ultima","tokens_a_1280.csv"
"aspiranti","tokens_a_1281.csv"
"aspirasiyun","tokens_a_1282.csv"
"aspirin, aspirína","tokens_a_1283.csv"
"asta","tokens_a_1284.csv"
"astri","tokens_a_1285.csv"
"astrunawta","tokens_a_1286.csv"
"astrunumíya","tokens_a_1287.csv"
"astrunumu","tokens_a_1288.csv"
"astrunut","tokens_a_1289.csv"
"áda","tokens_a_129.csv"
"asu","tokens_a_1290.csv"
"ásud","tokens_a_1291.csv"
"asúgi","tokens_a_1292.csv"
"asúkal","tokens_a_1293.csv"
"asúkar","tokens_a_1294.csv"
"asul","tokens_a_1295.csv"
"asunting","tokens_a_1296.csv"
"asuntu","tokens_a_1297.csv"
"asupli","tokens_a_1298.csv"
"asupri","tokens_a_1299.csv"
"ábag","tokens_a_13.csv"
"adá","tokens_a_130.csv"
"asus","tokens_a_1300.csv"
"asusasiyun","tokens_a_1301.csv"
"asusíluy","tokens_a_1302.csv"
"asusína","tokens_a_1303.csv"
"asusínas","tokens_a_1304.csv"
"asusisyun","tokens_a_1305.csv"
"asusyit","tokens_a_1306.csv"
"asutíya","tokens_a_1307.csv"
"asúus","tokens_a_1308.csv"
"ásuy","tokens_a_1309.csv"
"ad-ad","tokens_a_131.csv"
"aswang","tokens_a_1310.csv"
"aswas","tokens_a_1311.csv"
"aswat","tokens_a_1312.csv"
"Asya","tokens_a_1313.csv"
"asyinda","tokens_a_1314.csv"
"asyíti","tokens_a_1315.csv"
"asyus","tokens_a_1316.csv"
"asyúsa","tokens_a_1317.csv"
"asyúsu","tokens_a_1318.csv"
"asyútis","tokens_a_1319.csv"
"Adan","tokens_a_132.csv"
"át","tokens_a_1320.csv"
"átà","tokens_a_1321.csv"
"átab<sub>1</sub>","tokens_a_1322.csv"
"átab<sub>2</sub>","tokens_a_1323.csv"
"atábay","tokens_a_1324.csv"
"átad","tokens_a_1325.csv"
"atádu","tokens_a_1326.csv"
"atáhu","tokens_a_1327.csv"
"átak","tokens_a_1328.csv"
"atakar","tokens_a_1329.csv"
"adbans","tokens_a_133.csv"
"atáki","tokens_a_1330.csv"
"atáman","tokens_a_1331.csv"
"atang","tokens_a_1332.csv"
"átang<sub>2</sub>","tokens_a_1333.csv"
"atáru","tokens_a_1334.csv"
"átas","tokens_a_1335.csv"
"at-at<sub>1</sub>","tokens_a_1336.csv"
"at-at<sub>2</sub>","tokens_a_1337.csv"
"atatalu","tokens_a_1338.csv"
"atay","tokens_a_1339.csv"
"adbaysir","tokens_a_134.csv"
"atay-átay","tokens_a_1340.csv"
"átay","tokens_a_1341.csv"
"atbang","tokens_a_1342.csv"
"atbu","tokens_a_1343.csv"
"atbug","tokens_a_1344.csv"
"athag","tokens_a_1345.csv"
"atibás","tokens_a_1346.csv"
"átik","tokens_a_1347.csv"
"atiman","tokens_a_1348.csv"
"atimúya","tokens_a_1349.csv"
"adbintista","tokens_a_135.csv"
"atin","tokens_a_1350.csv"
"atindan, atindant","tokens_a_1351.csv"
"atindída","tokens_a_1352.csv"
"atindídu","tokens_a_1353.csv"
"atindir","tokens_a_1354.csv"
"atinsiyun","tokens_a_1355.csv"
"átip","tokens_a_1356.csv"
"atipú, atipúlu","tokens_a_1357.csv"
"átis","tokens_a_1358.csv"
"atlíta","tokens_a_1359.csv"
"adbirbiyu","tokens_a_136.csv"
"atmuspíra","tokens_a_1360.csv"
"atnga, atngal","tokens_a_1361.csv"
"atngaw","tokens_a_1362.csv"
"atráka","tokens_a_1363.csv"
"atraksiyun","tokens_a_1364.csv"
"atraktíbu","tokens_a_1365.csv"
"atras","tokens_a_1366.csv"
"atrasádu","tokens_a_1367.csv"
"atrasar","tokens_a_1368.csv"
"atrasáwu","tokens_a_1369.csv"
"Adbiyintu","tokens_a_137.csv"
"atrásu","tokens_a_1370.csv"
"atribídu","tokens_a_1371.csv"
"atribir","tokens_a_1372.csv"
"atril<sub>1</sub>","tokens_a_1373.csv"
"atril<sub>2</sub>","tokens_a_1374.csv"
"atripisyu, atripisyun","tokens_a_1375.csv"
"atsa","tokens_a_1376.csv"
"atsaatsa","tokens_a_1377.csv"
"atsal","tokens_a_1378.csv"
"atsar","tokens_a_1379.csv"
"adgaw","tokens_a_138.csv"
"atsára","tokens_a_1380.csv"
"atsay<sub>1</sub>","tokens_a_1381.csv"
"*atsay<sub>2</sub>","tokens_a_1382.csv"
"atsi<sub>1</sub>","tokens_a_1383.csv"
"atsi<sub>2</sub>","tokens_a_1384.csv"
"atsuytis","tokens_a_1385.csv"
"atu","tokens_a_1386.csv"
"átu","tokens_a_1387.csv"
"átù","tokens_a_1388.csv"
"atúa","tokens_a_1389.csv"
"adía","tokens_a_139.csv"
"átub<sub>1</sub>","tokens_a_1390.csv"
"átub<sub>2</sub>","tokens_a_1391.csv"
"átub<sub>3</sub>","tokens_a_1392.csv"
"atubang","tokens_a_1393.csv"
"átud","tokens_a_1394.csv"
"atug","tokens_a_1395.csv"
"atug-atug","tokens_a_1396.csv"
"atul","tokens_a_1397.csv"
"atuli","tokens_a_1398.csv"
"átum<sub>1</sub>","tokens_a_1399.csv"
"abaga","tokens_a_14.csv"
"ádik","tokens_a_140.csv"
"*átum<sub>2</sub>","tokens_a_1400.csv"
"atumátik","tokens_a_1401.csv"
"*atúmik","tokens_a_1402.csv"
"atumika","tokens_a_1403.csv"
"atung","tokens_a_1404.csv"
"atup","tokens_a_1405.csv"
"atup-atup<sub>1</sub>","tokens_a_1406.csv"
"aturga, aturgǎr","tokens_a_1407.csv"
"aturni","tokens_a_1408.csv"
"atutung","tokens_a_1409.csv"
"adilantádu","tokens_a_141.csv"
"aw, àw","tokens_a_1410.csv"
"áwà<sub>1</sub>","tokens_a_1411.csv"
"áwà<sub>2</sub>","tokens_a_1412.csv"
"awáaw","tokens_a_1413.csv"
"awahi","tokens_a_1414.csv"
"áwak","tokens_a_1415.csv"
"awang<sub>1</sub>","tokens_a_1416.csv"
"awang<sub>2</sub>","tokens_a_1417.csv"
"áwas","tokens_a_1418.csv"
"awat, áwat<sub>1</sub>","tokens_a_1419.csv"
"adilantar","tokens_a_142.csv"
"áwat<sub>2</sub>","tokens_a_1420.csv"
"aw-aw","tokens_a_1421.csv"
"áway","tokens_a_1422.csv"
"awdisyun","tokens_a_1423.csv"
"awditíbu","tokens_a_1424.csv"
"awditur","tokens_a_1425.csv"
"awdituryum","tokens_a_1426.csv"
"awgid","tokens_a_1427.csv"
"awhag","tokens_a_1428.csv"
"awhu","tokens_a_1429.csv"
"adilantu","tokens_a_143.csv"
"awíhaw","tokens_a_1430.csv"
"áwil","tokens_a_1431.csv"
"áwit","tokens_a_1432.csv"
"awlà","tokens_a_1433.csv"
"*awra","tokens_a_1434.csv"
"awrúra<sub>1</sub>","tokens_a_1435.csv"
"awrúra<sub>2</sub>","tokens_a_1436.csv"
"Awstriyanhun","tokens_a_1437.csv"
"awsud","tokens_a_1438.csv"
"awtburd","tokens_a_1439.csv"
"adilpa","tokens_a_144.csv"
"awting","tokens_a_1440.csv"
"awtlit","tokens_a_1441.csv"
"awtu","tokens_a_1442.csv"
"awtugrap","tokens_a_1443.csv"
"awtumátik, awtumatiku","tokens_a_1444.csv"
"awtumubil","tokens_a_1445.csv"
"awtunumíya","tokens_a_1446.csv"
"awtupsi, awtupsíya","tokens_a_1447.csv"
"awtur","tokens_a_1448.csv"
"awturidad","tokens_a_1449.csv"
"adimas","tokens_a_145.csv"
"awturisar","tokens_a_1450.csv"
"awturisasyun","tokens_a_1451.csv"
"awu-","tokens_a_1452.csv"
"áwug<sub>1</sub>","tokens_a_1453.csv"
"áwug<sub>2</sub>","tokens_a_1454.csv"
"áwuk","tokens_a_1455.csv"
"awuk-uk","tokens_a_1456.csv"
"awul","tokens_a_1457.csv"
"awumbak","tokens_a_1458.csv"
"áwut<sub>1</sub>","tokens_a_1459.csv"
"adingmasin","tokens_a_146.csv"
"áwut<sub>2</sub>","tokens_a_1460.csv"
"awutsayid","tokens_a_1461.csv"
"áwuy","tokens_a_1462.csv"
"awyan","tokens_a_1463.csv"
"ay<sub>1</sub>","tokens_a_1464.csv"
"ay<sub>2</sub>","tokens_a_1465.csv"
"ay<sub>3</sub>","tokens_a_1466.csv"
"ay<sub>4</sub>","tokens_a_1467.csv"
"-ay<sub>1</sub>","tokens_a_1468.csv"
"-ay<sub>2</sub>","tokens_a_1469.csv"
"adinúwid","tokens_a_147.csv"
"ayà","tokens_a_1470.csv"
"ayaan","tokens_a_1471.csv"
"ayáay","tokens_a_1472.csv"
"ayad<sub>1</sub>","tokens_a_1473.csv"
"ayad<sub>2</sub>","tokens_a_1474.csv"
"áyag","tokens_a_1475.csv"
"ayágak","tokens_a_1476.csv"
"áyam","tokens_a_1477.csv"
"ayang-ang","tokens_a_1478.csv"
"ay-ar payib","tokens_a_1479.csv"
"adisir, adísir","tokens_a_148.csv"
"ayaw","tokens_a_1480.csv"
"áyaw","tokens_a_1481.csv"
"ayawan","tokens_a_1482.csv"
"ayáwat","tokens_a_1483.csv"
"ayay","tokens_a_1484.csv"
"aybru","tokens_a_1485.csv"
"ayda","tokens_a_1486.csv"
"aydi","tokens_a_1487.csv"
"ayhà<sub>1</sub>","tokens_a_1488.csv"
"ayhà<sub>2</sub>","tokens_a_1489.csv"
"adiyus, adiyús","tokens_a_149.csv"
"<a id=""xd20e37240""></a>ayhab","tokens_a_1490.csv"
"ayis","tokens_a_1491.csv"
"ayis-ayis","tokens_a_1492.csv"
"ayri","tokens_a_1493.csv"
"ayruplánu","tokens_a_1494.csv"
"aysyid","tokens_a_1495.csv"
"ayta<sub>1</sub>","tokens_a_1496.csv"
"ayta<sub>2</sub>","tokens_a_1497.csv"
"áyu","tokens_a_1498.csv"
"ayù","tokens_a_1499.csv"
"abága","tokens_a_15.csv"
"adlaw","tokens_a_150.csv"
"ayúda","tokens_a_1500.csv"
"ayudi","tokens_a_1501.csv"
"áyum","tokens_a_1502.csv"
"ayun","tokens_a_1503.csv"
"áyun","tokens_a_1504.csv"
"*ayup","tokens_a_1505.csv"
"ayup-up","tokens_a_1506.csv"
"ayus","tokens_a_1507.csv"
"adlib<sub>2</sub>, adlip<sub>1</sub>","tokens_a_151.csv"
"adlip<sub>2</sub>","tokens_a_152.csv"
"adlù","tokens_a_153.csv"
"administradur","tokens_a_154.csv"
"administrasiyun","tokens_a_155.csv"
"administratíbu","tokens_a_156.csv"
"admirar","tokens_a_157.csv"
"admisiyun","tokens_a_158.csv"
"admitar","tokens_a_159.csv"
"*abáhu","tokens_a_16.csv"
"admitídu","tokens_a_160.csv"
"admitir","tokens_a_161.csv"
"adngan","tokens_a_162.csv"
"adpan","tokens_a_163.csv"
"adris","tokens_a_164.csv"
"adtu<sub>1</sub>","tokens_a_165.csv"
"adtu<sub>2</sub>","tokens_a_166.csv"
"adtut","tokens_a_167.csv"
"adubádu","tokens_a_168.csv"
"adubáwu<sub>1</sub>","tokens_a_169.csv"
"abaka","tokens_a_17.csv"
"adubáwu<sub>2</sub>","tokens_a_170.csv"
"adúbi","tokens_a_171.csv"
"adúbu","tokens_a_172.csv"
"adul","tokens_a_173.csv"
"*adult","tokens_a_174.csv"
"adultiryu","tokens_a_175.csv"
"ad-un","tokens_a_176.csv"
"adúna","tokens_a_177.csv"
"aduptǎr","tokens_a_178.csv"
"adurnu","tokens_a_179.csv"
"abakáda","tokens_a_18.csv"
"adwána","tokens_a_180.csv"
"*adyà","tokens_a_181.csv"
"adyaks","tokens_a_182.csv"
"adyas","tokens_a_183.csv"
"adyinda","tokens_a_184.csv"
"adyinumútu","tokens_a_185.csv"
"ag","tokens_a_186.csv"
"agaab","tokens_a_187.csv"
"agáak","tokens_a_188.csv"
"*agad","tokens_a_189.csv"
"abakal","tokens_a_19.csv"
"ágad","tokens_a_190.csv"
"agad-ad<sub>1</sub>","tokens_a_191.csv"
"agad-ad<sub>2</sub>","tokens_a_192.csv"
"ag-ag","tokens_a_193.csv"
"*agagang","tokens_a_194.csv"
"agáhad","tokens_a_195.csv"
"ágak","tokens_a_196.csv"
"agak-ak","tokens_a_197.csv"
"agálun","tokens_a_198.csv"
"agan-an","tokens_a_199.csv"
"-a(←)","tokens_a_2.csv"
"abal","tokens_a_20.csv"
"agáng","tokens_a_200.csv"
"agang-agang","tokens_a_201.csv"
"agap","tokens_a_202.csv"
"agápang","tokens_a_203.csv"
"agára","tokens_a_204.csv"
"agaray","tokens_a_205.csv"
"ágas","tokens_a_206.csv"
"agaw","tokens_a_207.csv"
"ágaw","tokens_a_208.csv"
"agáwun","tokens_a_209.csv"
"abalu","tokens_a_21.csv"
"agay","tokens_a_210.csv"
"ágay","tokens_a_211.csv"
"agay-ay<sub>1</sub>","tokens_a_212.csv"
"agbat","tokens_a_213.csv"
"agbáti","tokens_a_214.csv"
"agbaw","tokens_a_215.csv"
"agbay","tokens_a_216.csv"
"agbun","tokens_a_217.csv"
"agda","tokens_a_218.csv"
"agdul","tokens_a_219.csv"
"abalwasiyun","tokens_a_22.csv"
"agh","tokens_a_220.csv"
"aghad","tokens_a_221.csv"
"aghat","tokens_a_222.csv"
"aghud","tokens_a_223.csv"
"aghup","tokens_a_224.csv"
"aghuy<sub>1</sub>","tokens_a_225.csv"
"aghuy<sub>2</sub>","tokens_a_226.csv"
"agi","tokens_a_227.csv"
"ági","tokens_a_228.csv"
"ágid","tokens_a_229.csv"
"abandunar","tokens_a_23.csv"
"agigísing","tokens_a_230.csv"
"agíik","tokens_a_231.csv"
"agik-ik","tokens_a_232.csv"
"agil","tokens_a_233.csv"
"agila","tokens_a_234.csv"
"agímud","tokens_a_235.csv"
"*aginaldu","tokens_a_236.csv"
"agíngay","tokens_a_237.csv"
"aginsud","tokens_a_238.csv"
"agínud","tokens_a_239.csv"
"abandúnu","tokens_a_24.csv"
"agipu","tokens_a_240.csv"
"agiri","tokens_a_241.csv"
"agis-is","tokens_a_242.csv"
"agit-it<sub>1</sub>","tokens_a_243.csv"
"agit-it<sub>2</sub>","tokens_a_244.csv"
"agítung","tokens_a_245.csv"
"ágiw","tokens_a_246.csv"
"agkut","tokens_a_247.csv"
"aglidulsi","tokens_a_248.csv"
"aglípay, aglipayánu","tokens_a_249.csv"
"ábang","tokens_a_25.csv"
"agmang","tokens_a_250.csv"
"agmud","tokens_a_251.csv"
"agngan","tokens_a_252.csv"
"agni","tokens_a_253.csv"
"agnus","tokens_a_254.csv"
"agpan","tokens_a_255.csv"
"agpang","tokens_a_256.csv"
"agpas","tokens_a_257.csv"
"agrabiyar","tokens_a_258.csv"
"agrabyádu","tokens_a_259.csv"
"abangan<span class=""corr"" id=""xd20e5164"" title=""Not in source""><sub>2</sub></span>","tokens_a_26.csv"
"agrabyu","tokens_a_260.csv"
"agri, agridulsi","tokens_a_261.csv"
"agrigáwu","tokens_a_262.csv"
"agrikultúra","tokens_a_263.csv"
"agriminsur","tokens_a_264.csv"
"agrísib","tokens_a_265.csv"
"agrisíba","tokens_a_266.csv"
"agrisíbu","tokens_a_267.csv"
"agsa<sub>1</sub>","tokens_a_268.csv"
"agsa<sub>2</sub>","tokens_a_269.csv"
"abánid","tokens_a_27.csv"
"agsing","tokens_a_270.csv"
"agtà","tokens_a_271.csv"
"agtang","tokens_a_272.csv"
"agtì","tokens_a_273.csv"
"agú","tokens_a_274.csv"
"Agu.","tokens_a_275.csv"
"agū̀","tokens_a_276.csv"
"agubhub","tokens_a_277.csv"
"agub-ub<sub>1</sub>","tokens_a_278.csv"
"agub-ub<sub>2</sub>","tokens_a_279.csv"
"abaníku","tokens_a_28.csv"
"agud","tokens_a_280.csv"
"agúha","tokens_a_281.csv"
"aguhilya","tokens_a_282.csv"
"agúhù","tokens_a_283.csv"
"aguk-uk","tokens_a_284.csv"
"agúkuy","tokens_a_285.csv"
"agul","tokens_a_286.csv"
"agulang","tokens_a_287.csv"
"agúlù","tokens_a_288.csv"
"agum","tokens_a_289.csv"
"abansáda","tokens_a_29.csv"
"águm","tokens_a_290.csv"
"agumáa","tokens_a_291.csv"
"agúmud","tokens_a_292.csv"
"agum-um","tokens_a_293.csv"
"águng","tokens_a_294.csv"
"agúngal","tokens_a_295.csv"
"agung-ung<sub>1</sub>","tokens_a_296.csv"
"agung-ung<sub>2</sub>","tokens_a_297.csv"
"agúnguy","tokens_a_298.csv"
"aguníyas","tokens_a_299.csv"
"á","tokens_a_3.csv"
"*abansi","tokens_a_30.csv"
"aguntù","tokens_a_300.csv"
"agup-up","tokens_a_301.csv"
"aguruy","tokens_a_302.csv"
"águs","tokens_a_303.csv"
"agusahis","tokens_a_304.csv"
"Agustu","tokens_a_305.csv"
"agus-us","tokens_a_306.csv"
"agut","tokens_a_307.csv"
"agút","tokens_a_308.csv"
"agútay","tokens_a_309.csv"
"abansin","tokens_a_31.csv"
"aguting","tokens_a_310.csv"
"agutíut","tokens_a_311.csv"
"agutnga","tokens_a_312.csv"
"agut-ut<sub>1</sub>","tokens_a_313.csv"
"agut-ut<sub>2</sub>","tokens_a_314.csv"
"agut-ut<sub>3</sub>","tokens_a_315.csv"
"agúut","tokens_a_316.csv"
"aguy","tokens_a_317.csv"
"aguyangyang<sub>1</sub>","tokens_a_318.csv"
"aguyangyang<sub>2</sub>","tokens_a_319.csv"
"abanti","tokens_a_32.csv"
"agwa","tokens_a_320.csv"
"agwáda","tokens_a_321.csv"
"agwádu","tokens_a_322.csv"
"agwadur","tokens_a_323.csv"
"agwanta","tokens_a_324.csv"
"agwardiyinti","tokens_a_325.csv"
"agwas","tokens_a_326.csv"
"agwasil","tokens_a_327.csv"
"agwásun","tokens_a_328.csv"
"ah","tokens_a_329.csv"
"abánu","tokens_a_33.csv"
"aha","tokens_a_330.csv"
"aháan","tokens_a_331.csv"
"áhag","tokens_a_332.csv"
"áhak","tokens_a_333.csv"
"áhas<sub>1</sub>","tokens_a_334.csv"
"áhas<sub>2</sub>","tokens_a_335.csv"
"ahat","tokens_a_336.csv"
"ahaw","tokens_a_337.csv"
"ahay","tokens_a_338.csv"
"ahidris","tokens_a_339.csv"
"abat","tokens_a_34.csv"
"ahinghu","tokens_a_340.csv"
"ahinsiya","tokens_a_341.csv"
"ahinti","tokens_a_342.csv"
"ahítu","tokens_a_343.csv"
"áhù","tokens_a_344.csv"
"áhug","tokens_a_345.csv"
"áhus","tokens_a_346.csv"
"ak","tokens_a_347.csv"
"akáak","tokens_a_348.csv"
"ákab","tokens_a_349.csv"
"ábat<sub>1</sub>","tokens_a_35.csv"
"akadimíya","tokens_a_350.csv"
"ak-ak","tokens_a_351.csv"
"ákal","tokens_a_352.csv"
"akasya","tokens_a_353.csv"
"akata, akatar","tokens_a_354.csv"
"akawntant","tokens_a_355.csv"
"akba","tokens_a_356.csv"
"akbay","tokens_a_357.csv"
"akbù","tokens_a_358.csv"
"akhab","tokens_a_359.csv"
"ábat<sub>2</sub>","tokens_a_36.csv"
"akin","tokens_a_360.csv"
"akip","tokens_a_361.csv"
"aklas","tokens_a_362.csv"
"akmù","tokens_a_363.csv"
"akni","tokens_a_364.csv"
"aknit","tokens_a_365.csv"
"aksì","tokens_a_366.csv"
"aksidinti","tokens_a_367.csv"
"aksidu","tokens_a_368.csv"
"aksintu","tokens_a_369.csv"
"abay","tokens_a_37.csv"
"aksiyun","tokens_a_370.csv"
"aksul","tokens_a_371.csv"
"akta","tokens_a_372.csv"
"aktibidádis","tokens_a_373.csv"
"aktibista","tokens_a_374.csv"
"aktíbu","tokens_a_375.csv"
"akting","tokens_a_376.csv"
"aktitud","tokens_a_377.csv"
"aktris","tokens_a_378.csv"
"aktu","tokens_a_379.csv"
"abgaw","tokens_a_38.csv"
"aktur","tokens_a_380.csv"
"aktuwal","tokens_a_381.csv"
"aku","tokens_a_382.csv"
"áku","tokens_a_383.csv"
"akub","tokens_a_384.csv"
"ákud<sub>1</sub>","tokens_a_385.csv"
"ákud<sub>2</sub>","tokens_a_386.csv"
"akúdi","tokens_a_387.csv"
"akulitu","tokens_a_388.csv"
"akumpaniing","tokens_a_389.csv"
"abhak","tokens_a_39.csv"
"akumpaniyamintu","tokens_a_390.csv"
"akumpaniyar","tokens_a_391.csv"
"akumplísi","tokens_a_392.csv"
"akup-akup","tokens_a_393.csv"
"akurdiyun","tokens_a_394.csv"
"akusádu","tokens_a_395.csv"
"akusar","tokens_a_396.csv"
"akwaryum","tokens_a_397.csv"
"akwintans","tokens_a_398.csv"
"akyut","tokens_a_399.csv"
"à","tokens_a_4.csv"
"abhul","tokens_a_40.csv"
"*ala","tokens_a_400.csv"
"ála","tokens_a_401.csv"
"alà","tokens_a_402.csv"
"álà","tokens_a_403.csv"
"alabádu","tokens_a_404.csv"
"alabanit","tokens_a_405.csv"
"alabíhid","tokens_a_406.csv"
"alabútun","tokens_a_407.csv"
"álad","tokens_a_408.csv"
"alagad","tokens_a_409.csv"
"abhung","tokens_a_41.csv"
"alágad","tokens_a_410.csv"
"alag-ag","tokens_a_411.csv"
"alagási","tokens_a_412.csv"
"alagaw","tokens_a_413.csv"
"alagay","tokens_a_414.csv"
"alagbáti","tokens_a_415.csv"
"alagbay","tokens_a_416.csv"
"alagúbay","tokens_a_417.csv"
"alagúkuy","tokens_a_418.csv"
"aláhas","tokens_a_419.csv"
"abi","tokens_a_42.csv"
"alahíru","tokens_a_420.csv"
"álak","tokens_a_421.csv"
"alakáak","tokens_a_422.csv"
"alakri","tokens_a_423.csv"
"alaksiw","tokens_a_424.csv"
"al-al<sub>1</sub>","tokens_a_425.csv"
"al-al<sub>2</sub>","tokens_a_426.csv"
"alálay","tokens_a_427.csv"
"*álam","tokens_a_428.csv"
"alámag","tokens_a_429.csv"
"ábi","tokens_a_43.csv"
"alam-álam","tokens_a_430.csv"
"alambíhid, alambíhud","tokens_a_431.csv"
"alambri<sub>1</sub>","tokens_a_432.csv"
"alambri<sub>2</sub>","tokens_a_433.csv"
"alambrilyu","tokens_a_434.csv"
"alambríru","tokens_a_435.csv"
"alampad","tokens_a_436.csv"
"alampat","tokens_a_437.csv"
"álan","tokens_a_438.csv"
"álang","tokens_a_439.csv"
"abiábi","tokens_a_44.csv"
"alangáang","tokens_a_440.csv"
"alang-álang","tokens_a_441.csv"
"alangíing","tokens_a_442.csv"
"alangílan","tokens_a_443.csv"
"alangísig","tokens_a_444.csv"
"alangitngit","tokens_a_445.csv"
"alangsúhan","tokens_a_446.csv"
"alapáhap","tokens_a_447.csv"
"alap-alap","tokens_a_448.csv"
"alap-ap","tokens_a_449.csv"
"abíba, abibar","tokens_a_45.csv"
"alarma","tokens_a_450.csv"
"aláru","tokens_a_451.csv"
"*alas<sub>1</sub>","tokens_a_452.csv"
"alas<sub>2</sub>","tokens_a_453.csv"
"alasan","tokens_a_454.csv"
"alas dúsi","tokens_a_455.csv"
"alasíman","tokens_a_456.csv"
"alasiwsiw","tokens_a_457.csv"
"alas kwatru","tokens_a_458.csv"
"alas utsu","tokens_a_459.csv"
"abíhid","tokens_a_46.csv"
"alasúus","tokens_a_460.csv"
"alat","tokens_a_461.csv"
"álat<sub>1</sub>","tokens_a_462.csv"
"álat<sub>2</sub>","tokens_a_463.csv"
"alatan","tokens_a_464.csv"
"aláut","tokens_a_465.csv"
"alaw","tokens_a_466.csv"
"álaw","tokens_a_467.csv"
"aláwans","tokens_a_468.csv"
"alawíhaw","tokens_a_469.csv"
"abilay","tokens_a_47.csv"
"alawiswis","tokens_a_470.csv"
"aláyun","tokens_a_471.csv"
"alayupiyup","tokens_a_472.csv"
"alba","tokens_a_473.csv"
"albaháka","tokens_a_474.csv"
"albangku","tokens_a_475.csv"
"albáti","tokens_a_476.csv"
"albínu","tokens_a_477.csv"
"albularyu","tokens_a_478.csv"
"album","tokens_a_479.csv"
"abilidad","tokens_a_48.csv"
"algudun","tokens_a_480.csv"
"alguwasil","tokens_a_481.csv"
"alhíbi","tokens_a_482.csv"
"alhu","tokens_a_483.csv"
"áli","tokens_a_484.csv"
"*alibagbag","tokens_a_485.csv"
"alibangbang","tokens_a_486.csv"
"alibángu","tokens_a_487.csv"
"alibay<sub>1</sub>","tokens_a_488.csv"
"alibhat","tokens_a_489.csv"
"abilyána","tokens_a_49.csv"
"alíbi","tokens_a_490.csv"
"alibusbus","tokens_a_491.csv"
"alibwag","tokens_a_492.csv"
"alibyu","tokens_a_493.csv"
"alid-an, alid-i","tokens_a_494.csv"
"alig-alig","tokens_a_495.csv"
"aligasiyun","tokens_a_496.csv"
"aligatu","tokens_a_497.csv"
"aligáya","tokens_a_498.csv"
"aligi","tokens_a_499.csv"
"ā̀","tokens_a_5.csv"
"ábin","tokens_a_50.csv"
"alig-ig","tokens_a_500.csv"
"aligri","tokens_a_501.csv"
"aliguríya","tokens_a_502.csv"
"aligutgut<sub>1</sub>","tokens_a_503.csv"
"aligutgut<sub>2</sub>","tokens_a_504.csv"
"alihid","tokens_a_505.csv"
"alíid","tokens_a_506.csv"
"alikabu","tokens_a_507.csv"
"alikási","tokens_a_508.csv"
"alikáti","tokens_a_509.csv"
"abintúra","tokens_a_51.csv"
"alikáti sa múrus","tokens_a_510.csv"
"alikúmù","tokens_a_511.csv"
"alikún","tokens_a_512.csv"
"alikway","tokens_a_513.csv"
"alíli","tokens_a_514.csv"
"alíling","tokens_a_515.csv"
"alílis","tokens_a_516.csv"
"alilúya","tokens_a_517.csv"
"alilúyuk","tokens_a_518.csv"
"álim<sub>1</sub>","tokens_a_519.csv"
"abinturar","tokens_a_52.csv"
"álim<sub>2</sub>","tokens_a_520.csv"
"alíma","tokens_a_521.csv"
"alimadmad","tokens_a_522.csv"
"aliman","tokens_a_523.csv"
"alimángu","tokens_a_524.csv"
"Alimanya","tokens_a_525.csv"
"alimása","tokens_a_526.csv"
"alimásag","tokens_a_527.csv"
"alimatmat","tokens_a_528.csv"
"alimátuk","tokens_a_529.csv"
"abir","tokens_a_53.csv"
"alimbrilyu","tokens_a_530.csv"
"alimbúkad","tokens_a_531.csv"
"alimgas","tokens_a_532.csv"
"alimgat","tokens_a_533.csv"
"alimpatakan","tokens_a_534.csv"
"alimpúlu","tokens_a_535.csv"
"alimpúlus","tokens_a_536.csv"
"alimpuyang","tokens_a_537.csv"
"alimpuyas","tokens_a_538.csv"
"alimpuying","tokens_a_539.csv"
"abirids","tokens_a_54.csv"
"alimugmug","tokens_a_540.csv"
"alimúkaw","tokens_a_541.csv"
"alimúkun","tokens_a_542.csv"
"alimúngaw","tokens_a_543.csv"
"alimungáwung","tokens_a_544.csv"
"alimúsan","tokens_a_545.csv"
"alimúut","tokens_a_546.csv"
"alimyun","tokens_a_547.csv"
"alindáhaw","tokens_a_548.csv"
"alindánaw","tokens_a_549.csv"
"abiríya","tokens_a_55.csv"
"alindánga","tokens_a_550.csv"
"alindángay","tokens_a_551.csv"
"alindasay","tokens_a_552.csv"
"alinga","tokens_a_553.csv"
"alingabngab","tokens_a_554.csv"
"alingagngag","tokens_a_555.csv"
"alingása<sub>1</sub>","tokens_a_556.csv"
"alingása<sub>2</sub>","tokens_a_557.csv"
"alingásu","tokens_a_558.csv"
"*alingawngaw<sub>1</sub>","tokens_a_559.csv"
"abirtu","tokens_a_56.csv"
"alingawngaw<sub>2</sub>","tokens_a_560.csv"
"alinggánay","tokens_a_561.csv"
"alinggat","tokens_a_562.csv"
"alingíing","tokens_a_563.csv"
"alingísi","tokens_a_564.csv"
"alingísig","tokens_a_565.csv"
"alingisngis","tokens_a_566.csv"
"alingit","tokens_a_567.csv"
"alingiting","tokens_a_568.csv"
"alingkawas","tokens_a_569.csv"
"abis","tokens_a_57.csv"
"alingugngug","tokens_a_570.csv"
"alinsúub","tokens_a_571.csv"
"alintabu","tokens_a_572.csv"
"alinupung","tokens_a_573.csv"
"alipadnu","tokens_a_574.csv"
"alipadsay","tokens_a_575.csv"
"alipanti","tokens_a_576.csv"
"alipasa","tokens_a_577.csv"
"alipáta, alipátà","tokens_a_578.csv"
"alipatpat","tokens_a_579.csv"
"abísu","tokens_a_58.csv"
"alip-ip<sub>1</sub>","tokens_a_580.csv"
"alip-ip<sub>2</sub>","tokens_a_581.csv"
"alipúlu","tokens_a_582.csv"
"alipúlung","tokens_a_583.csv"
"alipunga, alipungà","tokens_a_584.csv"
"alipúnga<sub>1</sub>","tokens_a_585.csv"
"alipúnga<sub>2</sub>","tokens_a_586.csv"
"aliputu, alipútu","tokens_a_587.csv"
"alíraw","tokens_a_588.csv"
"alirdyik","tokens_a_589.csv"
"abitsuylas","tokens_a_59.csv"
"alírung","tokens_a_590.csv"
"alisbu","tokens_a_591.csv"
"alisbung","tokens_a_592.csv"
"alisdan, alisdi","tokens_a_593.csv"
"alisiwsiw","tokens_a_594.csv"
"alisngaw","tokens_a_595.csv"
"alistu","tokens_a_596.csv"
"alisuksuk","tokens_a_597.csv"
"alitundan","tokens_a_598.csv"
"aliwálang","tokens_a_599.csv"
"aba<sub>1</sub>","tokens_a_6.csv"
"abitu","tokens_a_60.csv"
"aliwarus","tokens_a_600.csv"
"aliwárus","tokens_a_601.csv"
"alíwas","tokens_a_602.csv"
"aliwasa, aliwása","tokens_a_603.csv"
"aliyupyup","tokens_a_604.csv"
"alkabála","tokens_a_605.csv"
"alkaldi","tokens_a_606.csv"
"alkampur","tokens_a_607.csv"
"alkansi","tokens_a_608.csv"
"alkansíya","tokens_a_609.csv"
"abíyu","tokens_a_61.csv"
"alkaydi","tokens_a_610.csv"
"alkila","tokens_a_611.csv"
"alkitran","tokens_a_612.csv"
"alkúba","tokens_a_613.csv"
"alkuhíris","tokens_a_614.csv"
"alkuhul","tokens_a_615.csv"
"alkumbra","tokens_a_616.csv"
"alkuntra","tokens_a_617.csv"
"almagri","tokens_a_618.csv"
"almamátir","tokens_a_619.csv"
"abiyun","tokens_a_62.csv"
"almanáki","tokens_a_620.csv"
"almasíga","tokens_a_621.csv"
"almasin","tokens_a_622.csv"
"almindras","tokens_a_623.csv"
"almiranti","tokens_a_624.csv"
"almiris","tokens_a_625.csv"
"almirul","tokens_a_626.csv"
"almismutyimpu","tokens_a_627.csv"
"almuháda","tokens_a_628.csv"
"almuhadun","tokens_a_629.csv"
"abkay","tokens_a_63.csv"
"almundigas","tokens_a_630.csv"
"almunída","tokens_a_631.csv"
"almuránas","tokens_a_632.csv"
"alpa","tokens_a_633.csv"
"alpabitayis","tokens_a_634.csv"
"alpáka","tokens_a_635.csv"
"alpalpa","tokens_a_636.csv"
"alpilir","tokens_a_637.csv"
"alpiril, alpirin","tokens_a_638.csv"
"alpirisíya","tokens_a_639.csv"
"abla","tokens_a_64.csv"
"alpumbra","tokens_a_640.csv"
"alpunsínu","tokens_a_641.csv"
"alput","tokens_a_642.csv"
"alsa","tokens_a_643.csv"
"*alta","tokens_a_644.csv"
"altar","tokens_a_645.csv"
"altu<sub>1</sub>","tokens_a_646.csv"
"altu<sub>2</sub>","tokens_a_647.csv"
"*alu","tokens_a_648.csv"
"álù","tokens_a_649.csv"
"abládu","tokens_a_65.csv"
"alubíhid","tokens_a_650.csv"
"alud-ud","tokens_a_651.csv"
"alug","tokens_a_652.csv"
"alugbáti","tokens_a_653.csv"
"alug-ug","tokens_a_654.csv"
"aluhánay","tokens_a_655.csv"
"aluhípan","tokens_a_656.csv"
"alukaba","tokens_a_657.csv"
"alukabhang","tokens_a_658.csv"
"alúla","tokens_a_659.csv"
"ablása","tokens_a_66.csv"
"alum","tokens_a_660.csv"
"álum","tokens_a_661.csv"
"aluminum","tokens_a_662.csv"
"alumínus","tokens_a_663.csv"
"alumnus","tokens_a_664.csv"
"alum-um","tokens_a_665.csv"
"álun","tokens_a_666.csv"
"alundris<sub>1</sub>","tokens_a_667.csv"
"alundris<sub>2</sub>","tokens_a_668.csv"
"álung<sub>1</sub>","tokens_a_669.csv"
"abli","tokens_a_67.csv"
"álung<sub>2</sub>","tokens_a_670.csv"
"alungáing","tokens_a_671.csv"
"alungaug","tokens_a_672.csv"
"alungnan","tokens_a_673.csv"
"álup","tokens_a_674.csv"
"alupaup","tokens_a_675.csv"
"alupì","tokens_a_676.csv"
"alup-up, alupuup","tokens_a_677.csv"
"*álus","tokens_a_678.csv"
"alusíman","tokens_a_679.csv"
"Abr.","tokens_a_68.csv"
"alut","tokens_a_680.csv"
"aluwíhaw","tokens_a_681.csv"
"aluy<sub>1</sub>","tokens_a_682.csv"
"aluy<sub>2</sub>","tokens_a_683.csv"
"áluy","tokens_a_684.csv"
"aluyan","tokens_a_685.csv"
"alúyuk","tokens_a_686.csv"
"alyádu","tokens_a_687.csv"
"alyádus","tokens_a_688.csv"
"alyansa","tokens_a_689.csv"
"abrap","tokens_a_69.csv"
"alyas","tokens_a_690.csv"
"alyin","tokens_a_691.csv"
"*ama","tokens_a_692.csv"
"amá","tokens_a_693.csv"
"ámag","tokens_a_694.csv"
"amaga","tokens_a_695.csv"
"amag-amag","tokens_a_696.csv"
"amagan","tokens_a_697.csv"
"amagus","tokens_a_698.csv"
"amágus","tokens_a_699.csv"
"aba<sub>2</sub>","tokens_a_7.csv"
"abrása","tokens_a_70.csv"
"amahan","tokens_a_700.csv"
"amahung","tokens_a_701.csv"
"amákan","tokens_a_702.csv"
"am-am","tokens_a_703.csv"
"am-ám","tokens_a_704.csv"
"amamahung","tokens_a_705.csv"
"amamakul","tokens_a_706.csv"
"amamaliw","tokens_a_707.csv"
"amamangkas","tokens_a_708.csv"
"amamangluy","tokens_a_709.csv"
"abrasadur","tokens_a_71.csv"
"amamangpang","tokens_a_710.csv"
"amamaylan","tokens_a_711.csv"
"amang","tokens_a_712.csv"
"amang-amang","tokens_a_713.csv"
"amangtan","tokens_a_714.csv"
"*amanti","tokens_a_715.csv"
"amánus","tokens_a_716.csv"
"amapúlun","tokens_a_717.csv"
"amapúng","tokens_a_718.csv"
"amargúsu","tokens_a_719.csv"
"abrasíti","tokens_a_72.csv"
"amarilyu","tokens_a_720.csv"
"amaspas","tokens_a_721.csv"
"amasúna","tokens_a_722.csv"
"amat","tokens_a_723.csv"
"ámat","tokens_a_724.csv"
"amátung","tokens_a_725.csv"
"amatyur","tokens_a_726.csv"
"amáun","tokens_a_727.csv"
"amaw","tokens_a_728.csv"
"ámay","tokens_a_729.csv"
"abrasyíti","tokens_a_73.csv"
"amáyung","tokens_a_730.csv"
"ambà","tokens_a_731.csv"
"ambáhan","tokens_a_732.csv"
"ambak<sub>1</sub>","tokens_a_733.csv"
"ambak<sub>2</sub>","tokens_a_734.csv"
"ambak-ambak<span class=""corr"" id=""xd20e20381"" title=""Not in source""><sub>2</sub></span>","tokens_a_735.csv"
"ambalang","tokens_a_736.csv"
"ambáng","tokens_a_737.csv"
"ambangul","tokens_a_738.csv"
"ambas","tokens_a_739.csv"
"abri<sub>1</sub>","tokens_a_74.csv"
"ambaw","tokens_a_740.csv"
"ambi","tokens_a_741.csv"
"ambid, ambig","tokens_a_742.csv"
"ambihas, ambíhas","tokens_a_743.csv"
"ambilay","tokens_a_744.csv"
"ambir","tokens_a_745.csv"
"ambisiyun","tokens_a_746.csv"
"ambisyúsu","tokens_a_747.csv"
"ambit","tokens_a_748.csv"
"ambù","tokens_a_749.csv"
"abri<sub>2</sub>","tokens_a_75.csv"
"ambug","tokens_a_750.csv"
"ambúhut","tokens_a_751.csv"
"ambulansiya","tokens_a_752.csv"
"*ambung<sub>1</sub>","tokens_a_753.csv"
"*ambung<sub>2</sub>","tokens_a_754.csv"
"ambus","tokens_a_755.csv"
"ambut","tokens_a_756.csv"
"ambuy<sub>1</sub>","tokens_a_757.csv"
"ambuy<sub>2</sub>","tokens_a_758.csv"
"amgid","tokens_a_759.csv"
"abrigána","tokens_a_76.csv"
"amgu","tokens_a_760.csv"
"amíga","tokens_a_761.csv"
"amígas","tokens_a_762.csv"
"amígu","tokens_a_763.csv"
"amíhan","tokens_a_764.csv"
"amimihid, amimihig","tokens_a_765.csv"
"amimislun","tokens_a_766.csv"
"amimitas","tokens_a_767.csv"
"amin","tokens_a_768.csv"
"amindar","tokens_a_769.csv"
"abrigáwu","tokens_a_77.csv"
"Amirika","tokens_a_770.csv"
"Amirikána","tokens_a_771.csv"
"amirikanayis","tokens_a_772.csv"
"Amirikánu","tokens_a_773.csv"
"amirul","tokens_a_774.csv"
"amistad","tokens_a_775.csv"
"amitu","tokens_a_776.csv"
"ampa","tokens_a_777.csv"
"ampad","tokens_a_778.csv"
"ampáhan","tokens_a_779.csv"
"abrígu","tokens_a_78.csv"
"ampaláya","tokens_a_780.csv"
"ampapángig","tokens_a_781.csv"
"ampara","tokens_a_782.csv"
"ampaw","tokens_a_783.csv"
"ampay","tokens_a_784.csv"
"ampáyir","tokens_a_785.csv"
"amping","tokens_a_786.csv"
"ampityatru","tokens_a_787.csv"
"ampiyun<sub>1</sub>","tokens_a_788.csv"
"ampiyun<sub>2</sub>","tokens_a_789.csv"
"Abril","tokens_a_79.csv"
"ampli","tokens_a_790.csv"
"amplipáyir","tokens_a_791.csv"
"ampù","tokens_a_792.csv"
"ampúngul","tokens_a_793.csv"
"amu","tokens_a_794.csv"
"ámu","tokens_a_795.csv"
"amù","tokens_a_796.csv"
"ámù","tokens_a_797.csv"
"amul","tokens_a_798.csv"
"amúma","tokens_a_799.csv"
"ábà tuy","tokens_a_8.csv"
"abriláta","tokens_a_80.csv"
"*amumun","tokens_a_800.csv"
"amumúng","tokens_a_801.csv"
"amumunggut","tokens_a_802.csv"
"amumungpung","tokens_a_803.csv"
"amumuntag","tokens_a_804.csv"
"amung","tokens_a_805.csv"
"amunistal","tokens_a_806.csv"
"amur","tokens_a_807.csv"
"amurádu","tokens_a_808.csv"
"amural","tokens_a_809.csv"
"absin","tokens_a_81.csv"
"amur sikrítu","tokens_a_810.csv"
"amursíku","tokens_a_811.csv"
"amurtisasiyun","tokens_a_812.csv"
"amurúsu","tokens_a_813.csv"
"ámut","tokens_a_814.csv"
"amúti","tokens_a_815.csv"
"ámuy<sub>1</sub>","tokens_a_816.csv"
"ámuy<sub>2</sub>","tokens_a_817.csv"
"amyun","tokens_a_818.csv"
"-an<sub>1</sub>","tokens_a_819.csv"
"absinus","tokens_a_82.csv"
"-an<sub>2</sub>","tokens_a_820.csv"
"-an<sub>3</sub>","tokens_a_821.csv"
"-an<sub>4</sub>","tokens_a_822.csv"
"-an(→)","tokens_a_823.csv"
"-an-","tokens_a_824.csv"
"anā̀","tokens_a_825.csv"
"ánà","tokens_a_826.csv"
"anáa","tokens_a_827.csv"
"ánab","tokens_a_828.csv"
"anabu","tokens_a_829.csv"
"absulusiyun","tokens_a_83.csv"
"anabyung","tokens_a_830.csv"
"ánad","tokens_a_831.csv"
"ánag","tokens_a_832.csv"
"anagási","tokens_a_833.csv"
"anagu, anágu","tokens_a_834.csv"
"anahà","tokens_a_835.csv"
"anáhaw","tokens_a_836.csv"
"anak","tokens_a_837.csv"
"anam","tokens_a_838.csv"
"-anan<sub>1</sub>","tokens_a_839.csv"
"absuwiltu","tokens_a_84.csv"
"-anan<sub>2</sub>(→)","tokens_a_840.csv"
"an-an","tokens_a_841.csv"
"ananaklaw","tokens_a_842.csv"
"ananakyud","tokens_a_843.csv"
"ananamsi","tokens_a_844.csv"
"anananggal","tokens_a_845.csv"
"ananangkil","tokens_a_846.csv"
"anapug","tokens_a_847.csv"
"ánas","tokens_a_848.csv"
"ánaw<sub>1</sub>","tokens_a_849.csv"
"abtik","tokens_a_85.csv"
"ánaw<sub>2</sub>","tokens_a_850.csv"
"anawnsir","tokens_a_851.csv"
"anay<sub>1</sub>","tokens_a_852.csv"
"anay<sub>2</sub>","tokens_a_853.csv"
"ánay<sub>1</sub>","tokens_a_854.csv"
"ánay<sub>2</sub>","tokens_a_855.csv"
"-anay","tokens_a_856.csv"
"anay-anay","tokens_a_857.csv"
"anda<sub>1</sub>","tokens_a_858.csv"
"anda<sub>2</sub>","tokens_a_859.csv"
"abtung","tokens_a_86.csv"
"andadur","tokens_a_860.csv"
"*andak","tokens_a_861.csv"
"andam","tokens_a_862.csv"
"andamyu","tokens_a_863.csv"
"andána","tokens_a_864.csv"
"andar","tokens_a_865.csv"
"andarul","tokens_a_866.csv"
"andas","tokens_a_867.csv"
"*andaw","tokens_a_868.csv"
"andáyag","tokens_a_869.csv"
"abu","tokens_a_87.csv"
"andáyun","tokens_a_870.csv"
"anding","tokens_a_871.csv"
"andir","tokens_a_872.csv"
"andu, andù<sub>1</sub>","tokens_a_873.csv"
"andù<sub>2</sub>","tokens_a_874.csv"
"andù<sub>3</sub>","tokens_a_875.csv"
"andúhaw","tokens_a_876.csv"
"andúhay","tokens_a_877.csv"
"ang","tokens_a_878.csv"
"ánga<sub>1</sub>","tokens_a_879.csv"
"abuábu","tokens_a_88.csv"
"ánga<sub>2</sub>","tokens_a_880.csv"
"angáang","tokens_a_881.csv"
"ángal","tokens_a_882.csv"
"angalaskálas","tokens_a_883.csv"
"angan-ángan","tokens_a_884.csv"
"ang-ang","tokens_a_885.csv"
"angat<sub>1</sub>","tokens_a_886.csv"
"*angat<sub>2</sub>","tokens_a_887.csv"
"ángat","tokens_a_888.csv"
"ángay","tokens_a_889.csv"
"*abubhu","tokens_a_89.csv"
"angdù","tokens_a_890.csv"
"anggà","tokens_a_891.csv"
"anggal","tokens_a_892.csv"
"anggid","tokens_a_893.csv"
"angguy","tokens_a_894.csv"
"anghal","tokens_a_895.csv"
"anghaw","tokens_a_896.csv"
"anghil","tokens_a_897.csv"
"anghilika","tokens_a_898.csv"
"anghinghu","tokens_a_899.csv"
"abaa","tokens_a_9.csv"
"abud, ábud<sub>1</sub>","tokens_a_90.csv"
"anghit","tokens_a_900.csv"
"angíing","tokens_a_901.csv"
"angílan","tokens_a_902.csv"
"ángin","tokens_a_903.csv"
"angitngit","tokens_a_904.csv"
"angka","tokens_a_905.csv"
"angkab","tokens_a_906.csv"
"angkas","tokens_a_907.csv"
"angkat","tokens_a_908.csv"
"angkla","tokens_a_909.csv"
"ábud<sub>2</sub>","tokens_a_91.csv"
"angkub","tokens_a_910.csv"
"angkun","tokens_a_911.csv"
"anglit","tokens_a_912.csv"
"angsu","tokens_a_913.csv"
"angsud","tokens_a_914.csv"
"angtad","tokens_a_915.csv"
"angtud","tokens_a_916.csv"
"anguangu","tokens_a_917.csv"
"angul, ángul","tokens_a_918.csv"
"angulunkulun","tokens_a_919.csv"
"ábud<sub>3</sub>","tokens_a_92.csv"
"angus","tokens_a_920.csv"
"angut, ángut<sub>1</sub>","tokens_a_921.csv"
"ángut<sub>2</sub>","tokens_a_922.csv"
"anhà","tokens_a_923.csv"
"anhi","tokens_a_924.csv"
"anhin, anhing","tokens_a_925.csv"
"anhuy","tokens_a_926.csv"
"áni","tokens_a_927.csv"
"anía","tokens_a_928.csv"
"aniag","tokens_a_929.csv"
"abug<sub>1</sub>","tokens_a_93.csv"
"ánib<sub>1</sub>","tokens_a_930.csv"
"*ánib<sub>2</sub>","tokens_a_931.csv"
"aníbal","tokens_a_932.csv"
"anibirsaryu","tokens_a_933.csv"
"aníbung","tokens_a_934.csv"
"anig-ig","tokens_a_935.csv"
"aníhag","tokens_a_936.csv"
"anii","tokens_a_937.csv"
"anikad","tokens_a_938.csv"
"anílaw","tokens_a_939.csv"
"*abug<sub>2</sub>","tokens_a_94.csv"
"anilyu","tokens_a_940.csv"
"animal","tokens_a_941.csv"
"animar","tokens_a_942.csv"
"animas","tokens_a_943.csv"
"animasiyun","tokens_a_944.csv"
"anímik, animiku","tokens_a_945.csv"
"animu","tokens_a_946.csv"
"animya","tokens_a_947.csv"
"anínag","tokens_a_948.csv"
"anínaw","tokens_a_949.csv"
"ábug<sub>1</sub>","tokens_a_95.csv"
"anindut","tokens_a_950.csv"
"aninikad","tokens_a_951.csv"
"aniningsing","tokens_a_952.csv"
"aniníput","tokens_a_953.csv"
"anínu","tokens_a_954.csv"
"anipay","tokens_a_955.csv"
"anis","tokens_a_956.csv"
"ánis, ánist","tokens_a_957.csv"
"anis-is","tokens_a_958.csv"
"anislag","tokens_a_959.csv"
"ábug<sub>2</sub>","tokens_a_96.csv"
"anistisya","tokens_a_960.csv"
"ánit","tokens_a_961.csv"
"anítu","tokens_a_962.csv"
"aníyu","tokens_a_963.csv"
"anlit","tokens_a_964.csv"
"ansir","tokens_a_965.csv"
"*ansiyánu","tokens_a_966.csv"
"ansu","tokens_a_967.csv"
"ansuy","tokens_a_968.csv"
"antad","tokens_a_969.csv"
"abugáda","tokens_a_97.csv"
"antagunismu","tokens_a_970.csv"
"antáhay","tokens_a_971.csv"
"antak","tokens_a_972.csv"
"antaw","tokens_a_973.csv"
"anti<sub>1</sub>","tokens_a_974.csv"
"anti-<sub>2</sub>","tokens_a_975.csv"
"anti<sub>3</sub>","tokens_a_976.csv"
"antibayutiku","tokens_a_977.csv"
"antígu","tokens_a_978.csv"
"antíhay","tokens_a_979.csv"
"abugádu","tokens_a_98.csv"
"antikristu","tokens_a_980.csv"
"antimánu","tokens_a_981.csv"
"antína","tokens_a_982.csv"
"anting-anting","tokens_a_983.csv"
"antipára","tokens_a_984.csv"
"antipas","tokens_a_985.csv"
"antipatiku","tokens_a_986.csv"
"antipúlu","tokens_a_987.csv"
"antipun","tokens_a_988.csv"
"antipúna","tokens_a_989.csv"
"abugágu","tokens_a_99.csv"
"antirábis","tokens_a_990.csv"
"antis","tokens_a_991.csv"
"antisiptiku","tokens_a_992.csv"
"antisípu","tokens_a_993.csv"
"antitirhi","tokens_a_994.csv"
"antiúhus, antiyúhus","tokens_a_995.csv"
"antū̀","tokens_a_996.csv"
"antúan","tokens_a_997.csv"
"antúbung","tokens_a_998.csv"
"antud","tokens_a_999.csv"
"ba","tokens_b_1508.csv"
"bá","tokens_b_1509.csv"
"*bà","tokens_b_1510.csv"
"báag<sub>1</sub>","tokens_b_1511.csv"
"baang, báang<sub>1</sub>","tokens_b_1512.csv"
"báang<sub>2</sub>","tokens_b_1513.csv"
"báat","tokens_b_1514.csv"
"báb","tokens_b_1515.csv"
"baba, bába","tokens_b_1516.csv"
"bàbà","tokens_b_1517.csv"
"babad","tokens_b_1518.csv"
"bábad<sub>1</sub>","tokens_b_1519.csv"
"bábad<sub>2</sub>","tokens_b_1520.csv"
"bábag<sub>1</sub>","tokens_b_1521.csv"
"bábag<sub>2</sub>","tokens_b_1522.csv"
"babaw","tokens_b_1523.csv"
"bábay","tokens_b_1524.csv"
"babáyi","tokens_b_1525.csv"
"babaylan","tokens_b_1526.csv"
"babha","tokens_b_1527.csv"
"babhir","tokens_b_1528.csv"
"babil","tokens_b_1529.csv"
"bábit<sub>1</sub>","tokens_b_1530.csv"
"bábit<sub>2</sub>","tokens_b_1531.csv"
"bábul gam","tokens_b_1532.csv"
"babung, bábung","tokens_b_1533.csv"
"babuy","tokens_b_1534.csv"
"bábuy<sub>1</sub>","tokens_b_1535.csv"
"bábuy<sub>2</sub>","tokens_b_1536.csv"
"babuybabuy","tokens_b_1537.csv"
"bad-ay","tokens_b_1538.csv"
"badaybaday","tokens_b_1539.csv"
"badbad<sub>1</sub>","tokens_b_1540.csv"
"badbad<sub>2</sub>","tokens_b_1541.csv"
"badigard","tokens_b_1542.csv"
"badingding","tokens_b_1543.csv"
"badlipánis","tokens_b_1544.csv"
"badlis","tokens_b_1545.csv"
"badlit","tokens_b_1546.csv"
"badlun","tokens_b_1547.csv"
"badlung","tokens_b_1548.csv"
"badmintun","tokens_b_1549.csv"
"badúduy","tokens_b_1550.csv"
"bad-un","tokens_b_1551.csv"
"badung","tokens_b_1552.csv"
"badut","tokens_b_1553.csv"
"badútu","tokens_b_1554.csv"
"badyang<sub>1</sub>","tokens_b_1555.csv"
"badyang<sub>2</sub>","tokens_b_1556.csv"
"badyángun","tokens_b_1557.csv"
"badyi","tokens_b_1558.csv"
"badyibadyi","tokens_b_1559.csv"
"badyikdyik","tokens_b_1560.csv"
"badyit<sub>1</sub>","tokens_b_1561.csv"
"badyit<sub>2</sub>","tokens_b_1562.csv"
"badyù","tokens_b_1563.csv"
"badyung","tokens_b_1564.csv"
"bag","tokens_b_1565.csv"
"bág","tokens_b_1566.csv"
"bága","tokens_b_1567.csv"
"bagà","tokens_b_1568.csv"
"bágà","tokens_b_1569.csv"
"bagaang","tokens_b_1570.csv"
"bagáang","tokens_b_1571.csv"
"bagàbà","tokens_b_1572.csv"
"bagákay","tokens_b_1573.csv"
"bagal<sub>1</sub>, bágal<sub>1</sub>","tokens_b_1574.csv"
"bagal<sub>2</sub>, bágal<sub>2</sub>","tokens_b_1575.csv"
"bagalnga","tokens_b_1576.csv"
"bagamundu","tokens_b_1577.csv"
"bagan","tokens_b_1578.csv"
"bagánaw","tokens_b_1579.csv"
"bágang","tokens_b_1580.csv"
"bag-ang","tokens_b_1581.csv"
"bag-ángan","tokens_b_1582.csv"
"bagansiya","tokens_b_1583.csv"
"bag-as","tokens_b_1584.csv"
"bagási, bagásu","tokens_b_1585.csv"
"bágat","tokens_b_1586.csv"
"bagatúngul","tokens_b_1587.csv"
"bagaw<sub>1</sub>","tokens_b_1588.csv"
"bagaw<sub>2</sub>","tokens_b_1589.csv"
"bag-aw","tokens_b_1590.csv"
"bágay","tokens_b_1591.csv"
"bagaybay","tokens_b_1592.csv"
"*bagbag","tokens_b_1593.csv"
"bagdal","tokens_b_1594.csv"
"bagduk","tokens_b_1595.csv"
"*bagduy","tokens_b_1596.csv"
"baghak","tokens_b_1597.csv"
"baghas<sub>1</sub>","tokens_b_1598.csv"
"baghas<sub>2</sub>","tokens_b_1599.csv"
"baghud","tokens_b_1600.csv"
"baghut","tokens_b_1601.csv"
"bagìbì","tokens_b_1602.csv"
"bag-id","tokens_b_1603.csv"
"báging","tokens_b_1604.csv"
"bágis<sub>1</sub>","tokens_b_1605.csv"
"bágis<sub>2</sub>","tokens_b_1606.csv"
"bagit","tokens_b_1607.csv"
"bagíyus","tokens_b_1608.csv"
"baglis","tokens_b_1609.csv"
"bagnas","tokens_b_1610.csv"
"bagnid","tokens_b_1611.csv"
"bagnud","tokens_b_1612.csv"
"bagnus","tokens_b_1613.csv"
"bagnut","tokens_b_1614.csv"
"bagransiya","tokens_b_1615.csv"
"bagrung","tokens_b_1616.csv"
"bagsak<sub>1</sub>","tokens_b_1617.csv"
"bagsak<sub>2</sub>","tokens_b_1618.csv"
"bagsak<sub>3</sub>","tokens_b_1619.csv"
"bagsang","tokens_b_1620.csv"
"bagtak","tokens_b_1621.csv"
"bagtas<sub>1</sub>","tokens_b_1622.csv"
"bagtas<sub>2</sub>","tokens_b_1623.csv"
"bagtì","tokens_b_1624.csv"
"bagtik","tokens_b_1625.csv"
"bagting","tokens_b_1626.csv"
"bagtuk","tokens_b_1627.csv"
"bagtus","tokens_b_1628.csv"
"bágu","tokens_b_1629.csv"
"bagù<sub>1</sub>","tokens_b_1630.csv"
"bagù<sub>2</sub>","tokens_b_1631.csv"
"bag-u","tokens_b_1632.csv"
"bagubhu","tokens_b_1633.csv"
"Bagúbu, Bagúbù, Bagùbù","tokens_b_1634.csv"
"bagudlus","tokens_b_1635.csv"
"bagukbuk","tokens_b_1636.csv"
"bagul<sub>1</sub>","tokens_b_1637.csv"
"bagulbul","tokens_b_1638.csv"
"bagumbáyan","tokens_b_1639.csv"
"bagun","tokens_b_1640.csv"
"bágun","tokens_b_1641.csv"
"bagunbun","tokens_b_1642.csv"
"bagunbúnun","tokens_b_1643.csv"
"bagung<sub>1</sub>","tokens_b_1644.csv"
"*bagung<sub>2</sub>","tokens_b_1645.csv"
"bag-ung","tokens_b_1646.csv"
"bagungun, bagúngun","tokens_b_1647.csv"
"bagunul","tokens_b_1648.csv"
"bagurus","tokens_b_1649.csv"
"bágus<sub>1</sub>","tokens_b_1650.csv"
"bágus<sub>2</sub>","tokens_b_1651.csv"
"bagutbut","tokens_b_1652.csv"
"bagúud","tokens_b_1653.csv"
"bagúung","tokens_b_1654.csv"
"bagwísan","tokens_b_1655.csv"
"bagyang","tokens_b_1656.csv"
"bagyu","tokens_b_1657.csv"
"bagyu bins","tokens_b_1658.csv"
"*báha","tokens_b_1659.csv"
"bahà","tokens_b_1660.csv"
"báhad","tokens_b_1661.csv"
"baháda","tokens_b_1662.csv"
"bahádu","tokens_b_1663.csv"
"bahag","tokens_b_1664.csv"
"baháhà","tokens_b_1665.csv"
"báhak","tokens_b_1666.csv"
"bahakhak","tokens_b_1667.csv"
"bahal","tokens_b_1668.csv"
"bahálà","tokens_b_1669.csv"
"bahalína","tokens_b_1670.csv"
"báhan","tokens_b_1671.csv"
"bahandì","tokens_b_1672.csv"
"bahar","tokens_b_1673.csv"
"bahas","tokens_b_1674.csv"
"báhas","tokens_b_1675.csv"
"bahaulu","tokens_b_1676.csv"
"báhaw<sub>1</sub>","tokens_b_1677.csv"
"báhaw<sub>2</sub>","tokens_b_1678.csv"
"bahay<sub>1</sub>","tokens_b_1679.csv"
"bahay<sub>2</sub>","tokens_b_1680.csv"
"bahayan","tokens_b_1681.csv"
"báhì","tokens_b_1682.csv"
"bahig","tokens_b_1683.csv"
"bahignit","tokens_b_1684.csv"
"bahíhì, bahihì, bahìhì","tokens_b_1685.csv"
"bahikhik","tokens_b_1686.csv"
"bahilya","tokens_b_1687.csv"
"báhin","tokens_b_1688.csv"
"bahirig","tokens_b_1689.csv"
"bahis","tokens_b_1690.csv"
"bahista","tokens_b_1691.csv"
"bahíya","tokens_b_1692.csv"
"báhu<sub>1</sub>","tokens_b_1693.csv"
"báhu<sub>2</sub>","tokens_b_1694.csv"
"báhu<sub>3</sub>","tokens_b_1695.csv"
"báhu<sub>4</sub>, bàhu","tokens_b_1696.csv"
"bahù","tokens_b_1697.csv"
"báhud","tokens_b_1698.csv"
"bahug","tokens_b_1699.csv"
"bahùlu","tokens_b_1700.csv"
"bàhun","tokens_b_1701.csv"
"bahut","tokens_b_1702.csv"
"bahuulu","tokens_b_1703.csv"
"báid","tokens_b_1704.csv"
"baíid","tokens_b_1705.csv"
"bail","tokens_b_1706.csv"
"bais","tokens_b_1707.csv"
"baíwas","tokens_b_1708.csv"
"baka","tokens_b_1709.csv"
"báka<sub>1</sub>","tokens_b_1710.csv"
"báka<sub>2</sub>","tokens_b_1711.csv"
"bákà","tokens_b_1712.csv"
"bakaang","tokens_b_1713.csv"
"bakabáka","tokens_b_1714.csv"
"bakag","tokens_b_1715.csv"
"bakagan","tokens_b_1716.csv"
"bakak","tokens_b_1717.csv"
"bakalaw","tokens_b_1718.csv"
"bakáling","tokens_b_1719.csv"
"bakan","tokens_b_1720.csv"
"bákan","tokens_b_1721.csv"
"bakanan","tokens_b_1722.csv"
"bakang","tokens_b_1723.csv"
"bakanti","tokens_b_1724.csv"
"bak-ap","tokens_b_1725.csv"
"bákas","tokens_b_1726.csv"
"bakasi","tokens_b_1727.csv"
"bakasiyun","tokens_b_1728.csv"
"bakat","tokens_b_1729.csv"
"bakatin","tokens_b_1730.csv"
"bakatya","tokens_b_1731.csv"
"bakawan","tokens_b_1732.csv"
"bákay","tokens_b_1733.csv"
"bakaybakay","tokens_b_1734.csv"
"bakbak<sub>1</sub>","tokens_b_1735.csv"
"bakbak<sub>2</sub>","tokens_b_1736.csv"
"bakbak<sub>3</sub>","tokens_b_1737.csv"
"bakbak<sub>4</sub>","tokens_b_1738.csv"
"bakbak<sub>5</sub>","tokens_b_1739.csv"
"bakgráwun","tokens_b_1740.csv"
"bakgut","tokens_b_1741.csv"
"bakhad","tokens_b_1742.csv"
"bakhaw<sub>1</sub>","tokens_b_1743.csv"
"bakhaw<sub>2</sub>","tokens_b_1744.csv"
"bakhù","tokens_b_1745.csv"
"bakhuy","tokens_b_1746.csv"
"bakì","tokens_b_1747.csv"
"bákid","tokens_b_1748.csv"
"bakig","tokens_b_1749.csv"
"bakik","tokens_b_1750.csv"
"bakikaw","tokens_b_1751.csv"
"bakíki","tokens_b_1752.csv"
"bakilid","tokens_b_1753.csv"
"báking<sub>1</sub>","tokens_b_1754.csv"
"báking<sub>2</sub>","tokens_b_1755.csv"
"bakintul","tokens_b_1756.csv"
"bákir","tokens_b_1757.csv"
"bakíru","tokens_b_1758.csv"
"bakíta","tokens_b_1759.csv"
"bakíya","tokens_b_1760.csv"
"baklà","tokens_b_1761.csv"
"baklag","tokens_b_1762.csv"
"baklarit","tokens_b_1763.csv"
"baklaw","tokens_b_1764.csv"
"baklay","tokens_b_1765.csv"
"bakliad, baklíad","tokens_b_1766.csv"
"baklid","tokens_b_1767.csv"
"baknal","tokens_b_1768.csv"
"baknit","tokens_b_1769.csv"
"bakpi","tokens_b_1770.csv"
"bakráyid","tokens_b_1771.csv"
"baksan","tokens_b_1772.csv"
"baksidur","tokens_b_1773.csv"
"baksing","tokens_b_1774.csv"
"baksir","tokens_b_1775.csv"
"baksiwà","tokens_b_1776.csv"
"baktas","tokens_b_1777.csv"
"baktin<sub>1</sub>","tokens_b_1778.csv"
"baktin<sub>2</sub>","tokens_b_1779.csv"
"baktirya","tokens_b_1780.csv"
"bakù","tokens_b_1781.csv"
"bakud","tokens_b_1782.csv"
"bákud<sub>1</sub>","tokens_b_1783.csv"
"bákud<sub>2</sub>","tokens_b_1784.csv"
"bakudbakud","tokens_b_1785.csv"
"bakukang","tokens_b_1786.csv"
"bakúku","tokens_b_1787.csv"
"bakúkun","tokens_b_1788.csv"
"bakul","tokens_b_1789.csv"
"bákul","tokens_b_1790.csv"
"bakúlan","tokens_b_1791.csv"
"bakulaw","tokens_b_1792.csv"
"bakulkul","tokens_b_1793.csv"
"bakulud","tokens_b_1794.csv"
"bakulung","tokens_b_1795.csv"
"bákun","tokens_b_1796.csv"
"bakúna","tokens_b_1797.csv"
"bakunáwa","tokens_b_1798.csv"
"bákung<sub>1</sub>","tokens_b_1799.csv"
"bákung<sub>2</sub>","tokens_b_1800.csv"
"bakúngan","tokens_b_1801.csv"
"bakúngun","tokens_b_1802.csv"
"bakus","tokens_b_1803.csv"
"bàkus","tokens_b_1804.csv"
"bákut","tokens_b_1805.csv"
"bakutut","tokens_b_1806.csv"
"bakwì","tokens_b_1807.csv"
"bakwit","tokens_b_1808.csv"
"bakyà<sub>1</sub>","tokens_b_1809.csv"
"bakyà<sub>2</sub>","tokens_b_1810.csv"
"bakyánu","tokens_b_1811.csv"
"bakyaw","tokens_b_1812.csv"
"bala, bála<sub>1</sub>","tokens_b_1813.csv"
"bála<sub>2</sub>","tokens_b_1814.csv"
"balà<sub>1</sub>","tokens_b_1815.csv"
"balà<sub>2</sub>","tokens_b_1816.csv"
"bálà","tokens_b_1817.csv"
"baláan","tokens_b_1818.csv"
"baláat","tokens_b_1819.csv"
"balábag","tokens_b_1820.csv"
"balabála","tokens_b_1821.csv"
"baladaw","tokens_b_1822.csv"
"baladbad","tokens_b_1823.csv"
"baládin","tokens_b_1824.csv"
"balad-un","tokens_b_1825.csv"
"bálag","tokens_b_1826.csv"
"balaghuy","tokens_b_1827.csv"
"balagsang","tokens_b_1828.csv"
"balagtásan","tokens_b_1829.csv"
"balagtuk","tokens_b_1830.csv"
"balagúlà, balagúlan","tokens_b_1831.csv"
"balágun","tokens_b_1832.csv"
"balag-ung","tokens_b_1833.csv"
"baláhak","tokens_b_1834.csv"
"balahálà","tokens_b_1835.csv"
"balahíbu","tokens_b_1836.csv"
"bálak","tokens_b_1837.csv"
"baláka","tokens_b_1838.csv"
"balakanan","tokens_b_1839.csv"
"balak-ang","tokens_b_1840.csv"
"balakasi","tokens_b_1841.csv"
"balakbak","tokens_b_1842.csv"
"balakíki","tokens_b_1843.csv"
"balalà","tokens_b_1844.csv"
"balalantì","tokens_b_1845.csv"
"balalátuk","tokens_b_1846.csv"
"balalaw","tokens_b_1847.csv"
"balanà","tokens_b_1848.csv"
"balának","tokens_b_1849.csv"
"balanban<sub>1</sub>","tokens_b_1850.csv"
"balanban<sub>2</sub>","tokens_b_1851.csv"
"balandra","tokens_b_1852.csv"
"bal-ang","tokens_b_1853.csv"
"balángas","tokens_b_1854.csv"
"balángaw","tokens_b_1855.csv"
"balángay","tokens_b_1856.csv"
"balangbalang","tokens_b_1857.csv"
"balangbálang","tokens_b_1858.csv"
"balanghitaw","tokens_b_1859.csv"
"balanghútan","tokens_b_1860.csv"
"balanghuy","tokens_b_1861.csv"
"balangúbang","tokens_b_1862.csv"
"balangus","tokens_b_1863.csv"
"baláni<sub>1</sub>","tokens_b_1864.csv"
"baláni<sub>2</sub>","tokens_b_1865.csv"
"balansi","tokens_b_1866.csv"
"balansíkul","tokens_b_1867.csv"
"balantak","tokens_b_1868.csv"
"balantì","tokens_b_1869.csv"
"balantígun","tokens_b_1870.csv"
"balantíyung","tokens_b_1871.csv"
"balanus","tokens_b_1872.csv"
"balaraw","tokens_b_1873.csv"
"balas","tokens_b_1874.csv"
"balasbas","tokens_b_1875.csv"
"balaslúkun","tokens_b_1876.csv"
"balasúbas","tokens_b_1877.csv"
"balat","tokens_b_1878.csv"
"balat-ang","tokens_b_1879.csv"
"balátik<sub>1</sub>","tokens_b_1880.csv"
"balátik<sub>2</sub>","tokens_b_1881.csv"
"balátung","tokens_b_1882.csv"
"balatwánun","tokens_b_1883.csv"
"baláud","tokens_b_1884.csv"
"balaúngun","tokens_b_1885.csv"
"balaw","tokens_b_1886.csv"
"bálaw","tokens_b_1887.csv"
"balawbaw","tokens_b_1888.csv"
"balay","tokens_b_1889.csv"
"balaybay","tokens_b_1890.csv"
"baláyung","tokens_b_1891.csv"
"balbag","tokens_b_1892.csv"
"balbakúwa","tokens_b_1893.csv"
"balbal","tokens_b_1894.csv"
"balbangáan","tokens_b_1895.csv"
"balbas","tokens_b_1896.csv"
"balbíru","tokens_b_1897.csv"
"balbula","tokens_b_1898.csv"
"balda","tokens_b_1899.csv"
"baldi","tokens_b_1900.csv"
"baldíyu","tokens_b_1901.csv"
"baldúsa","tokens_b_1902.csv"
"balhas","tokens_b_1903.csv"
"balhíbu","tokens_b_1904.csv"
"balhin","tokens_b_1905.csv"
"balhug","tokens_b_1906.csv"
"balhun","tokens_b_1907.csv"
"bali<sub>1</sub>","tokens_b_1908.csv"
"báli","tokens_b_1909.csv"
"bálì","tokens_b_1910.csv"
"baliad","tokens_b_1911.csv"
"baliálà","tokens_b_1912.csv"
"balíbad","tokens_b_1913.csv"
"balibag","tokens_b_1914.csv"
"balibay","tokens_b_1915.csv"
"balíbud<sub>1</sub>","tokens_b_1916.csv"
"balíbud<sub>2</sub>","tokens_b_1917.csv"
"balibul","tokens_b_1918.csv"
"balibung","tokens_b_1919.csv"
"balidbid","tokens_b_1920.csv"
"balidikturyan","tokens_b_1921.csv"
"balighù","tokens_b_1922.csv"
"balighut","tokens_b_1923.csv"
"baligkawang","tokens_b_1924.csv"
"baligkus","tokens_b_1925.csv"
"baligsálà","tokens_b_1926.csv"
"baligtad","tokens_b_1927.csv"
"baligtus","tokens_b_1928.csv"
"baligwat","tokens_b_1929.csv"
"baligyà","tokens_b_1930.csv"
"bálik","tokens_b_1931.csv"
"balíkas","tokens_b_1932.csv"
"balikawang","tokens_b_1933.csv"
"balikhaw","tokens_b_1934.csv"
"balikid","tokens_b_1935.csv"
"balikig","tokens_b_1936.csv"
"balíkis","tokens_b_1937.csv"
"baliktad","tokens_b_1938.csv"
"baliktus","tokens_b_1939.csv"
"balikù","tokens_b_1940.csv"
"balíkud","tokens_b_1941.csv"
"balikug","tokens_b_1942.csv"
"balikugkug","tokens_b_1943.csv"
"balíkus","tokens_b_1944.csv"
"balikutkut","tokens_b_1945.csv"
"balikutsa","tokens_b_1946.csv"
"balikwaut","tokens_b_1947.csv"
"balikwit","tokens_b_1948.csv"
"balíla","tokens_b_1949.csv"
"balíli","tokens_b_1950.csv"
"balilikid, balilíkid","tokens_b_1951.csv"
"balimbúgay","tokens_b_1952.csv"
"balimbing","tokens_b_1953.csv"
"báling","tokens_b_1954.csv"
"balingag","tokens_b_1955.csv"
"balingay","tokens_b_1956.csv"
"balingbing","tokens_b_1957.csv"
"balíngit","tokens_b_1958.csv"
"balingkágas","tokens_b_1959.csv"
"balingkawang","tokens_b_1960.csv"
"balingkút","tokens_b_1961.csv"
"balingug","tokens_b_1962.csv"
"balinsalà, balinsálà","tokens_b_1963.csv"
"balinsay","tokens_b_1964.csv"
"balinsáyaw","tokens_b_1965.csv"
"balinsiyána","tokens_b_1966.csv"
"balinsuguan","tokens_b_1967.csv"
"balinsúngag","tokens_b_1968.csv"
"balintang","tokens_b_1969.csv"
"balintawak","tokens_b_1970.csv"
"balintayins","tokens_b_1971.csv"
"balintung<sub>1</sub>","tokens_b_1972.csv"
"balintung<sub>2</sub>","tokens_b_1973.csv"
"balintúwad","tokens_b_1974.csv"
"balirung<sub>1</sub>","tokens_b_1975.csv"
"balirung<sub>2</sub>","tokens_b_1976.csv"
"balirúsu","tokens_b_1977.csv"
"bal-is","tokens_b_1978.csv"
"balísa","tokens_b_1979.csv"
"balisádà, balisálà","tokens_b_1980.csv"
"*balisbis","tokens_b_1981.csv"
"balísing","tokens_b_1982.csv"
"baliskad","tokens_b_1983.csv"
"baliskug","tokens_b_1984.csv"
"balista","tokens_b_1985.csv"
"balísung<sub>1</sub>","tokens_b_1986.csv"
"balísung<sub>2</sub>","tokens_b_1987.csv"
"balità","tokens_b_1988.csv"
"balit-ad","tokens_b_1989.csv"
"balitang","tokens_b_1990.csv"
"balítang","tokens_b_1991.csv"
"balítaw","tokens_b_1992.csv"
"balíti","tokens_b_1993.csv"
"balituk","tokens_b_1994.csv"
"balitùtù","tokens_b_1995.csv"
"baliug","tokens_b_1996.csv"
"balíus","tokens_b_1997.csv"
"baliw","tokens_b_1998.csv"
"báliw","tokens_b_1999.csv"
"baliwag, balíwag","tokens_b_2000.csv"
"balíwas","tokens_b_2001.csv"
"baliwliw","tokens_b_2002.csv"
"baliyug<sub>1</sub>","tokens_b_2003.csv"
"baliyug<sub>2</sub>","tokens_b_2004.csv"
"balkun","tokens_b_2005.csv"
"balkunáhi","tokens_b_2006.csv"
"balkuni","tokens_b_2007.csv"
"balsa","tokens_b_2008.csv"
"balsamu","tokens_b_2009.csv"
"balsi","tokens_b_2010.csv"
"balu","tokens_b_2011.csv"
"bálu<sub>1</sub>","tokens_b_2012.csv"
"bálu<sub>2</sub>, balù<sub>1</sub>, bálù<sub>1</sub>","tokens_b_2013.csv"
"balù<sub>2</sub>","tokens_b_2014.csv"
"balù<sub>3</sub>","tokens_b_2015.csv"
"bálù<sub>2</sub>","tokens_b_2016.csv"
"baluarti","tokens_b_2017.csv"
"balubálu","tokens_b_2018.csv"
"balùbalù, balùbálù","tokens_b_2019.csv"
"balud","tokens_b_2020.csv"
"bálud","tokens_b_2021.csv"
"balug","tokens_b_2022.csv"
"balugbug","tokens_b_2023.csv"
"báluk","tokens_b_2024.csv"
"balúkag","tokens_b_2025.csv"
"balukanad","tokens_b_2026.csv"
"balúkat","tokens_b_2027.csv"
"balukbáluk","tokens_b_2028.csv"
"balukbuk<sub>1</sub>","tokens_b_2029.csv"
"balukbuk<sub>2</sub>","tokens_b_2030.csv"
"balukbuk<sub>3</sub>","tokens_b_2031.csv"
"balukbuk<sub>4</sub>","tokens_b_2032.csv"
"baluktut","tokens_b_2033.csv"
"balúkun","tokens_b_2034.csv"
"balúkut","tokens_b_2035.csv"
"balúlang","tokens_b_2036.csv"
"balun<sub>1</sub>","tokens_b_2037.csv"
"balun<sub>2</sub>","tokens_b_2038.csv"
"bálun","tokens_b_2039.csv"
"balunábid","tokens_b_2040.csv"
"balúnas","tokens_b_2041.csv"
"balunbalúnan","tokens_b_2042.csv"
"balungag","tokens_b_2043.csv"
"balúngan","tokens_b_2044.csv"
"balungbálung","tokens_b_2045.csv"
"balúngus","tokens_b_2046.csv"
"balúnus","tokens_b_2047.csv"
"balur","tokens_b_2048.csv"
"bálus","tokens_b_2049.csv"
"balusbus","tokens_b_2050.csv"
"baluskag","tokens_b_2051.csv"
"balut","tokens_b_2052.csv"
"balúta","tokens_b_2053.csv"
"balútu","tokens_b_2054.csv"
"baluybuy","tokens_b_2055.csv"
"balúyut","tokens_b_2056.csv"
"balwarti","tokens_b_2057.csv"
"balyákag","tokens_b_2058.csv"
"balyína","tokens_b_2059.csv"
"balyu","tokens_b_2060.csv"
"bám","tokens_b_2061.csv"
"bamba","tokens_b_2062.csv"
"bamban","tokens_b_2063.csv"
"bambu<sub>1</sub>","tokens_b_2064.csv"
"bam-i","tokens_b_2065.csv"
"báming","tokens_b_2066.csv"
"bámir<sub>1</sub>","tokens_b_2067.csv"
"bámir<sub>2</sub>","tokens_b_2068.csv"
"bampir","tokens_b_2069.csv"
"bampíra","tokens_b_2070.csv"
"bámus","tokens_b_2071.csv"
"bána","tokens_b_2072.csv"
"*banà<sub>1</sub>","tokens_b_2073.csv"
"banà<sub>2</sub>","tokens_b_2074.csv"
"banáag","tokens_b_2075.csv"
"banaba","tokens_b_2076.csv"
"banag","tokens_b_2077.csv"
"banagan","tokens_b_2078.csv"
"banagbánag","tokens_b_2079.csv"
"banáhaw","tokens_b_2080.csv"
"banahían","tokens_b_2081.csv"
"bának","tokens_b_2082.csv"
"banal","tokens_b_2083.csv"
"banásay","tokens_b_2084.csv"
"banáta","tokens_b_2085.csv"
"bánaw","tokens_b_2086.csv"
"banawug, banáwug<sub>1</sub>","tokens_b_2087.csv"
"banáwug<sub>2</sub>","tokens_b_2088.csv"
"bánay<sub>1</sub>","tokens_b_2089.csv"
"bánay<sub>2</sub>","tokens_b_2090.csv"
"bánay<sub>3</sub>","tokens_b_2091.csv"
"banban<sub>1, 2</sub>","tokens_b_2092.csv"
"banbánun<sub>1</sub>","tokens_b_2093.csv"
"banbánun<sub>2</sub>","tokens_b_2094.csv"
"banda<sub>1</sub>","tokens_b_2095.csv"
"banda<sub>2</sub>","tokens_b_2096.csv"
"banda<sub>3</sub>","tokens_b_2097.csv"
"bandála","tokens_b_2098.csv"
"bandána","tokens_b_2099.csv"
"banday","tokens_b_2100.csv"
"bandì","tokens_b_2101.csv"
"bandída","tokens_b_2102.csv"
"bandídu","tokens_b_2103.csv"
"bandíha","tokens_b_2104.csv"
"bandi klak","tokens_b_2105.csv"
"bandílà","tokens_b_2106.csv"
"bandilyu","tokens_b_2107.csv"
"bandíra","tokens_b_2108.csv"
"bandíra ispanyúla","tokens_b_2109.csv"
"bandíyu","tokens_b_2110.csv"
"bandmidyurit","tokens_b_2111.csv"
"bandu<sub>1</sub>","tokens_b_2112.csv"
"bandu<sub>2</sub>","tokens_b_2113.csv"
"bandul","tokens_b_2114.csv"
"bandung<sub>1</sub>","tokens_b_2115.csv"
"bandung<sub>2</sub>","tokens_b_2116.csv"
"bandurin","tokens_b_2117.csv"
"banduríya, bandurya","tokens_b_2118.csv"
"banduy","tokens_b_2119.csv"
"bandyu","tokens_b_2120.csv"
"bang","tokens_b_2121.csv"
"banga","tokens_b_2122.csv"
"bangà<sub>1</sub>","tokens_b_2123.csv"
"bangà<sub>2</sub>","tokens_b_2124.csv"
"bangáag","tokens_b_2125.csv"
"bángag","tokens_b_2126.csv"
"bángal<sub>1</sub>","tokens_b_2127.csv"
"bángal<sub>2</sub>","tokens_b_2128.csv"
"bangalga","tokens_b_2129.csv"
"bángan<sub>1</sub>","tokens_b_2130.csv"
"bángan<sub>2</sub>","tokens_b_2131.csv"
"bangánga","tokens_b_2132.csv"
"bángas<sub>1</sub>","tokens_b_2133.csv"
"bángas<sub>2</sub>","tokens_b_2134.csv"
"bangáti","tokens_b_2135.csv"
"bángaw<sub>1</sub>","tokens_b_2136.csv"
"bángaw<sub>2</sub>","tokens_b_2137.csv"
"bangawug","tokens_b_2138.csv"
"bangaybángay","tokens_b_2139.csv"
"bangbang","tokens_b_2140.csv"
"bangday","tokens_b_2141.csv"
"banggà","tokens_b_2142.csv"
"banggì","tokens_b_2143.csv"
"banggiítan","tokens_b_2144.csv"
"banggíra","tokens_b_2145.csv"
"banggis","tokens_b_2146.csv"
"banggud","tokens_b_2147.csv"
"banggun<sub>1</sub>","tokens_b_2148.csv"
"banggun<sub>2</sub>","tokens_b_2149.csv"
"banggus","tokens_b_2150.csv"
"banghag","tokens_b_2151.csv"
"banghat","tokens_b_2152.csv"
"banghaw","tokens_b_2153.csv"
"banghilig, banghílig","tokens_b_2154.csv"
"banghitaw","tokens_b_2155.csv"
"banghutin, banghuting","tokens_b_2156.csv"
"bángì","tokens_b_2157.csv"
"bángig","tokens_b_2158.csv"
"bángil","tokens_b_2159.csv"
"bangilid","tokens_b_2160.csv"
"bángin","tokens_b_2161.csv"
"bangingi","tokens_b_2162.csv"
"bangíngi","tokens_b_2163.csv"
"bangis","tokens_b_2164.csv"
"bangitaw","tokens_b_2165.csv"
"bangka","tokens_b_2166.csv"
"bangkà","tokens_b_2167.csv"
"*bangkáag","tokens_b_2168.csv"
"bangkal","tokens_b_2169.csv"
"bangkarúta","tokens_b_2170.csv"
"bangkarúti","tokens_b_2171.csv"
"bangkat","tokens_b_2172.csv"
"bangkaw<sub>1</sub>","tokens_b_2173.csv"
"bangkaw<sub>2</sub>","tokens_b_2174.csv"
"bangkawbangkaw","tokens_b_2175.csv"
"bangkay","tokens_b_2176.csv"
"bangkbuk","tokens_b_2177.csv"
"bangkil","tokens_b_2178.csv"
"bangkiling","tokens_b_2179.csv"
"bangkilya<sub>1</sub>","tokens_b_2180.csv"
"bangkilya<sub>2</sub>","tokens_b_2181.csv"
"bangkíru<sub>1</sub>","tokens_b_2182.csv"
"bangkíru<sub>2</sub>","tokens_b_2183.csv"
"bangkíti","tokens_b_2184.csv"
"bangkítu","tokens_b_2185.csv"
"bangkíwà","tokens_b_2186.csv"
"bangkiwag","tokens_b_2187.csv"
"bangkíyu","tokens_b_2188.csv"
"bangkiyud","tokens_b_2189.csv"
"bangkrap","tokens_b_2190.csv"
"bangku","tokens_b_2191.csv"
"bangkù","tokens_b_2192.csv"
"bangkulísan","tokens_b_2193.csv"
"bangkulíya","tokens_b_2194.csv"
"bangkung<span class=""corr"" id=""xd20e54630"" title=""Not in source""><sub>1</sub></span>","tokens_b_2195.csv"
"*bangkung<sub>2</sub>","tokens_b_2196.csv"
"bangrus","tokens_b_2197.csv"
"bangs","tokens_b_2198.csv"
"bangsi","tokens_b_2199.csv"
"bangu","tokens_b_2200.csv"
"bangúbang","tokens_b_2201.csv"
"bangug<sub>1</sub>","tokens_b_2202.csv"
"bangug<sub>2</sub>","tokens_b_2203.csv"
"bang-ug","tokens_b_2204.csv"
"bangun<sub>1</sub>","tokens_b_2205.csv"
"bangun<sub>2</sub>","tokens_b_2206.csv"
"bángun","tokens_b_2207.csv"
"bangúngut","tokens_b_2208.csv"
"bangus","tokens_b_2209.csv"
"bangut","tokens_b_2210.csv"
"bangyaw","tokens_b_2211.csv"
"bangyáw","tokens_b_2212.csv"
"banhà","tokens_b_2213.csv"
"banhal","tokens_b_2214.csv"
"banhaw","tokens_b_2215.csv"
"banhig","tokens_b_2216.csv"
"banhud","tokens_b_2217.csv"
"banhutin, banhuting","tokens_b_2218.csv"
"báni","tokens_b_2219.csv"
"ban-id","tokens_b_2220.csv"
"banidad","tokens_b_2221.csv"
"banig","tokens_b_2222.csv"
"banika","tokens_b_2223.csv"
"baníku","tokens_b_2224.csv"
"banílad","tokens_b_2225.csv"
"banilya","tokens_b_2226.csv"
"banitlung","tokens_b_2227.csv"
"baniug","tokens_b_2228.csv"
"bankil","tokens_b_2229.csv"
"bankíyu","tokens_b_2230.csv"
"banlag","tokens_b_2231.csv"
"banlas","tokens_b_2232.csv"
"banlaw","tokens_b_2233.csv"
"banlud","tokens_b_2234.csv"
"banlun","tokens_b_2235.csv"
"banlus","tokens_b_2236.csv"
"banlut","tokens_b_2237.csv"
"bansa<sub>1</sub>","tokens_b_2238.csv"
"bansa<sub>2</sub>, bansà","tokens_b_2239.csv"
"bansag","tokens_b_2240.csv"
"bansalan","tokens_b_2241.csv"
"bansay","tokens_b_2242.csv"
"bansíkul","tokens_b_2243.csv"
"bansil","tokens_b_2244.csv"
"bansíli","tokens_b_2245.csv"
"bansiwag","tokens_b_2246.csv"
"bantà","tokens_b_2247.csv"
"bantáaw","tokens_b_2248.csv"
"bantak","tokens_b_2249.csv"
"bantal","tokens_b_2250.csv"
"bantam","tokens_b_2251.csv"
"bantam wit","tokens_b_2252.csv"
"bantang","tokens_b_2253.csv"
"bantawan","tokens_b_2254.csv"
"bantay","tokens_b_2255.csv"
"bantáyan","tokens_b_2256.csv"
"bantáyug","tokens_b_2257.csv"
"bantì","tokens_b_2258.csv"
"bantigì","tokens_b_2259.csv"
"bantílis","tokens_b_2260.csv"
"banting","tokens_b_2261.csv"
"bantingbanting","tokens_b_2262.csv"
"bantíyung","tokens_b_2263.csv"
"bantug","tokens_b_2264.csv"
"bantuk","tokens_b_2265.csv"
"bantul<sub>1</sub>","tokens_b_2266.csv"
"*bantul<sub>2</sub>","tokens_b_2267.csv"
"bantúlay","tokens_b_2268.csv"
"bantulinaw","tokens_b_2269.csv"
"bantulínaw","tokens_b_2270.csv"
"bantut","tokens_b_2271.csv"
"bánu","tokens_b_2272.csv"
"banug","tokens_b_2273.csv"
"bánug, ban-ug","tokens_b_2274.csv"
"ban-uk<sub>1</sub>","tokens_b_2275.csv"
"ban-uk<sub>2</sub>","tokens_b_2276.csv"
"banus<sub>1</sub>","tokens_b_2277.csv"
"banus<sub>2</sub>, bánus","tokens_b_2278.csv"
"banúut","tokens_b_2279.csv"
"banwa<sub>1</sub>","tokens_b_2280.csv"
"banwa<sub>2</sub>","tokens_b_2281.csv"
"banwag","tokens_b_2282.csv"
"banwági","tokens_b_2283.csv"
"banwas","tokens_b_2284.csv"
"banyágà","tokens_b_2285.csv"
"banyak","tokens_b_2286.csv"
"banyira","tokens_b_2287.csv"
"banyu","tokens_b_2288.csv"
"banyumaríya","tokens_b_2289.csv"
"banyus","tokens_b_2290.csv"
"bápul, bápuls","tokens_b_2291.csv"
"bapur","tokens_b_2292.csv"
"bár<sub>1</sub>","tokens_b_2293.csv"
"bár<sub>2</sub>","tokens_b_2294.csv"
"bár<sub>3</sub>","tokens_b_2295.csv"
"bara<sub>1</sub>","tokens_b_2296.csv"
"bára","tokens_b_2297.csv"
"baradíru","tokens_b_2298.csv"
"bárag","tokens_b_2299.csv"
"baragbárag","tokens_b_2300.csv"
"baráha","tokens_b_2301.csv"
"barak","tokens_b_2302.csv"
"bárak","tokens_b_2303.csv"
"baráka","tokens_b_2304.csv"
"barandilya, barandilyas","tokens_b_2305.csv"
"bárang","tokens_b_2306.csv"
"baranggay","tokens_b_2307.csv"
"barasbáras","tokens_b_2308.csv"
"barásu","tokens_b_2309.csv"
"barat","tokens_b_2310.csv"
"baratíha","tokens_b_2311.csv"
"baratilyu","tokens_b_2312.csv"
"baratíru","tokens_b_2313.csv"
"barátu<sub>1</sub>","tokens_b_2314.csv"
"barátu<sub>2</sub>","tokens_b_2315.csv"
"baraw, báraw<sub>1</sub>","tokens_b_2316.csv"
"báraw<sub>2</sub>","tokens_b_2317.csv"
"báraw<sub>3</sub>","tokens_b_2318.csv"
"barawan","tokens_b_2319.csv"
"baraybaray","tokens_b_2320.csv"
"barbahan","tokens_b_2321.csv"
"barbas<sub>1</sub>","tokens_b_2322.csv"
"barbas<sub>2</sub>","tokens_b_2323.csv"
"barbikiyu","tokens_b_2324.csv"
"barbil","tokens_b_2325.csv"
"barbir","tokens_b_2326.csv"
"barbíru","tokens_b_2327.csv"
"barbityurits","tokens_b_2328.csv"
"barbula","tokens_b_2329.csv"
"barbun","tokens_b_2330.csv"
"barda","tokens_b_2331.csv"
"bardádu","tokens_b_2332.csv"
"bards<sub>1</sub>","tokens_b_2333.csv"
"bardut","tokens_b_2334.csv"
"bargas","tokens_b_2335.csv"
"barì","tokens_b_2336.csv"
"barikus","tokens_b_2337.csv"
"baril<sub>1</sub>","tokens_b_2338.csv"
"baril<sub>2</sub>","tokens_b_2339.csv"
"barílis<sub>1</sub>","tokens_b_2340.csv"
"barílis<sub>2</sub>","tokens_b_2341.csv"
"barína","tokens_b_2342.csv"
"barínis","tokens_b_2343.csv"
"barinúgan","tokens_b_2344.csv"
"barinuhan","tokens_b_2345.csv"
"bárit","tokens_b_2346.csv"
"baríta","tokens_b_2347.csv"
"baritun","tokens_b_2348.csv"
"baritunu","tokens_b_2349.csv"
"barkáda","tokens_b_2350.csv"
"barkilyus","tokens_b_2351.csv"
"barku","tokens_b_2352.csv"
"barnáti","tokens_b_2353.csv"
"barnis","tokens_b_2354.csv"
"barpin","tokens_b_2355.csv"
"bartíha","tokens_b_2356.csv"
"bartindir","tokens_b_2357.csv"
"bartulína","tokens_b_2358.csv"
"bartuníku","tokens_b_2359.csv"
"baru, báru","tokens_b_2360.csv"
"barug","tokens_b_2361.csv"
"barumbáda","tokens_b_2362.csv"
"barumbádu","tokens_b_2363.csv"
"barumitir, barumitru","tokens_b_2364.csv"
"barung","tokens_b_2365.csv"
"barungbárung","tokens_b_2366.csv"
"barúnguy","tokens_b_2367.csv"
"barut","tokens_b_2368.csv"
"bárut","tokens_b_2369.csv"
"barútu","tokens_b_2370.csv"
"baryabli","tokens_b_2371.csv"
"baryu","tokens_b_2372.csv"
"bás","tokens_b_2373.csv"
"bása","tokens_b_2374.csv"
"basà","tokens_b_2375.csv"
"básag<sub>1</sub>","tokens_b_2376.csv"
"básag<sub>2</sub>","tokens_b_2377.csv"
"basagbasag","tokens_b_2378.csv"
"basagbásag","tokens_b_2379.csv"
"basak","tokens_b_2380.csv"
"basal","tokens_b_2381.csv"
"basalyu, basalyus<sub>1</sub>","tokens_b_2382.csv"
"basalyus<sub>2</sub>","tokens_b_2383.csv"
"basangag, basángag","tokens_b_2384.csv"
"basar","tokens_b_2385.csv"
"basas, básas","tokens_b_2386.csv"
"basbas<sub>1</sub>","tokens_b_2387.csv"
"basbas<sub>2</sub>","tokens_b_2388.csv"
"basbas<sub>3</sub>","tokens_b_2389.csv"
"basbas<sub>4</sub>","tokens_b_2390.csv"
"basdak","tokens_b_2391.csv"
"bashuy","tokens_b_2392.csv"
"bási<sub>1</sub>","tokens_b_2393.csv"
"bási<sub>2</sub>","tokens_b_2394.csv"
"bási<sub>3</sub>","tokens_b_2395.csv"
"bási<sub>4</sub>, básì","tokens_b_2396.csv"
"basíbas","tokens_b_2397.csv"
"basilika","tokens_b_2398.csv"
"basilin","tokens_b_2399.csv"
"básin","tokens_b_2400.csv"
"basiyar","tokens_b_2401.csv"
"basiyu, basíyu","tokens_b_2402.csv"
"baska<sub>1</sub>","tokens_b_2403.csv"
"baska<sub>2</sub>","tokens_b_2404.csv"
"baskad","tokens_b_2405.csv"
"baskag","tokens_b_2406.csv"
"baskit","tokens_b_2407.csv"
"baskit bul","tokens_b_2408.csv"
"baskug","tokens_b_2409.csv"
"baskula","tokens_b_2410.csv"
"baslan","tokens_b_2411.csv"
"basngag","tokens_b_2412.csv"
"basnig","tokens_b_2413.csv"
"basta","tokens_b_2414.csv"
"bastanti","tokens_b_2415.csv"
"bastar","tokens_b_2416.csv"
"bastarda<sub>1</sub>","tokens_b_2417.csv"
"*bastarda<sub>2</sub>","tokens_b_2418.csv"
"bastardu<sub>1</sub>","tokens_b_2419.csv"
"*bastardu<sub>2</sub>","tokens_b_2420.csv"
"bastid","tokens_b_2421.csv"
"bastidur<sub>1</sub>","tokens_b_2422.csv"
"bastidur<sub>2</sub>","tokens_b_2423.csv"
"bastika","tokens_b_2424.csv"
"bastipul","tokens_b_2425.csv"
"bastiyan","tokens_b_2426.csv"
"bastruk","tokens_b_2427.csv"
"bastun","tokens_b_2428.csv"
"bastus<sub>1</sub>","tokens_b_2429.csv"
"bastus<sub>2</sub>","tokens_b_2430.csv"
"básu","tokens_b_2431.csv"
"bas-ug","tokens_b_2432.csv"
"basúka","tokens_b_2433.csv"
"básul<sub>1</sub>","tokens_b_2434.csv"
"básul<sub>2</sub>","tokens_b_2435.csv"
"básul<sub>3</sub>","tokens_b_2436.csv"
"básun","tokens_b_2437.csv"
"basúni","tokens_b_2438.csv"
"basúra","tokens_b_2439.csv"
"basuríru","tokens_b_2440.csv"
"bas-uy","tokens_b_2441.csv"
"baswat","tokens_b_2442.csv"
"basyaw","tokens_b_2443.csv"
"bat","tokens_b_2444.csv"
"bát<sub>1</sub>","tokens_b_2445.csv"
"bát<sub>2</sub>","tokens_b_2446.csv"
"bát<sub>3</sub>","tokens_b_2447.csv"
"báta<sub>1</sub>","tokens_b_2448.csv"
"báta<sub>2</sub>","tokens_b_2449.csv"
"bátà","tokens_b_2450.csv"
"Bataan","tokens_b_2451.csv"
"batad","tokens_b_2452.csv"
"batadbátad","tokens_b_2453.csv"
"bátak","tokens_b_2454.csv"
"batakan","tokens_b_2455.csv"
"batakbatak","tokens_b_2456.csv"
"batal","tokens_b_2457.csv"
"bataliyun","tokens_b_2458.csv"
"batalya","tokens_b_2459.csv"
"batalyun","tokens_b_2460.csv"
"*batánas","tokens_b_2461.csv"
"batang<sub>1</sub>","tokens_b_2462.csv"
"batang<sub>2</sub>, bátang<sub>1</sub>","tokens_b_2463.csv"
"bátang<sub>2</sub>","tokens_b_2464.csv"
"bat-ang","tokens_b_2465.csv"
"batangbátang","tokens_b_2466.csv"
"batanggas","tokens_b_2467.csv"
"batangginya","tokens_b_2468.csv"
"bátas","tokens_b_2469.csv"
"batásan","tokens_b_2470.csv"
"bátaw","tokens_b_2471.csv"
"batáyan","tokens_b_2472.csv"
"batbat","tokens_b_2473.csv"
"bathálà","tokens_b_2474.csv"
"bathay","tokens_b_2475.csv"
"batì","tokens_b_2476.csv"
"bátì<sub>1</sub>","tokens_b_2477.csv"
"bátì<sub>2</sub>","tokens_b_2478.csv"
"batibáti","tokens_b_2479.csv"
"batid","tokens_b_2480.csv"
"batíis","tokens_b_2481.csv"
"batikan, batíkan","tokens_b_2482.csv"
"Batikánu","tokens_b_2483.csv"
"batikubra","tokens_b_2484.csv"
"batikúla","tokens_b_2485.csv"
"batikúlun","tokens_b_2486.csv"
"batil<sub>1</sub>","tokens_b_2487.csv"
"batil<sub>2</sub>","tokens_b_2488.csv"
"batimbátim","tokens_b_2489.csv"
"bátin<sub>1</sub>","tokens_b_2490.csv"
"bátin<sub>2</sub>","tokens_b_2491.csv"
"batinbátin<sub>2</sub>","tokens_b_2492.csv"
"báting","tokens_b_2493.csv"
"batingaw","tokens_b_2494.csv"
"batinggílan","tokens_b_2495.csv"
"batinggul","tokens_b_2496.csv"
"bátir<sub>1</sub>","tokens_b_2497.csv"
"bátir<sub>2</sub>","tokens_b_2498.csv"
"batiri, batiríya","tokens_b_2499.csv"
"batirplay urkids","tokens_b_2500.csv"
"batirul","tokens_b_2501.csv"
"batis","tokens_b_2502.csv"
"batiwtiw","tokens_b_2503.csv"
"batiyà","tokens_b_2504.csv"
"batsi<sub>1</sub>","tokens_b_2505.csv"
"batsi<sub>2</sub>","tokens_b_2506.csv"
"batsíhì","tokens_b_2507.csv"
"batsilyir","tokens_b_2508.csv"
"batu<sub>1</sub>","tokens_b_2509.csv"
"batu<sub>2</sub>","tokens_b_2510.csv"
"batúan","tokens_b_2511.csv"
"batubára","tokens_b_2512.csv"
"batud","tokens_b_2513.csv"
"bátud","tokens_b_2514.csv"
"bátug<sub>1</sub>","tokens_b_2515.csv"
"bátug<sub>2</sub>","tokens_b_2516.csv"
"bat-ug","tokens_b_2517.csv"
"bátuk<sub>1</sub>","tokens_b_2518.csv"
"bátuk<sub>2</sub>","tokens_b_2519.csv"
"bátuk<sub>3</sub>","tokens_b_2520.csv"
"batul<sub>1</sub>","tokens_b_2521.csv"
"batul<sub>2</sub>","tokens_b_2522.csv"
"bátul<sub>1</sub>","tokens_b_2523.csv"
"bátul<sub>2</sub>","tokens_b_2524.csv"
"bat-ul","tokens_b_2525.csv"
"batulang","tokens_b_2526.csv"
"batun<sub>1</sub>","tokens_b_2527.csv"
"batun<sub>2</sub>","tokens_b_2528.csv"
"batung","tokens_b_2529.csv"
"bátung","tokens_b_2530.csv"
"batúnis","tokens_b_2531.csv"
"bátus","tokens_b_2532.csv"
"bat-us","tokens_b_2533.csv"
"batúta","tokens_b_2534.csv"
"batuwang","tokens_b_2535.csv"
"batuytuy","tokens_b_2536.csv"
"batwan","tokens_b_2537.csv"
"batwánun","tokens_b_2538.csv"
"batyà","tokens_b_2539.csv"
"batyag","tokens_b_2540.csv"
"bau","tokens_b_2541.csv"
"baubau","tokens_b_2542.csv"
"báud","tokens_b_2543.csv"
"baug<sub>1</sub>","tokens_b_2544.csv"
"baug<sub>2</sub>","tokens_b_2545.csv"
"báug<sub>2</sub>","tokens_b_2546.csv"
"baul<sub>1</sub>","tokens_b_2547.csv"
"baul<sub>2</sub>","tokens_b_2548.csv"
"baul<sub>3</sub>, bául","tokens_b_2549.csv"
"baulu","tokens_b_2550.csv"
"báung","tokens_b_2551.csv"
"baungun, baúngun","tokens_b_2552.csv"
"báus","tokens_b_2553.csv"
"baut","tokens_b_2554.csv"
"báut<sub>1</sub>","tokens_b_2555.csv"
"báut<sub>2</sub>","tokens_b_2556.csv"
"báut<sub>3</sub>","tokens_b_2557.csv"
"baúu","tokens_b_2558.csv"
"báwang","tokens_b_2559.csv"
"báwas","tokens_b_2560.csv"
"bawbaw<sub>1</sub>","tokens_b_2561.csv"
"bawbaw<sub>2</sub>","tokens_b_2562.csv"
"bawbu","tokens_b_2563.csv"
"bawhag","tokens_b_2564.csv"
"bawhinya","tokens_b_2565.csv"
"báwì","tokens_b_2566.csv"
"báwis","tokens_b_2567.csv"
"bawkag","tokens_b_2568.csv"
"bawnsir","tokens_b_2569.csv"
"bawnus","tokens_b_2570.csv"
"bawtismu","tokens_b_2571.csv"
"bawù","tokens_b_2572.csv"
"baw-u","tokens_b_2573.csv"
"bawud","tokens_b_2574.csv"
"bawug","tokens_b_2575.csv"
"bawugbug","tokens_b_2576.csv"
"báwuk","tokens_b_2577.csv"
"bawukbáwuk","tokens_b_2578.csv"
"báwun","tokens_b_2579.csv"
"bawunas","tokens_b_2580.csv"
"báwund","tokens_b_2581.csv"
"bawungbáwung","tokens_b_2582.csv"
"bawungkut","tokens_b_2583.csv"
"bawúnù","tokens_b_2584.csv"
"bawúnus","tokens_b_2585.csv"
"báwut","tokens_b_2586.csv"
"bay","tokens_b_2587.csv"
"báy","tokens_b_2588.csv"
"bayà<sub>1</sub>","tokens_b_2589.csv"
"bayà<sub>2</sub>","tokens_b_2590.csv"
"bayábas","tokens_b_2591.csv"
"báyad","tokens_b_2592.csv"
"bay-ad","tokens_b_2593.csv"
"bayamban","tokens_b_2594.csv"
"bayanan","tokens_b_2595.csv"
"bayang<sub>1</sub>","tokens_b_2596.csv"
"bayang<sub>2</sub>","tokens_b_2597.csv"
"báyang<sub>2</sub>","tokens_b_2598.csv"
"bay-ang","tokens_b_2599.csv"
"bayang-ang","tokens_b_2600.csv"
"bayangbáyang","tokens_b_2601.csv"
"bayáni","tokens_b_2602.csv"
"bay-ansil","tokens_b_2603.csv"
"báyas","tokens_b_2604.csv"
"bayat","tokens_b_2605.csv"
"bayaw","tokens_b_2606.csv"
"báyaw","tokens_b_2607.csv"
"bayáyat","tokens_b_2608.csv"
"baybay<sub>1</sub>","tokens_b_2609.csv"
"baybay<sub>2</sub>","tokens_b_2610.csv"
"bayhun","tokens_b_2611.csv"
"bayi","tokens_b_2612.csv"
"bayibáyi<sub>1</sub>","tokens_b_2613.csv"
"bayibáyi<sub>2</sub>","tokens_b_2614.csv"
"bayin","tokens_b_2615.csv"
"bayingbaying","tokens_b_2616.csv"
"bayinti","tokens_b_2617.csv"
"baykarb","tokens_b_2618.csv"
"baykawun, baykawunt","tokens_b_2619.csv"
"baylákag","tokens_b_2620.csv"
"baylan","tokens_b_2621.csv"
"bayli","tokens_b_2622.csv"
"baylu","tokens_b_2623.csv"
"bayna","tokens_b_2624.csv"
"baytamins","tokens_b_2625.csv"
"bayu, báyu<sub>1</sub>","tokens_b_2626.csv"
"báyu<sub>2</sub>","tokens_b_2627.csv"
"bayùbáyù","tokens_b_2628.csv"
"báyud","tokens_b_2629.csv"
"bayúdang","tokens_b_2630.csv"
"bay-ug","tokens_b_2631.csv"
"bayugbayug","tokens_b_2632.csv"
"bayugbug","tokens_b_2633.csv"
"bayukáwi","tokens_b_2634.csv"
"bayukbáyuk","tokens_b_2635.csv"
"bayukbuk","tokens_b_2636.csv"
"bayukut","tokens_b_2637.csv"
"bayulin","tokens_b_2638.csv"
"bayulit","tokens_b_2639.csv"
"bayumbu","tokens_b_2640.csv"
"bayung","tokens_b_2641.csv"
"báyung<sub>2</sub>","tokens_b_2642.csv"
"bayungad","tokens_b_2643.csv"
"bayuníta","tokens_b_2644.csv"
"bayupsi","tokens_b_2645.csv"
"bayúrang","tokens_b_2646.csv"
"báyut","tokens_b_2647.csv"
"bayuuk, bayúuk","tokens_b_2648.csv"
"bayúus","tokens_b_2649.csv"
"baywantikwan","tokens_b_2650.csv"
"bi<sub>1</sub>","tokens_b_2651.csv"
"bi<sub>2</sub>","tokens_b_2652.csv"
"bí","tokens_b_2653.csv"
"bias","tokens_b_2654.csv"
"bíaw","tokens_b_2655.csv"
"biaybíay","tokens_b_2656.csv"
"biaypi","tokens_b_2657.csv"
"bíba","tokens_b_2658.csv"
"bíbi<sub>1</sub>","tokens_b_2659.csv"
"bíbi<sub>2</sub>","tokens_b_2660.csv"
"bíbi<sub>3</sub>","tokens_b_2661.csv"
"bibingka","tokens_b_2662.csv"
"bibirun","tokens_b_2663.csv"
"bibisítir","tokens_b_2664.csv"
"bibliya, biblíya","tokens_b_2665.csv"
"bibliyutika, bibliyutíka","tokens_b_2666.csv"
"bíbu","tokens_b_2667.csv"
"bíbut","tokens_b_2668.csv"
"bída<sub>1</sub>","tokens_b_2669.csv"
"bída<sub>2</sub>","tokens_b_2670.csv"
"bidbid","tokens_b_2671.csv"
"bíding<sub>1</sub>","tokens_b_2672.csv"
"bíding<sub>2</sub>, bídings","tokens_b_2673.csv"
"bidiyù","tokens_b_2674.csv"
"bidlak","tokens_b_2675.csv"
"bidlì","tokens_b_2676.csv"
"bidlísiw","tokens_b_2677.csv"
"bidsit, bidsiyit","tokens_b_2678.csv"
"bíduk","tokens_b_2679.csv"
"bidyù","tokens_b_2680.csv"
"bígà<sub>1</sub>","tokens_b_2681.csv"
"bígà<sub>2</sub>","tokens_b_2682.csv"
"bigal","tokens_b_2683.csv"
"bigamya","tokens_b_2684.csv"
"bigatlà","tokens_b_2685.csv"
"bigatlun","tokens_b_2686.csv"
"bigay","tokens_b_2687.csv"
"bigiw","tokens_b_2688.csv"
"bigkas","tokens_b_2689.csv"
"bigking","tokens_b_2690.csv"
"bignì","tokens_b_2691.csv"
"bigsà","tokens_b_2692.csv"
"bigsyat","tokens_b_2693.csv"
"bigtas","tokens_b_2694.csv"
"bigting","tokens_b_2695.csv"
"biguk","tokens_b_2696.csv"
"bigunya","tokens_b_2697.csv"
"bigut<sub>1</sub>","tokens_b_2698.csv"
"bigut<sub>2</sub>, bígut<sub>1</sub>","tokens_b_2699.csv"
"bígut<sub>2</sub>","tokens_b_2700.csv"
"bigúti","tokens_b_2701.csv"
"bigwis<sub>1</sub>","tokens_b_2702.csv"
"bigwis<sub>2</sub>","tokens_b_2703.csv"
"bíhag","tokens_b_2704.csv"
"bíhì","tokens_b_2705.csv"
"bihìbihì, bihihì","tokens_b_2706.csv"
"bihikulu","tokens_b_2707.csv"
"bihilya","tokens_b_2708.csv"
"bíhis","tokens_b_2709.csv"
"bíhu","tokens_b_2710.csv"
"bíhud","tokens_b_2711.csv"
"bihúku","tokens_b_2712.csv"
"bíhun","tokens_b_2713.csv"
"bíi","tokens_b_2714.csv"
"bíka","tokens_b_2715.csv"
"bikabika","tokens_b_2716.csv"
"bíkag","tokens_b_2717.csv"
"bikàkà<sub>1</sub>","tokens_b_2718.csv"
"bikàkà<sub>2</sub>","tokens_b_2719.csv"
"bikang<sub>1</sub>","tokens_b_2720.csv"
"bikang<sub>2</sub>, bíkang","tokens_b_2721.csv"
"bikangkang","tokens_b_2722.csv"
"bikarbunátu","tokens_b_2723.csv"
"bikaryu","tokens_b_2724.csv"
"bikil","tokens_b_2725.csv"
"bíking<sub>1</sub>","tokens_b_2726.csv"
"bíking<sub>2</sub>, — pawdir","tokens_b_2727.csv"
"bikíni","tokens_b_2728.csv"
"bikiri","tokens_b_2729.csv"
"biks<sub>1</sub>","tokens_b_2730.csv"
"biks<sub>2</sub>","tokens_b_2731.csv"
"biktima","tokens_b_2732.csv"
"bikturi","tokens_b_2733.csv"
"bikturya","tokens_b_2734.csv"
"bikturyúsu","tokens_b_2735.csv"
"bíku<sub>1</sub>","tokens_b_2736.csv"
"bíku<sub>2</sub>","tokens_b_2737.csv"
"bikug","tokens_b_2738.csv"
"bíkug<sub>1</sub>","tokens_b_2739.csv"
"bíkug<sub>2</sub>","tokens_b_2740.csv"
"bíkul","tokens_b_2741.csv"
"*bikusbikus","tokens_b_2742.csv"
"bikwad","tokens_b_2743.csv"
"bikwang","tokens_b_2744.csv"
"bikwing","tokens_b_2745.csv"
"bíla","tokens_b_2746.csv"
"bílà, biláan","tokens_b_2747.csv"
"bílad","tokens_b_2748.csv"
"biláda<sub>1</sub>","tokens_b_2749.csv"
"biláda<sub>2</sub>","tokens_b_2750.csv"
"bilag-ung","tokens_b_2751.csv"
"bilakà<sub>1</sub>","tokens_b_2752.csv"
"bilakà<sub>2</sub>","tokens_b_2753.csv"
"bílang","tokens_b_2754.csv"
"bilangbílang","tokens_b_2755.csv"
"bilanggà","tokens_b_2756.csv"
"bilanggù","tokens_b_2757.csv"
"bilanggutánan","tokens_b_2758.csv"
"bilangkad, bilangkat","tokens_b_2759.csv"
"bilar","tokens_b_2760.csv"
"bilas","tokens_b_2761.csv"
"bílas","tokens_b_2762.csv"
"bilásun","tokens_b_2763.csv"
"bilat","tokens_b_2764.csv"
"bilaug","tokens_b_2765.csv"
"bilay","tokens_b_2766.csv"
"bilbátum","tokens_b_2767.csv"
"bilbaw","tokens_b_2768.csv"
"bilbig","tokens_b_2769.csv"
"bilbiki","tokens_b_2770.csv"
"bilbil","tokens_b_2771.csv"
"bilding","tokens_b_2772.csv"
"bildu","tokens_b_2773.csv"
"bildúra","tokens_b_2774.csv"
"bildyun","tokens_b_2775.csv"
"bilgas","tokens_b_2776.csv"
"bilhad","tokens_b_2777.csv"
"bili","tokens_b_2778.csv"
"bilib","tokens_b_2779.csv"
"bilíbid<sub>1,2</sub>","tokens_b_2780.csv"
"bilíbid<sub>3</sub>","tokens_b_2781.csv"
"bilíbud<sub>1,2</sub>","tokens_b_2782.csv"
"bilíbul","tokens_b_2783.csv"
"biligyà","tokens_b_2784.csv"
"bílik","tokens_b_2785.csv"
"bilíkis","tokens_b_2786.csv"
"bilin","tokens_b_2787.csv"
"bílin","tokens_b_2788.csv"
"bil-is","tokens_b_2789.csv"
"biliyun","tokens_b_2790.csv"
"bilt-in","tokens_b_2791.csv"
"biltubil","tokens_b_2792.csv"
"bílu","tokens_b_2793.csv"
"bilug, bílug","tokens_b_2794.csv"
"bilungbilung","tokens_b_2795.csv"
"bílus","tokens_b_2796.csv"
"bilwa","tokens_b_2797.csv"
"bilya<sub>1</sub>","tokens_b_2798.csv"
"bilya<sub>2</sub>","tokens_b_2799.csv"
"bilya<sub>3</sub>","tokens_b_2800.csv"
"bilyáka","tokens_b_2801.csv"
"bilyáku","tokens_b_2802.csv"
"bilyanu","tokens_b_2803.csv"
"bilyar","tokens_b_2804.csv"
"bilyíti","tokens_b_2805.csv"
"bilyu","tokens_b_2806.csv"
"bilyun","tokens_b_2807.csv"
"bimul","tokens_b_2808.csv"
"binag","tokens_b_2809.csv"
"binagri","tokens_b_2810.csv"
"binagsáan","tokens_b_2811.csv"
"binakháwan","tokens_b_2812.csv"
"binalatung","tokens_b_2813.csv"
"binangkal","tokens_b_2814.csv"
"binaw","tokens_b_2815.csv"
"bindáhi","tokens_b_2816.csv"
"binday","tokens_b_2817.csv"
"bindisiyun","tokens_b_2818.csv"
"bindíta","tokens_b_2819.csv"
"bindítu","tokens_b_2820.csv"
"binga, bingà, bingag","tokens_b_2821.csv"
"bingal","tokens_b_2822.csv"
"bíngat","tokens_b_2823.csv"
"bingaw","tokens_b_2824.csv"
"bingbing","tokens_b_2825.csv"
"bingga","tokens_b_2826.csv"
"binggadúra","tokens_b_2827.csv"
"binggála","tokens_b_2828.csv"
"binggansa","tokens_b_2829.csv"
"binggar","tokens_b_2830.csv"
"binggu","tokens_b_2831.csv"
"bingit","tokens_b_2832.csv"
"bingka","tokens_b_2833.csv"
"bingkas","tokens_b_2834.csv"
"bingkil","tokens_b_2835.csv"
"bingkung","tokens_b_2836.csv"
"bingwit<sub>1</sub>","tokens_b_2837.csv"
"bingwit<sub>2</sub>","tokens_b_2838.csv"
"binhamin","tokens_b_2839.csv"
"binhì","tokens_b_2840.csv"
"binhud","tokens_b_2841.csv"
"binibuy","tokens_b_2842.csv"
"binignit","tokens_b_2843.csv"
"binipisyu","tokens_b_2844.csv"
"bínit","tokens_b_2845.csv"
"binlad","tokens_b_2846.csv"
"binlangan","tokens_b_2847.csv"
"binlud","tokens_b_2848.csv"
"binrubyum","tokens_b_2849.csv"
"binsul","tokens_b_2850.csv"
"binta<sub>1</sub>","tokens_b_2851.csv"
"binta<sub>2</sub>","tokens_b_2852.csv"
"binta<sub>3</sub>","tokens_b_2853.csv"
"bintáhà","tokens_b_2854.csv"
"bintánà","tokens_b_2855.csv"
"bintang<sub>1</sub>","tokens_b_2856.csv"
"bintang<sub>2</sub>","tokens_b_2857.csv"
"bintanilya","tokens_b_2858.csv"
"bintarug","tokens_b_2859.csv"
"binti","tokens_b_2860.csv"
"bintì<sub>1</sub>","tokens_b_2861.csv"
"bintì<sub>2</sub>","tokens_b_2862.csv"
"bintiladur","tokens_b_2863.csv"
"bintilasyun","tokens_b_2864.csv"
"bintul<sub>1</sub>","tokens_b_2865.csv"
"bintuláwu","tokens_b_2866.csv"
"bintus","tokens_b_2867.csv"
"bintúsà","tokens_b_2868.csv"
"bínu","tokens_b_2869.csv"
"bínug","tokens_b_2870.csv"
"binulábid","tokens_b_2871.csv"
"binúnga","tokens_b_2872.csv"
"binyal","tokens_b_2873.csv"
"bipíay","tokens_b_2874.csv"
"bip-istik","tokens_b_2875.csv"
"bir<sub>1</sub>","tokens_b_2876.csv"
"bir<sub>2</sub>","tokens_b_2877.csv"
"bira<sub>1</sub>","tokens_b_2878.csv"
"bira<sub>2</sub>","tokens_b_2879.csv"
"biradur","tokens_b_2880.csv"
"biranda","tokens_b_2881.csv"
"biránu","tokens_b_2882.csv"
"birbal","tokens_b_2883.csv"
"birbiki","tokens_b_2884.csv"
"birbína","tokens_b_2885.csv"
"birbu","tokens_b_2886.csv"
"birdadíru","tokens_b_2887.csv"
"birdi","tokens_b_2888.csv"
"birds-ay","tokens_b_2889.csv"
"bird ub paradáyis","tokens_b_2890.csv"
"birdúgu","tokens_b_2891.csv"
"birgansúsa","tokens_b_2892.csv"
"birgat","tokens_b_2893.csv"
"birgatinya","tokens_b_2894.csv"
"birgum kárum","tokens_b_2895.csv"
"birha","tokens_b_2896.csv"
"birhin","tokens_b_2897.csv"
"biribiki","tokens_b_2898.csv"
"biribiri, biribíri","tokens_b_2899.csv"
"bírig","tokens_b_2900.csv"
"biriking","tokens_b_2901.csv"
"bíring","tokens_b_2902.csv"
"birisbiris","tokens_b_2903.csv"
"birlína","tokens_b_2904.csv"
"birmúda<sub>1</sub>","tokens_b_2905.csv"
"birmúda<sub>2</sub>","tokens_b_2906.csv"
"birnakular, birnakyular","tokens_b_2907.csv"
"birnis","tokens_b_2908.csv"
"birsikulu","tokens_b_2909.csv"
"birsiyun","tokens_b_2910.csv"
"birsu<sub>1</sub>","tokens_b_2911.csv"
"birsu<sub>2</sub>","tokens_b_2912.csv"
"birsus","tokens_b_2913.csv"
"birta","tokens_b_2914.csv"
"birtdi","tokens_b_2915.csv"
"birtibra","tokens_b_2916.csv"
"birtikal","tokens_b_2917.csv"
"birtkuntrul","tokens_b_2918.csv"
"birtud","tokens_b_2919.csv"
"birtúsu","tokens_b_2920.csv"
"bírù","tokens_b_2921.csv"
"bíruk<sub>1</sub>","tokens_b_2922.csv"
"bíruk<sub>2</sub>","tokens_b_2923.csv"
"bís<sub>1</sub>","tokens_b_2924.csv"
"bísa","tokens_b_2925.csv"
"bisagak","tokens_b_2926.csv"
"bisagra","tokens_b_2927.csv"
"bisan, bísan","tokens_b_2928.csv"
"bísap","tokens_b_2929.csv"
"bisayà","tokens_b_2930.csv"
"bisbis","tokens_b_2931.csv"
"bisbul","tokens_b_2932.csv"
"bisgù","tokens_b_2933.csv"
"bísi<sub>1</sub>","tokens_b_2934.csv"
"bísi<sub>2</sub>","tokens_b_2935.csv"
"bisíbis","tokens_b_2936.csv"
"bisiklíta","tokens_b_2937.csv"
"bísis","tokens_b_2938.csv"
"bisíta","tokens_b_2939.csv"
"biskù","tokens_b_2940.csv"
"biskundi","tokens_b_2941.csv"
"biskutsu","tokens_b_2942.csv"
"biskwit","tokens_b_2943.csv"
"bisnis","tokens_b_2944.csv"
"bispiras","tokens_b_2945.csv"
"bista<sub>1</sub>","tokens_b_2946.csv"
"bista<sub>2</sub>","tokens_b_2947.csv"
"bisti","tokens_b_2948.csv"
"bistída, bistídu","tokens_b_2949.csv"
"bistig","tokens_b_2950.csv"
"bistipul","tokens_b_2951.csv"
"bistu","tokens_b_2952.csv"
"*bísug","tokens_b_2953.csv"
"bisukut","tokens_b_2954.csv"
"bisul","tokens_b_2955.csv"
"bisung","tokens_b_2956.csv"
"bisyu","tokens_b_2957.csv"
"bítad","tokens_b_2958.csv"
"bitaki","tokens_b_2959.csv"
"bitamin, bitamína","tokens_b_2960.csv"
"bitan-ag","tokens_b_2961.csv"
"bitang","tokens_b_2962.csv"
"bítas","tokens_b_2963.csv"
"bitaug","tokens_b_2964.csv"
"bítaw","tokens_b_2965.csv"
"bítàw","tokens_b_2966.csv"
"bítay","tokens_b_2967.csv"
"bitbit","tokens_b_2968.csv"
"bitì","tokens_b_2969.csv"
"bitíis","tokens_b_2970.csv"
"bitik","tokens_b_2971.csv"
"bitikbitik","tokens_b_2972.csv"
"bitin","tokens_b_2973.csv"
"bítin","tokens_b_2974.csv"
"bitiránu","tokens_b_2975.csv"
"bitirinaryu","tokens_b_2976.csv"
"bitlì","tokens_b_2977.csv"
"bitlig","tokens_b_2978.csv"
"bits<sub>1</sub>","tokens_b_2979.csv"
"bits<sub>2</sub>","tokens_b_2980.csv"
"bitsikurnu","tokens_b_2981.csv"
"bitsin","tokens_b_2982.csv"
"bitsubitsu","tokens_b_2983.csv"
"bitsukuy","tokens_b_2984.csv"
"bitsuylas","tokens_b_2985.csv"
"bítu","tokens_b_2986.csv"
"bitudbitud","tokens_b_2987.csv"
"bitugul","tokens_b_2988.csv"
"bítuk","tokens_b_2989.csv"
"bitulbitul","tokens_b_2990.csv"
"bítuls","tokens_b_2991.csv"
"bitun","tokens_b_2992.csv"
"bitut","tokens_b_2993.csv"
"bitúun","tokens_b_2994.csv"
"bíu","tokens_b_2995.csv"
"biúung","tokens_b_2996.csv"
"bíyà","tokens_b_2997.csv"
"biyaw","tokens_b_2998.csv"
"biyin","tokens_b_2999.csv"
"bíyu","tokens_b_3000.csv"
"blag","tokens_b_3001.csv"
"blak-anwayit","tokens_b_3002.csv"
"blak-áwut","tokens_b_3003.csv"
"blak-ay","tokens_b_3004.csv"
"blakbins","tokens_b_3005.csv"
"blakbur, blakburd","tokens_b_3006.csv"
"blakbúting","tokens_b_3007.csv"
"blakdyak","tokens_b_3008.csv"
"blakhart","tokens_b_3009.csv"
"bláking","tokens_b_3010.csv"
"blakmarkit","tokens_b_3011.csv"
"blakmil, blakmíling","tokens_b_3012.csv"
"blak plin","tokens_b_3013.csv"
"blakrámi","tokens_b_3014.csv"
"blaktin","tokens_b_3015.csv"
"blangku","tokens_b_3016.csv"
"blap","tokens_b_3017.csv"
"blátir","tokens_b_3018.csv"
"bláwus","tokens_b_3019.csv"
"blid","tokens_b_3020.csv"
"blíd","tokens_b_3021.csv"
"blits","tokens_b_3022.csv"
"blú","tokens_b_3023.csv"
"bluáwut","tokens_b_3024.csv"
"blúbuk","tokens_b_3025.csv"
"blúki","tokens_b_3026.csv"
"blúmir","tokens_b_3027.csv"
"blúsa","tokens_b_3028.csv"
"blúsil","tokens_b_3029.csv"
"blúwir","tokens_b_3030.csv"
"bra","tokens_b_3031.csv"
"brad","tokens_b_3032.csv"
"brádir","tokens_b_3033.csv"
"brandi","tokens_b_3034.csv"
"brandilya, brandilyas","tokens_b_3035.csv"
"bras, brás","tokens_b_3036.csv"
"brása, brásas","tokens_b_3037.csv"
"brásu","tokens_b_3038.csv"
"*brásus","tokens_b_3039.csv"
"bráwun","tokens_b_3040.csv"
"brayids míd","tokens_b_3041.csv"
"brayit","tokens_b_3042.csv"
"bríd","tokens_b_3043.csv"
"*brid","tokens_b_3044.csv"
"brids","tokens_b_3045.csv"
"brik","tokens_b_3046.csv"
"brík<sub>1</sub>","tokens_b_3047.csv"
"brík<sub>2</sub>","tokens_b_3048.csv"
"brík<sub>3</sub>","tokens_b_3049.csv"
"brík<sub>4</sub>","tokens_b_3050.csv"
"brík<sub>5</sub>","tokens_b_3051.csv"
"brikdáwun","tokens_b_3052.csv"
"brilyanti","tokens_b_3053.csv"
"brilyantin","tokens_b_3054.csv"
"brilyu","tokens_b_3055.csv"
"brinda","tokens_b_3056.csv"
"bringhawus","tokens_b_3057.csv"
"bríp","tokens_b_3058.csv"
"bris, brís","tokens_b_3059.csv"
"briskas","tokens_b_3060.csv"
"brislit","tokens_b_3061.csv"
"britsis","tokens_b_3062.csv"
"brudkas","tokens_b_3063.csv"
"brudklut","tokens_b_3064.csv"
"brunda","tokens_b_3065.csv"
"brungkítis","tokens_b_3066.csv"
"brungkurab","tokens_b_3067.csv"
"brunsi","tokens_b_3068.csv"
"brutsa","tokens_b_3069.csv"
"brútu","tokens_b_3070.csv"
"brúwa, brúwas","tokens_b_3071.csv"
"bú<sub>1</sub>","tokens_b_3072.csv"
"bú<sub>2</sub>","tokens_b_3073.csv"
"buad","tokens_b_3074.csv"
"buágas","tokens_b_3075.csv"
"buagsa, buagsà","tokens_b_3076.csv"
"buagya","tokens_b_3077.csv"
"buak","tokens_b_3078.csv"
"búang","tokens_b_3079.csv"
"buaw","tokens_b_3080.csv"
"búaw","tokens_b_3081.csv"
"buáya","tokens_b_3082.csv"
"búba","tokens_b_3083.csv"
"bubhu","tokens_b_3084.csv"
"bubhuan","tokens_b_3085.csv"
"búbu<sub>1</sub>","tokens_b_3086.csv"
"búbu<sub>2</sub>, búbù","tokens_b_3087.csv"
"bùbù","tokens_b_3088.csv"
"búbud","tokens_b_3089.csv"
"bubun","tokens_b_3090.csv"
"bubung","tokens_b_3091.csv"
"búd<sub>1</sub>","tokens_b_3092.csv"
"búd<sub>2</sub>","tokens_b_3093.csv"
"búda","tokens_b_3094.csv"
"budabil","tokens_b_3095.csv"
"búdas diúru, pláta","tokens_b_3096.csv"
"budbud","tokens_b_3097.csv"
"budhì<sub>1</sub>","tokens_b_3098.csv"
"budhì<sub>2</sub>","tokens_b_3099.csv"
"budíding","tokens_b_3100.csv"
"budíga","tokens_b_3101.csv"
"budígus","tokens_b_3102.csv"
"budlat","tokens_b_3103.csv"
"budlay","tokens_b_3104.csv"
"budlis","tokens_b_3105.csv"
"budlísiw","tokens_b_3106.csv"
"budlung<sub>1</sub>","tokens_b_3107.csv"
"budlung<sub>2</sub>","tokens_b_3108.csv"
"budlut","tokens_b_3109.csv"
"budluy","tokens_b_3110.csv"
"búdu","tokens_b_3111.csv"
"budyas","tokens_b_3112.csv"
"budyung","tokens_b_3113.csv"
"búg","tokens_b_3114.csv"
"buga","tokens_b_3115.csv"
"búgà","tokens_b_3116.csv"
"bugaguy","tokens_b_3117.csv"
"bugáis","tokens_b_3118.csv"
"bugal","tokens_b_3119.csv"
"búgan","tokens_b_3120.csv"
"bugang","tokens_b_3121.csv"
"bugarak","tokens_b_3122.csv"
"bugarut","tokens_b_3123.csv"
"bugas","tokens_b_3124.csv"
"bug-at","tokens_b_3125.csv"
"bug-átan","tokens_b_3126.csv"
"bugáud","tokens_b_3127.csv"
"bugáung","tokens_b_3128.csv"
"búgaw","tokens_b_3129.csv"
"bugawísan","tokens_b_3130.csv"
"bugay<sub>1</sub>","tokens_b_3131.csv"
"bugay<sub>2</sub>","tokens_b_3132.csv"
"bugbug","tokens_b_3133.csv"
"bugdu","tokens_b_3134.csv"
"bughà","tokens_b_3135.csv"
"bughat","tokens_b_3136.csv"
"bughaw","tokens_b_3137.csv"
"bughuan","tokens_b_3138.csv"
"búgi","tokens_b_3139.csv"
"bugì","tokens_b_3140.csv"
"bugimbilya, buginbilya","tokens_b_3141.csv"
"buging","tokens_b_3142.csv"
"bugírit","tokens_b_3143.csv"
"bugkas","tokens_b_3144.csv"
"bugkus<sub>1</sub>","tokens_b_3145.csv"
"bugkus<sub>2</sub>","tokens_b_3146.csv"
"bugkut","tokens_b_3147.csv"
"bugnà<sub>1</sub>","tokens_b_3148.csv"
"bugnà<sub>2</sub>","tokens_b_3149.csv"
"bugnaw","tokens_b_3150.csv"
"bugnay","tokens_b_3151.csv"
"bugnù","tokens_b_3152.csv"
"bugnúsun","tokens_b_3153.csv"
"bugnut","tokens_b_3154.csv"
"bugsay","tokens_b_3155.csv"
"bugsù<sub>1</sub>","tokens_b_3156.csv"
"bugsù<sub>2</sub>","tokens_b_3157.csv"
"bugsuk","tokens_b_3158.csv"
"bugtai","tokens_b_3159.csv"
"bugtak","tokens_b_3160.csv"
"bugtas","tokens_b_3161.csv"
"bugtaw<sub>1</sub>","tokens_b_3162.csv"
"bugtaw<sub>2</sub>","tokens_b_3163.csv"
"bugtaw<sub>3</sub>","tokens_b_3164.csv"
"bugtaw<sub>4</sub>","tokens_b_3165.csv"
"bugtì","tokens_b_3166.csv"
"bugtik","tokens_b_3167.csv"
"bugtù","tokens_b_3168.csv"
"bugtuk","tokens_b_3169.csv"
"bugtung","tokens_b_3170.csv"
"bugtus","tokens_b_3171.csv"
"bugu","tokens_b_3172.csv"
"búgù<sub>1</sub>","tokens_b_3173.csv"
"búgù<sub>2</sub>","tokens_b_3174.csv"
"buguk<sub>1</sub>, -in-","tokens_b_3175.csv"
"*buguk<sub>2</sub>","tokens_b_3176.csv"
"buguk<sub>3</sub>, búguk<sub>1</sub>","tokens_b_3177.csv"
"búguk<sub>2</sub>","tokens_b_3178.csv"
"bugul, búgul","tokens_b_3179.csv"
"bugun","tokens_b_3180.csv"
"bugung","tokens_b_3181.csv"
"bug-us<sub>1</sub>","tokens_b_3182.csv"
"bug-us<sub>2</sub>","tokens_b_3183.csv"
"buguy","tokens_b_3184.csv"
"bugwad","tokens_b_3185.csv"
"bugwak","tokens_b_3186.csv"
"bugwal","tokens_b_3187.csv"
"bugway","tokens_b_3188.csv"
"bugyas","tokens_b_3189.csv"
"bugyung","tokens_b_3190.csv"
"búha","tokens_b_3191.csv"
"buhágay","tokens_b_3192.csv"
"buhahà, buhàhà","tokens_b_3193.csv"
"buhakhak","tokens_b_3194.csv"
"buhalhal<sub>1</sub>","tokens_b_3195.csv"
"buhalhal<sub>2</sub>","tokens_b_3196.csv"
"buhang","tokens_b_3197.csv"
"buhanghang","tokens_b_3198.csv"
"búhat<sub>2</sub>","tokens_b_3200.csv"
"buháwi, buháwì","tokens_b_3201.csv"
"búhay","tokens_b_3202.csv"
"búhì<sub>1</sub>","tokens_b_3203.csv"
"búhì<sub>2</sub>","tokens_b_3204.csv"
"buhiláman","tokens_b_3205.csv"
"buhimyu","tokens_b_3206.csv"
"buhis","tokens_b_3207.csv"
"buhíyas","tokens_b_3208.csv"
"buhù<sub>1</sub>","tokens_b_3209.csv"
"buhù<sub>2</sub>, búhù","tokens_b_3210.csv"
"buhuk","tokens_b_3211.csv"
"Buhul","tokens_b_3212.csv"
"buhunbúhun","tokens_b_3213.csv"
"buhung","tokens_b_3214.csv"
"buhus, búhus","tokens_b_3215.csv"
"búhut","tokens_b_3216.csv"
"buka","tokens_b_3217.csv"
"búka","tokens_b_3218.csv"
"bukabularyu","tokens_b_3219.csv"
"bukabyirta","tokens_b_3220.csv"
"bukabyirtu","tokens_b_3221.csv"
"bukad","tokens_b_3222.csv"
"búkad<sub>1</sub>","tokens_b_3223.csv"
"búkad<sub>2</sub>","tokens_b_3224.csv"
"bukádu<sub>1</sub>","tokens_b_3225.csv"
"bukag","tokens_b_3226.csv"
"búkag","tokens_b_3227.csv"
"bukagay, bukaghay","tokens_b_3228.csv"
"bukagkag","tokens_b_3229.csv"
"bukàkà","tokens_b_3230.csv"
"bukal","tokens_b_3231.csv"
"búkal<sub>1</sub>","tokens_b_3232.csv"
"búkal<sub>2</sub>","tokens_b_3233.csv"
"bukána","tokens_b_3234.csv"
"bukarilyu","tokens_b_3235.csv"
"bukas<sub>1</sub>","tokens_b_3236.csv"
"bukas<sub>2</sub>, búkas","tokens_b_3237.csv"
"bukasyun","tokens_b_3238.csv"
"bukasyunal","tokens_b_3239.csv"
"bukatut<sub>1</sub>","tokens_b_3240.csv"
"bukatut<sub>2</sub>","tokens_b_3241.csv"
"búkaw<sub>1</sub>","tokens_b_3242.csv"
"búkaw<sub>2</sub>","tokens_b_3243.csv"
"bukáwi","tokens_b_3244.csv"
"búkay","tokens_b_3245.csv"
"bukáyù","tokens_b_3246.csv"
"bukbuk","tokens_b_3247.csv"
"bukdu","tokens_b_3248.csv"
"bukgay","tokens_b_3249.csv"
"bukhad","tokens_b_3250.csv"
"bukháyù","tokens_b_3251.csv"
"buki","tokens_b_3252.csv"
"búkì","tokens_b_3253.csv"
"búki digíra","tokens_b_3254.csv"
"búkid","tokens_b_3255.csv"
"bukìkì","tokens_b_3256.csv"
"bukilya","tokens_b_3257.csv"
"buking","tokens_b_3258.csv"
"búking úpis","tokens_b_3259.csv"
"bukinggan","tokens_b_3260.csv"
"bukiskis<sub>1</sub>","tokens_b_3261.csv"
"bukiskis<sub>2</sub>","tokens_b_3262.csv"
"bukisyunal","tokens_b_3263.csv"
"bukitkit","tokens_b_3264.csv"
"bukitlà","tokens_b_3265.csv"
"buklad<sub>1</sub>","tokens_b_3266.csv"
"*buklad<sub>2</sub>","tokens_b_3267.csv"
"buklas","tokens_b_3268.csv"
"buklat","tokens_b_3269.csv"
"bukni","tokens_b_3270.csv"
"buknul","tokens_b_3271.csv"
"buksidur","tokens_b_3272.csv"
"buksing","tokens_b_3273.csv"
"buksiyadur","tokens_b_3274.csv"
"buktu","tokens_b_3275.csv"
"buktun","tokens_b_3276.csv"
"buktut","tokens_b_3277.csv"
"buku<sub>1</sub>","tokens_b_3278.csv"
"buku<sub>2</sub>","tokens_b_3279.csv"
"bukubar","tokens_b_3280.csv"
"bukùbúkù","tokens_b_3281.csv"
"búkud","tokens_b_3282.csv"
"bukug","tokens_b_3283.csv"
"bukul, búkul","tokens_b_3284.csv"
"búkung<sub>1</sub>","tokens_b_3285.csv"
"búkung<sub>2</sub>","tokens_b_3286.csv"
"bukut","tokens_b_3287.csv"
"búkut","tokens_b_3288.csv"
"bukwas","tokens_b_3289.csv"
"bukway","tokens_b_3290.csv"
"bukya","tokens_b_3291.csv"
"bukyàbukyà","tokens_b_3292.csv"
"búl","tokens_b_3293.csv"
"búla<sub>1</sub>","tokens_b_3294.csv"
"búla<sub>2</sub>","tokens_b_3295.csv"
"búla<sub>3</sub>","tokens_b_3296.csv"
"búla<sub>4</sub>","tokens_b_3297.csv"
"bulà","tokens_b_3298.csv"
"bul-a","tokens_b_3299.csv"
"bulábid","tokens_b_3300.csv"
"bulábung","tokens_b_3301.csv"
"bulad","tokens_b_3302.csv"
"buláda<sub>1</sub>","tokens_b_3303.csv"
"buláda<sub>2, 3</sub>","tokens_b_3304.csv"
"buladur","tokens_b_3305.csv"
"bulag","tokens_b_3306.csv"
"bulagaw","tokens_b_3307.csv"
"bulagsak","tokens_b_3308.csv"
"buláhan<sub>1</sub>","tokens_b_3309.csv"
"buláhan<sub>2</sub>","tokens_b_3310.csv"
"bulahug","tokens_b_3311.csv"
"búlak","tokens_b_3312.csv"
"bulákaw","tokens_b_3313.csv"
"bulakbul","tokens_b_3314.csv"
"bulalakaw","tokens_b_3315.csv"
"bulalákaw","tokens_b_3316.csv"
"bulalhug","tokens_b_3317.csv"
"bulálu, bulálù<sub>1</sub>","tokens_b_3318.csv"
"bulálù<sub>2</sub>","tokens_b_3319.csv"
"bulálung","tokens_b_3320.csv"
"búlan","tokens_b_3321.csv"
"bul-an","tokens_b_3322.csv"
"bulandus","tokens_b_3323.csv"
"búlang<sub>1</sub>","tokens_b_3324.csv"
"búlang<sub>2</sub>","tokens_b_3325.csv"
"bulanghug","tokens_b_3326.csv"
"bulanghuy","tokens_b_3327.csv"
"bulanglang","tokens_b_3328.csv"
"bulangsud","tokens_b_3329.csv"
"bulanit, bulánit","tokens_b_3330.csv"
"bulansud","tokens_b_3331.csv"
"bulanti","tokens_b_3332.csv"
"bulanting","tokens_b_3333.csv"
"bulantis","tokens_b_3334.csv"
"bularat","tokens_b_3335.csv"
"búlas","tokens_b_3336.csv"
"bulásut","tokens_b_3337.csv"
"bulátik","tokens_b_3338.csv"
"bulatsíra","tokens_b_3339.csv"
"bulatsíru","tokens_b_3340.csv"
"bulaus, buláus","tokens_b_3341.csv"
"bulaw","tokens_b_3342.csv"
"buláwis","tokens_b_3343.csv"
"bulay","tokens_b_3344.csv"
"bulay-ug","tokens_b_3345.csv"
"bulbug","tokens_b_3346.csv"
"bulbul","tokens_b_3347.csv"
"buldu","tokens_b_3348.csv"
"buldug","tokens_b_3349.csv"
"buldúsir","tokens_b_3350.csv"
"buldyak","tokens_b_3351.csv"
"bulgan","tokens_b_3352.csv"
"bulgar","tokens_b_3353.csv"
"bulhang","tokens_b_3354.csv"
"bulhay","tokens_b_3355.csv"
"bulhug","tokens_b_3356.csv"
"bulhun","tokens_b_3357.csv"
"bulhut","tokens_b_3358.csv"
"buli","tokens_b_3359.csv"
"bulì","tokens_b_3360.csv"
"bulibard","tokens_b_3361.csv"
"bulíbud<sub>1, 2</sub>","tokens_b_3362.csv"
"bulibul","tokens_b_3363.csv"
"bulíbul","tokens_b_3364.csv"
"bulíbuy","tokens_b_3365.csv"
"búlig<sub>1</sub>","tokens_b_3366.csv"
"búlig<sub>2</sub>","tokens_b_3367.csv"
"bulíkat","tokens_b_3368.csv"
"bulílis","tokens_b_3369.csv"
"bulilit","tokens_b_3370.csv"
"bulilyus","tokens_b_3371.csv"
"bulimánu","tokens_b_3372.csv"
"bulinaw","tokens_b_3373.csv"
"buling","tokens_b_3374.csv"
"búling","tokens_b_3375.csv"
"bulinga","tokens_b_3376.csv"
"bulinggit","tokens_b_3377.csv"
"bulingit","tokens_b_3378.csv"
"bulingut","tokens_b_3379.csv"
"buliníyu","tokens_b_3380.csv"
"bulintang","tokens_b_3381.csv"
"bulíraw","tokens_b_3382.csv"
"bulíring","tokens_b_3383.csv"
"bulíru","tokens_b_3384.csv"
"búlis","tokens_b_3385.csv"
"buliskad","tokens_b_3386.csv"
"búlit<sub>1</sub>","tokens_b_3387.csv"
"búlit<sub>2</sub>","tokens_b_3388.csv"
"bulítas","tokens_b_3389.csv"
"bulitik","tokens_b_3390.csv"
"bulitin","tokens_b_3391.csv"
"bulitsi","tokens_b_3392.csv"
"bulíyus","tokens_b_3393.csv"
"bulkan","tokens_b_3394.csv"
"bulkas","tokens_b_3395.csv"
"bulpin","tokens_b_3396.csv"
"bulsa","tokens_b_3397.csv"
"buls-ay","tokens_b_3398.csv"
"bulsíta","tokens_b_3399.csv"
"bult","tokens_b_3400.csv"
"bultáhi","tokens_b_3401.csv"
"bultimitru","tokens_b_3402.csv"
"bultu","tokens_b_3403.csv"
"búlu<sub>1</sub>","tokens_b_3404.csv"
"búlu<sub>2</sub>, búlù<sub>1</sub>","tokens_b_3405.csv"
"búlù<sub>2</sub>","tokens_b_3406.csv"
"bulúbud","tokens_b_3407.csv"
"búlù","tokens_b_3408.csv"
"búlud","tokens_b_3409.csv"
"bulug<sub>1</sub>","tokens_b_3410.csv"
"bulug<sub>2</sub>","tokens_b_3411.csv"
"bulug<sub>3</sub>","tokens_b_3412.csv"
"bulug<sub>4</sub>","tokens_b_3413.csv"
"bul-ug","tokens_b_3414.csv"
"bulúgan","tokens_b_3415.csv"
"buluk<sub>1</sub>","tokens_b_3416.csv"
"buluk<sub>2</sub>","tokens_b_3417.csv"
"buluk<sub>3</sub>","tokens_b_3418.csv"
"buluk<sub>4</sub>, búluk","tokens_b_3419.csv"
"bulukbuluk","tokens_b_3420.csv"
"bulúkut","tokens_b_3421.csv"
"bulung, búlung<sub>1</sub>","tokens_b_3422.csv"
"búlung<sub>2</sub>","tokens_b_3423.csv"
"*búlung<sub>3</sub>","tokens_b_3424.csv"
"búlung<sub>4</sub>","tokens_b_3425.csv"
"búlung<sub>5</sub>","tokens_b_3426.csv"
"bulúngan","tokens_b_3427.csv"
"buluníyu","tokens_b_3428.csv"
"buluntǎd","tokens_b_3429.csv"
"buluntǎr","tokens_b_3430.csv"
"buluntǐr","tokens_b_3431.csv"
"bulus<sub>1</sub>","tokens_b_3432.csv"
"bulus<sub>2</sub>","tokens_b_3433.csv"
"bulut","tokens_b_3434.csv"
"buluungun","tokens_b_3435.csv"
"búluy","tokens_b_3436.csv"
"bulwang<sub>1</sub>","tokens_b_3437.csv"
"bulwang<sub>2</sub>","tokens_b_3438.csv"
"bulyum","tokens_b_3439.csv"
"búm","tokens_b_3440.csv"
"bumba<sub>1</sub>","tokens_b_3441.csv"
"bumba<sub>2</sub>","tokens_b_3442.csv"
"bumbardíyu","tokens_b_3443.csv"
"bumbay","tokens_b_3444.csv"
"bumbil","tokens_b_3445.csv"
"bumbilya","tokens_b_3446.csv"
"bumbu","tokens_b_3447.csv"
"buna","tokens_b_3448.csv"
"bun-ag","tokens_b_3449.csv"
"búnak","tokens_b_3450.csv"
"búnal","tokens_b_3451.csv"
"búnaw","tokens_b_3452.csv"
"bunáyus","tokens_b_3453.csv"
"bunbun","tokens_b_3454.csv"
"bun buyids","tokens_b_3455.csv"
"bundak","tokens_b_3456.csv"
"bundù<sub>1, 2</sub>","tokens_b_3457.csv"
"bundul","tokens_b_3458.csv"
"búng","tokens_b_3459.csv"
"búnga<sub>1</sub>","tokens_b_3460.csv"
"búnga<sub>2</sub>","tokens_b_3461.csv"
"bungabung, bungábung","tokens_b_3462.csv"
"bungàbungà","tokens_b_3463.csv"
"búngad","tokens_b_3464.csv"
"bungag","tokens_b_3465.csv"
"bungáhuy","tokens_b_3466.csv"
"bungálun","tokens_b_3467.csv"
"búngan","tokens_b_3468.csv"
"bungánga","tokens_b_3469.csv"
"bungarul","tokens_b_3470.csv"
"bungat","tokens_b_3471.csv"
"bungatngat","tokens_b_3472.csv"
"bungátud","tokens_b_3473.csv"
"bungaw","tokens_b_3474.csv"
"bung-aw","tokens_b_3475.csv"
"bungáwu","tokens_b_3476.csv"
"bungáwuy","tokens_b_3477.csv"
"bungay","tokens_b_3478.csv"
"bungbung<sub>1</sub>","tokens_b_3479.csv"
"*bungbung<sub>2</sub>","tokens_b_3480.csv"
"bungdù<sub>1</sub>","tokens_b_3481.csv"
"bungdù<sub>2</sub>","tokens_b_3482.csv"
"bungdul","tokens_b_3483.csv"
"bunggalu","tokens_b_3484.csv"
"bunggu","tokens_b_3485.csv"
"bunggù","tokens_b_3486.csv"
"bunghan","tokens_b_3487.csv"
"bungháyag","tokens_b_3488.csv"
"bunghug","tokens_b_3489.csv"
"bungì","tokens_b_3490.csv"
"bungíngi","tokens_b_3491.csv"
"bungìngì","tokens_b_3492.csv"
"bungisngis","tokens_b_3493.csv"
"bungkag","tokens_b_3495.csv"
"bungkal","tokens_b_3496.csv"
"bungkaliw","tokens_b_3497.csv"
"bungkas","tokens_b_3498.csv"
"bungkawil","tokens_b_3499.csv"
"bungkig","tokens_b_3500.csv"
"bungkug","tokens_b_3501.csv"
"bungkul","tokens_b_3502.csv"
"bungkut","tokens_b_3503.csv"
"bunglay","tokens_b_3504.csv"
"bungsì","tokens_b_3505.csv"
"bungsud","tokens_b_3506.csv"
"bungtud","tokens_b_3507.csv"
"búngug","tokens_b_3508.csv"
"bungul<sub>1</sub>","tokens_b_3509.csv"
"bungul<sub>2</sub>","tokens_b_3510.csv"
"bungul<sub>3</sub>","tokens_b_3511.csv"
"bungulan, bungúlan","tokens_b_3512.csv"
"búngun","tokens_b_3513.csv"
"búngut","tokens_b_3514.csv"
"bunguy","tokens_b_3515.csv"
"bunhayag","tokens_b_3516.csv"
"bunhuk","tokens_b_3517.csv"
"búni","tokens_b_3518.csv"
"bun-i","tokens_b_3519.csv"
"buníta","tokens_b_3520.csv"
"bunítu","tokens_b_3521.csv"
"bunkawil","tokens_b_3522.csv"
"bunkul","tokens_b_3523.csv"
"bunlaw","tokens_b_3524.csv"
"bunlay","tokens_b_3525.csv"
"bunlud","tokens_b_3526.csv"
"bunlut","tokens_b_3527.csv"
"bunsákà, bunsíkà","tokens_b_3528.csv"
"bunsálù","tokens_b_3529.csv"
"bunsù","tokens_b_3530.csv"
"bunsud","tokens_b_3531.csv"
"bunsudbunsud","tokens_b_3532.csv"
"buntag","tokens_b_3533.csv"
"buntal","tokens_b_3534.csv"
"buntas","tokens_b_3535.csv"
"buntaug","tokens_b_3536.csv"
"buntaw","tokens_b_3537.csv"
"buntay","tokens_b_3538.csv"
"buntis<sub>1</sub>","tokens_b_3539.csv"
"buntis<sub>2</sub>","tokens_b_3540.csv"
"buntud","tokens_b_3541.csv"
"buntug<sub>1</sub>","tokens_b_3542.csv"
"buntug<sub>2</sub>","tokens_b_3543.csv"
"buntug<sub>3</sub>","tokens_b_3544.csv"
"buntúgun","tokens_b_3545.csv"
"buntul<sub>1</sub>","tokens_b_3546.csv"
"buntul<sub>2</sub>","tokens_b_3547.csv"
"buntul<sub>3</sub>","tokens_b_3548.csv"
"buntung","tokens_b_3549.csv"
"bunù<sub>1</sub>","tokens_b_3550.csv"
"bunù<sub>2</sub>","tokens_b_3551.csv"
"bun-u","tokens_b_3552.csv"
"búnug","tokens_b_3553.csv"
"bun-ug<sub>1</sub>","tokens_b_3554.csv"
"bun-ug<sub>2</sub>","tokens_b_3555.csv"
"búnuk","tokens_b_3556.csv"
"búnul","tokens_b_3557.csv"
"bunulun","tokens_b_3558.csv"
"búnus<sub>1</sub>","tokens_b_3559.csv"
"búnus<sub>2</sub>","tokens_b_3560.csv"
"búnus<sub>3</sub>","tokens_b_3561.csv"
"bunut","tokens_b_3562.csv"
"búnut","tokens_b_3563.csv"
"bunyag","tokens_b_3564.csv"
"bunyun","tokens_b_3565.csv"
"bupanda","tokens_b_3566.csv"
"bupíti","tokens_b_3567.csv"
"burábug<sub>1</sub>","tokens_b_3568.csv"
"burábug<sub>2</sub>","tokens_b_3569.csv"
"buradur","tokens_b_3570.csv"
"burak","tokens_b_3571.csv"
"burakburak","tokens_b_3572.csv"
"burarà","tokens_b_3573.csv"
"buraska","tokens_b_3574.csv"
"buraw","tokens_b_3575.csv"
"buraybúray","tokens_b_3576.csv"
"burd<sub>1</sub>","tokens_b_3577.csv"
"burd<sub>2</sub>","tokens_b_3578.csv"
"burda","tokens_b_3579.csv"
"burdag","tokens_b_3580.csv"
"burdáhi","tokens_b_3581.csv"
"burd pit","tokens_b_3582.csv"
"burdu","tokens_b_3583.csv"
"burdug","tokens_b_3584.csv"
"burdun","tokens_b_3585.csv"
"burgahuy","tokens_b_3586.csv"
"burgis","tokens_b_3587.csv"
"burídu","tokens_b_3588.csv"
"burilyus","tokens_b_3589.csv"
"buringug","tokens_b_3590.csv"
"buringut","tokens_b_3591.csv"
"buríring","tokens_b_3592.csv"
"buriskas","tokens_b_3593.csv"
"búrit","tokens_b_3594.csv"
"burlas","tokens_b_3595.csv"
"burlis","tokens_b_3596.csv"
"burnay","tokens_b_3597.csv"
"burnir","tokens_b_3598.csv"
"burniyu","tokens_b_3599.csv"
"bursa","tokens_b_3600.csv"
"bursigi","tokens_b_3601.csv"
"búru<sub>1</sub>","tokens_b_3602.csv"
"búru<sub>2</sub>","tokens_b_3603.csv"
"burud","tokens_b_3604.csv"
"burúka","tokens_b_3605.csv"
"burukburuk","tokens_b_3606.csv"
"burukinta","tokens_b_3607.csv"
"burukintu","tokens_b_3608.csv"
"burul<sub>1</sub>","tokens_b_3609.csv"
"burul<sub>2</sub>, búrul","tokens_b_3610.csv"
"burunda","tokens_b_3611.csv"
"burung","tokens_b_3612.csv"
"buruníyu","tokens_b_3613.csv"
"burus","tokens_b_3614.csv"
"búrut","tokens_b_3615.csv"
"burúwas","tokens_b_3616.csv"
"búruy","tokens_b_3617.csv"
"bus<sub>1</sub>","tokens_b_3618.csv"
"bus<sub>2</sub>","tokens_b_3619.csv"
"bus<sub>3</sub>, bús","tokens_b_3620.csv"
"bús<sub>2</sub>","tokens_b_3621.csv"
"búsa, búsà","tokens_b_3622.csv"
"busagak, buságak","tokens_b_3623.csv"
"busak","tokens_b_3624.csv"
"busal","tokens_b_3625.csv"
"busaug","tokens_b_3626.csv"
"búsaw<sub>1</sub>","tokens_b_3627.csv"
"búsaw<sub>2</sub>","tokens_b_3628.csv"
"bus-aw","tokens_b_3629.csv"
"busáwus","tokens_b_3630.csv"
"busay","tokens_b_3631.csv"
"busbus<sub>1</sub>","tokens_b_3632.csv"
"busbus<sub>2</sub>","tokens_b_3633.csv"
"busdak","tokens_b_3634.csv"
"busdik","tokens_b_3635.csv"
"busdù","tokens_b_3636.csv"
"búsi","tokens_b_3637.csv"
"busíad, busíkad","tokens_b_3638.csv"
"busílak","tokens_b_3639.csv"
"busína","tokens_b_3640.csv"
"*búsing","tokens_b_3641.csv"
"busing-ut","tokens_b_3642.csv"
"busíru","tokens_b_3643.csv"
"busìsì","tokens_b_3644.csv"
"buskad<sub>1</sub>","tokens_b_3645.csv"
"buskad<sub>2</sub>","tokens_b_3646.csv"
"buskag","tokens_b_3647.csv"
"busla","tokens_b_3648.csv"
"buslung","tokens_b_3649.csv"
"buslut","tokens_b_3650.csv"
"busngal","tokens_b_3651.csv"
"busngì","tokens_b_3652.csv"
"bustipul","tokens_b_3653.csv"
"bustu","tokens_b_3654.csv"
"búsu","tokens_b_3655.csv"
"busug<sub>1</sub>","tokens_b_3656.csv"
"busug<sub>2</sub>","tokens_b_3657.csv"
"búsug","tokens_b_3658.csv"
"bus-uk","tokens_b_3659.csv"
"busun","tokens_b_3660.csv"
"búsung","tokens_b_3661.csv"
"buswak","tokens_b_3662.csv"
"buswang","tokens_b_3663.csv"
"buswat","tokens_b_3664.csv"
"busyad","tokens_b_3665.csv"
"busyu","tokens_b_3666.csv"
"bút","tokens_b_3667.csv"
"búta","tokens_b_3668.csv"
"bútad","tokens_b_3669.csv"
"butáka<sub>1</sub>","tokens_b_3670.csv"
"butakal","tokens_b_3671.csv"
"butalhag","tokens_b_3672.csv"
"butalid","tokens_b_3673.csv"
"butálid","tokens_b_3674.csv"
"butaltal","tokens_b_3675.csv"
"butalù","tokens_b_3676.csv"
"butang<sub>1</sub>","tokens_b_3677.csv"
"butang<sub>2</sub>","tokens_b_3678.csv"
"butanika","tokens_b_3679.csv"
"butaniku","tokens_b_3680.csv"
"butanti","tokens_b_3681.csv"
"butar","tokens_b_3682.csv"
"bútas<sub>1</sub>","tokens_b_3683.csv"
"bútas<sub>2</sub>","tokens_b_3684.csv"
"butasiyun","tokens_b_3685.csv"
"butay<sub>1</sub>","tokens_b_3686.csv"
"butay<sub>2</sub>","tokens_b_3687.csv"
"butay-ad","tokens_b_3688.csv"
"butbut<sub>1</sub>","tokens_b_3689.csv"
"butbut<sub>2</sub>","tokens_b_3690.csv"
"butbut<sub>3</sub>","tokens_b_3691.csv"
"buthù","tokens_b_3692.csv"
"buti","tokens_b_3693.csv"
"búti<sub>1</sub>","tokens_b_3694.csv"
"búti<sub>2</sub>","tokens_b_3695.csv"
"butíbut","tokens_b_3696.csv"
"butig<sub>1</sub>","tokens_b_3697.csv"
"butig<sub>2</sub>","tokens_b_3698.csv"
"butígis","tokens_b_3699.csv"
"butíka","tokens_b_3700.csv"
"butikaryu","tokens_b_3701.csv"
"butíkug","tokens_b_3702.csv"
"butíkul","tokens_b_3703.csv"
"bútil","tokens_b_3704.csv"
"butilus","tokens_b_3705.csv"
"butilya","tokens_b_3706.csv"
"búting","tokens_b_3707.csv"
"butingting","tokens_b_3708.csv"
"butírik","tokens_b_3709.csv"
"butirus","tokens_b_3710.csv"
"butíti","tokens_b_3711.csv"
"butku","tokens_b_3712.csv"
"butkun","tokens_b_3713.csv"
"butlig","tokens_b_3714.csv"
"butlug","tokens_b_3715.csv"
"butsáka","tokens_b_3716.csv"
"butsi","tokens_b_3717.csv"
"butsing","tokens_b_3718.csv"
"butsir","tokens_b_3719.csv"
"butsu","tokens_b_3720.csv"
"butsukuy","tokens_b_3721.csv"
"butu<sub>1</sub>","tokens_b_3722.csv"
"butu<sub>2</sub>","tokens_b_3723.csv"
"bútu","tokens_b_3724.csv"
"bútù","tokens_b_3725.csv"
"butùbútù","tokens_b_3726.csv"
"bútud","tokens_b_3727.csv"
"butuk<sub>1</sub>","tokens_b_3728.csv"
"butuk<sub>2</sub>","tokens_b_3729.csv"
"bútuk","tokens_b_3730.csv"
"but-uk<sub>1</sub>","tokens_b_3731.csv"
"but-uk<sub>2</sub>","tokens_b_3732.csv"
"butul","tokens_b_3733.csv"
"butun","tokens_b_3734.csv"
"butung<sub>1</sub>","tokens_b_3735.csv"
"butung<sub>2</sub>","tokens_b_3736.csv"
"butúnis","tokens_b_3737.csv"
"bútuy","tokens_b_3738.csv"
"butyag","tokens_b_3739.csv"
"búud","tokens_b_3740.csv"
"búug","tokens_b_3741.csv"
"buuk","tokens_b_3742.csv"
"buulbúul","tokens_b_3743.csv"
"buun","tokens_b_3744.csv"
"buung","tokens_b_3745.csv"
"búung","tokens_b_3746.csv"
"buungun, buúngun","tokens_b_3747.csv"
"búus","tokens_b_3748.csv"
"buut","tokens_b_3749.csv"
"búut","tokens_b_3750.csv"
"buútan<sub>1</sub>","tokens_b_3751.csv"
"buútan<sub>2</sub>","tokens_b_3752.csv"
"buúti","tokens_b_3753.csv"
"buwa","tokens_b_3754.csv"
"buwa-","tokens_b_3755.csv"
"búwà<sub>1</sub>","tokens_b_3756.csv"
"búwà<sub>2</sub>","tokens_b_3757.csv"
"búwà<sub>3</sub>","tokens_b_3758.csv"
"buwal","tokens_b_3759.csv"
"buwang<sub>1</sub>","tokens_b_3760.csv"
"buwang<sub>2</sub>, búwang","tokens_b_3761.csv"
"buway","tokens_b_3762.csv"
"búy<sub>1</sub>","tokens_b_3763.csv"
"búy<sub>2</sub>","tokens_b_3764.csv"
"búya<sub>1</sub>","tokens_b_3765.csv"
"búya<sub>2</sub>","tokens_b_3766.csv"
"buyag","tokens_b_3767.csv"
"buyagan","tokens_b_3768.csv"
"buyang","tokens_b_3769.csv"
"buyang-ang","tokens_b_3770.csv"
"buyangyang","tokens_b_3771.csv"
"buyasyas","tokens_b_3772.csv"
"buybuy","tokens_b_3773.csv"
"buyinggit","tokens_b_3774.csv"
"buykutíyu","tokens_b_3775.csv"
"*buylas","tokens_b_3776.csv"
"buylu","tokens_b_3777.csv"
"buylug","tokens_b_3778.csv"
"*buyna<sub>1</sub>","tokens_b_3779.csv"
"buynas","tokens_b_3780.csv"
"buynu","tokens_b_3781.csv"
"buyprind","tokens_b_3782.csv"
"buysit","tokens_b_3783.csv"
"buyu, buyù","tokens_b_3784.csv"
"búyù","tokens_b_3785.csv"
"búyud","tokens_b_3786.csv"
"buy-ud","tokens_b_3787.csv"
"buyug<sub>1</sub>","tokens_b_3788.csv"
"buyug<sub>2</sub>","tokens_b_3789.csv"
"búyuk<sub>1</sub>","tokens_b_3790.csv"
"búyuk<sub>2</sub>","tokens_b_3791.csv"
"buy-uk","tokens_b_3792.csv"
"buyun","tokens_b_3793.csv"
"búyun","tokens_b_3794.csv"
"buy-un","tokens_b_3795.csv"
"buyung","tokens_b_3796.csv"
"búyung","tokens_b_3797.csv"
"búyut","tokens_b_3798.csv"
"bwabuwa","tokens_b_3799.csv"
"bwágas","tokens_b_3800.csv"
"bwáhan","tokens_b_3801.csv"
"bwáhat","tokens_b_3802.csv"
"bwanbúwan","tokens_b_3803.csv"
"bwáus","tokens_b_3804.csv"
"bwi-","tokens_b_3805.csv"
"bwilta","tokens_b_3806.csv"
"bwinggit","tokens_b_3807.csv"
"byábas","tokens_b_3808.csv"
"byáhi","tokens_b_3809.csv"
"byakrúsis","tokens_b_3810.csv"
"byamban","tokens_b_3811.csv"
"byanggas","tokens_b_3812.csv"
"byantì","tokens_b_3813.csv"
"byásung","tokens_b_3814.csv"
"byáta","tokens_b_3815.csv"
"byatiku","tokens_b_3816.csv"
"byatilis","tokens_b_3817.csv"
"byátu","tokens_b_3818.csv"
"byinbinída","tokens_b_3819.csv"
"byínis","tokens_b_3820.csv"
"byintus","tokens_b_3821.csv"
"byirnis","tokens_b_3822.csv"
"byú","tokens_b_3823.csv"
"byúda","tokens_b_3824.csv"
"byúdu","tokens_b_3825.csv"
"byugul, byúgul","tokens_b_3826.csv"
"byulin","tokens_b_3827.csv"
"byulíta","tokens_b_3828.csv"
"byumbu","tokens_b_3829.csv"
"byúti parlur","tokens_b_3830.csv"
"byúuk","tokens_b_3831.csv"
"byúus","tokens_b_3832.csv"
"da","tokens_d_3833.csv"
"dá","tokens_d_3834.csv"
"dà","tokens_d_3835.csv"
"dâ","tokens_d_3836.csv"
"daabdaab","tokens_d_3837.csv"
"dáan","tokens_d_3838.csv"
"daánà","tokens_d_3839.csv"
"daáni","tokens_d_3840.csv"
"dáat","tokens_d_3841.csv"
"daay","tokens_d_3842.csv"
"dába","tokens_d_3843.csv"
"dabdab","tokens_d_3844.csv"
"dabudabu, dabudábu","tokens_d_3845.csv"
"dábuk<sub>1</sub>","tokens_d_3846.csv"
"dábuk<sub>2</sub>","tokens_d_3847.csv"
"dabul bid","tokens_d_3848.csv"
"dabung","tokens_d_3849.csv"
"dádi","tokens_d_3850.csv"
"dága<sub>1</sub>","tokens_d_3851.csv"
"dága<sub>2</sub>","tokens_d_3852.csv"
"dagà","tokens_d_3853.csv"
"dagáang","tokens_d_3854.csv"
"dagabdab","tokens_d_3855.csv"
"dagáhay","tokens_d_3856.csv"
"dagámi","tokens_d_3857.csv"
"dágan","tokens_d_3858.csv"
"dagánas","tokens_d_3859.csv"
"dagandang","tokens_d_3860.csv"
"dagang","tokens_d_3861.csv"
"dágang","tokens_d_3862.csv"
"dagangdang","tokens_d_3863.csv"
"dagasdas<sub>1</sub>","tokens_d_3864.csv"
"dagasdas<sub>2</sub>","tokens_d_3865.csv"
"dágat","tokens_d_3866.csv"
"dagaw","tokens_d_3867.csv"
"*dagáyà","tokens_d_3868.csv"
"dagayday","tokens_d_3869.csv"
"dagdag","tokens_d_3870.csv"
"daghan","tokens_d_3871.csv"
"daghung","tokens_d_3872.csv"
"dagil","tokens_d_3873.csv"
"daging","tokens_d_3874.csv"
"dagínut","tokens_d_3875.csv"
"dágir","tokens_d_3876.csv"
"dágit","tokens_d_3877.csv"
"dagítab","tokens_d_3878.csv"
"dagkut","tokens_d_3879.csv"
"dagmà","tokens_d_3880.csv"
"dagmal","tokens_d_3881.csv"
"dagmuk","tokens_d_3882.csv"
"dagnay","tokens_d_3883.csv"
"dagpak","tokens_d_3884.csv"
"dagpal<sub>1</sub>","tokens_d_3885.csv"
"dagpal<sub>2</sub>","tokens_d_3886.csv"
"dagpas","tokens_d_3887.csv"
"dagpì","tokens_d_3888.csv"
"dagsà","tokens_d_3889.csv"
"dagsang","tokens_d_3890.csv"
"dagsay","tokens_d_3891.csv"
"dagtum","tokens_d_3892.csv"
"dagubdub","tokens_d_3893.csv"
"dagúhub","tokens_d_3894.csv"
"dagúhung","tokens_d_3895.csv"
"dagukduk<sub>1</sub>","tokens_d_3896.csv"
"dagul","tokens_d_3897.csv"
"dágum","tokens_d_3898.csv"
"dag-um","tokens_d_3899.csv"
"dagun","tokens_d_3900.csv"
"dagundagun","tokens_d_3901.csv"
"dagundun<sub>1</sub>","tokens_d_3902.csv"
"dagundun<sub>2</sub>","tokens_d_3903.csv"
"dagundung, dagungdung","tokens_d_3904.csv"
"dágut","tokens_d_3905.csv"
"dagúuk","tokens_d_3906.csv"
"dagway","tokens_d_3907.csv"
"dagyaw","tokens_d_3908.csv"
"dahan","tokens_d_3909.csv"
"dahay","tokens_d_3910.csv"
"dáhig","tokens_d_3911.csv"
"dahik","tokens_d_3912.csv"
"dahil","tokens_d_3913.csv"
"dahilì","tokens_d_3914.csv"
"dahílì","tokens_d_3915.csv"
"dahilug","tokens_d_3916.csv"
"dahílug","tokens_d_3917.csv"
"dahílus","tokens_d_3918.csv"
"dahinggay","tokens_d_3919.csv"
"dahiraw","tokens_d_3920.csv"
"dahis","tokens_d_3921.csv"
"dahug","tokens_d_3922.csv"
"dáhug","tokens_d_3923.csv"
"dahul","tokens_d_3924.csv"
"dahúlug","tokens_d_3925.csv"
"dahum","tokens_d_3926.csv"
"dáhun","tokens_d_3927.csv"
"dahúnug","tokens_d_3928.csv"
"dáhup","tokens_d_3929.csv"
"dahut","tokens_d_3930.csv"
"dahúyag","tokens_d_3931.csv"
"dáig","tokens_d_3932.csv"
"dáik","tokens_d_3933.csv"
"dail","tokens_d_3934.csv"
"daílus","tokens_d_3935.csv"
"daít","tokens_d_3936.csv"
"daitul, daítul","tokens_d_3937.csv"
"*daiya","tokens_d_3938.csv"
"dak","tokens_d_3939.csv"
"dakaldakal","tokens_d_3940.csv"
"dakan","tokens_d_3941.csv"
"dakbálay","tokens_d_3942.csv"
"dakbayan","tokens_d_3943.csv"
"dakbut","tokens_d_3944.csv"
"dakdak","tokens_d_3945.csv"
"dakdákan","tokens_d_3946.csv"
"dakinas, dakin-as","tokens_d_3947.csv"
"dákit","tokens_d_3948.csv"
"daklap","tokens_d_3949.csv"
"daklit","tokens_d_3950.csv"
"dakrun","tokens_d_3951.csv"
"daktil","tokens_d_3952.csv"
"daktul","tokens_d_3953.csv"
"dakù","tokens_d_3954.csv"
"dakul","tokens_d_3955.csv"
"dákun","tokens_d_3956.csv"
"dakung","tokens_d_3957.csv"
"dakup","tokens_d_3958.csv"
"dakúyung","tokens_d_3959.csv"
"dakyup","tokens_d_3960.csv"
"dál","tokens_d_3961.csv"
"dala","tokens_d_3962.csv"
"dalag<sub>1</sub>","tokens_d_3963.csv"
"dalag<sub>2</sub>","tokens_d_3964.csv"
"dalága<sub>1</sub>","tokens_d_3965.csv"
"*dalága<sub>2</sub>","tokens_d_3966.csv"
"dalágan","tokens_d_3967.csv"
"dalagangdang","tokens_d_3968.csv"
"daláhig","tokens_d_3969.csv"
"dalahik","tokens_d_3970.csv"
"dalakit","tokens_d_3971.csv"
"dálam","tokens_d_3972.csv"
"dalambà","tokens_d_3973.csv"
"dálan","tokens_d_3974.csv"
"dalángin","tokens_d_3975.csv"
"dálap","tokens_d_3976.csv"
"dalapúgan","tokens_d_3977.csv"
"dalaput","tokens_d_3978.csv"
"dálar","tokens_d_3979.csv"
"dalaurà","tokens_d_3980.csv"
"daláyig","tokens_d_3981.csv"
"daldag","tokens_d_3982.csv"
"daldal","tokens_d_3983.csv"
"dalhap","tokens_d_3984.csv"
"dalhig","tokens_d_3985.csv"
"dalhug","tokens_d_3986.csv"
"dáli","tokens_d_3987.csv"
"dalì<sub>1</sub>","tokens_d_3988.csv"
"dalì<sub>2</sub>","tokens_d_3989.csv"
"dalid","tokens_d_3990.csv"
"dalidáli","tokens_d_3991.csv"
"daligdig","tokens_d_3992.csv"
"dalikdik","tokens_d_3993.csv"
"dalikyat","tokens_d_3994.csv"
"dalílang","tokens_d_3995.csv"
"dalin-as","tokens_d_3996.csv"
"dalinúan","tokens_d_3997.csv"
"dalínug","tokens_d_3998.csv"
"dalipanus, dalipánus","tokens_d_3999.csv"
"dalipsang","tokens_d_4000.csv"
"dalipsù","tokens_d_4001.csv"
"dalipsut síhì","tokens_d_4002.csv"
"dalipunga, dalipungà","tokens_d_4003.csv"
"dalísay","tokens_d_4004.csv"
"dalispang","tokens_d_4005.csv"
"dalispù","tokens_d_4006.csv"
"dálit","tokens_d_4007.csv"
"dalítik","tokens_d_4008.csv"
"dalius-us","tokens_d_4009.csv"
"dalù","tokens_d_4010.csv"
"daludalu","tokens_d_4011.csv"
"dalugdug","tokens_d_4012.csv"
"daluk-an","tokens_d_4013.csv"
"dálum","tokens_d_4014.csv"
"dalundalun","tokens_d_4015.csv"
"dalundun","tokens_d_4016.csv"
"dalungdung","tokens_d_4017.csv"
"dalunggan","tokens_d_4018.csv"
"dalúpang","tokens_d_4019.csv"
"dalupápa","tokens_d_4020.csv"
"dalupúgan","tokens_d_4021.csv"
"dal-us","tokens_d_4022.csv"
"dalus-us","tokens_d_4023.csv"
"daluyduy","tokens_d_4024.csv"
"dalwak","tokens_d_4025.csv"
"dalyang","tokens_d_4026.csv"
"dam","tokens_d_4027.csv"
"dáma<sub>1</sub>","tokens_d_4028.csv"
"dáma<sub>2</sub>","tokens_d_4029.csv"
"dáma<sub>3</sub>","tokens_d_4030.csv"
"dáma dinutsi","tokens_d_4031.csv"
"dámag<sub>1</sub>","tokens_d_4032.csv"
"dámag<sub>2</sub>","tokens_d_4033.csv"
"dam-ag","tokens_d_4034.csv"
"damagan<sub>2</sub>","tokens_d_4036.csv"
"damahwána","tokens_d_4037.csv"
"damak","tokens_d_4038.csv"
"daman<sub>1</sub>","tokens_d_4039.csv"
"daman<sub>2</sub>","tokens_d_4040.csv"
"dámas","tokens_d_4041.csv"
"dambà","tokens_d_4042.csv"
"dambil","tokens_d_4043.csv"
"damgu","tokens_d_4044.csv"
"damhuy","tokens_d_4045.csv"
"dámids","tokens_d_4046.csv"
"damig","tokens_d_4047.csv"
"damikà, damíkà","tokens_d_4048.csv"
"damili","tokens_d_4049.csv"
"damlag","tokens_d_4050.csv"
"dampilas","tokens_d_4051.csv"
"dampiyas","tokens_d_4052.csv"
"dampug","tokens_d_4053.csv"
"damput<sub>1</sub>","tokens_d_4054.csv"
"damput<sub>2</sub>","tokens_d_4055.csv"
"dampuug","tokens_d_4056.csv"
"damù","tokens_d_4057.csv"
"dámù","tokens_d_4058.csv"
"dam-ug","tokens_d_4059.csv"
"dam-uk","tokens_d_4060.csv"
"damulmug, damulug","tokens_d_4061.csv"
"dámung","tokens_d_4062.csv"
"damurhaw","tokens_d_4063.csv"
"damúsing","tokens_d_4064.csv"
"dam-ut","tokens_d_4065.csv"
"damyang","tokens_d_4066.csv"
"damyu","tokens_d_4067.csv"
"dan","tokens_d_4068.csv"
"dán","tokens_d_4069.csv"
"dánag","tokens_d_4070.csv"
"dan-ag","tokens_d_4071.csv"
"danakit","tokens_d_4072.csv"
"dánas","tokens_d_4073.csv"
"danasdánas","tokens_d_4074.csv"
"dánaw","tokens_d_4075.csv"
"danay","tokens_d_4076.csv"
"danga","tokens_d_4077.csv"
"dangàdangà","tokens_d_4078.csv"
"dangag","tokens_d_4079.csv"
"dángan<sub>1</sub>","tokens_d_4080.csv"
"dángan<sub>2</sub>","tokens_d_4081.csv"
"dangarag","tokens_d_4082.csv"
"dangarang","tokens_d_4083.csv"
"dangas<sub>1</sub>","tokens_d_4084.csv"
"dangas<sub>2</sub>","tokens_d_4085.csv"
"dángas, dangás","tokens_d_4086.csv"
"dángat","tokens_d_4087.csv"
"dángaw","tokens_d_4088.csv"
"dangay","tokens_d_4089.csv"
"dángay","tokens_d_4090.csv"
"dangdang","tokens_d_4091.csv"
"danggà<sub>1</sub>","tokens_d_4092.csv"
"danggà<sub>2</sub>","tokens_d_4093.csv"
"danggas","tokens_d_4094.csv"
"danggit","tokens_d_4095.csv"
"danghag","tokens_d_4096.csv"
"danghal","tokens_d_4097.csv"
"danghili","tokens_d_4098.csv"
"dangílag","tokens_d_4099.csv"
"dangili","tokens_d_4100.csv"
"dangka","tokens_d_4101.csv"
"dangkalan","tokens_d_4102.csv"
"dangkit","tokens_d_4103.csv"
"dangkúlus","tokens_d_4104.csv"
"danglas","tokens_d_4105.csv"
"danglay","tokens_d_4106.csv"
"danglug","tokens_d_4107.csv"
"dangput","tokens_d_4108.csv"
"dangs","tokens_d_4109.csv"
"dangug, dángug","tokens_d_4110.csv"
"dangulngul","tokens_d_4111.csv"
"dangup","tokens_d_4112.csv"
"danguynguy","tokens_d_4113.csv"
"dani","tokens_d_4114.csv"
"danlak","tokens_d_4115.csv"
"danlug","tokens_d_4116.csv"
"dansbul","tokens_d_4117.csv"
"dansir","tokens_d_4118.csv"
"dansuy","tokens_d_4119.csv"
"danug","tokens_d_4120.csv"
"dan-uk","tokens_d_4121.csv"
"danyus","tokens_d_4122.csv"
"dáp","tokens_d_4123.csv"
"dapà<sub>1</sub>","tokens_d_4124.csv"
"dapà<sub>2</sub>","tokens_d_4125.csv"
"dapà<sub>3</sub>","tokens_d_4126.csv"
"dap-ag","tokens_d_4127.csv"
"dapak","tokens_d_4128.csv"
"dápak","tokens_d_4129.csv"
"dápal","tokens_d_4130.csv"
"dap-as<sub>1</sub>","tokens_d_4131.csv"
"dap-as<sub>2</sub>","tokens_d_4132.csv"
"dápat","tokens_d_4133.csv"
"dápaw<sub>1</sub>","tokens_d_4134.csv"
"dápaw<sub>2</sub>","tokens_d_4135.csv"
"dapay","tokens_d_4136.csv"
"dapdap","tokens_d_4137.csv"
"dapì","tokens_d_4138.csv"
"dápig","tokens_d_4139.csv"
"dap-ig","tokens_d_4140.csv"
"dapigas","tokens_d_4141.csv"
"dapilus, dapílus","tokens_d_4142.csv"
"dápit","tokens_d_4143.csv"
"dapíyas","tokens_d_4144.csv"
"dapíyu","tokens_d_4145.csv"
"daplà","tokens_d_4146.csv"
"daplak","tokens_d_4147.csv"
"daplas","tokens_d_4148.csv"
"daplay","tokens_d_4149.csv"
"daplin","tokens_d_4150.csv"
"daplus","tokens_d_4151.csv"
"dapsut","tokens_d_4152.csv"
"dapu, dapù","tokens_d_4153.csv"
"dapug<sub>1</sub>","tokens_d_4154.csv"
"dapug<sub>2</sub>","tokens_d_4155.csv"
"dápug","tokens_d_4156.csv"
"dapúgan","tokens_d_4157.csv"
"dápul","tokens_d_4158.csv"
"dapúlas","tokens_d_4159.csv"
"dapya","tokens_d_4160.csv"
"dapyas","tokens_d_4161.csv"
"darámi","tokens_d_4162.csv"
"dariyut","tokens_d_4163.csv"
"darling","tokens_d_4164.csv"
"dáru","tokens_d_4165.csv"
"darudaru","tokens_d_4166.csv"
"das","tokens_d_4167.csv"
"dasà","tokens_d_4168.csv"
"dasag","tokens_d_4169.csv"
"das-ag","tokens_d_4170.csv"
"dasdas","tokens_d_4171.csv"
"dásig","tokens_d_4172.csv"
"dasmag","tokens_d_4173.csv"
"dasngag<sub>1</sub>","tokens_d_4174.csv"
"dasngag<sub>2</sub>","tokens_d_4175.csv"
"daspan","tokens_d_4176.csv"
"dastir","tokens_d_4177.csv"
"das-ug","tokens_d_4178.csv"
"dasuk","tokens_d_4179.csv"
"dasun","tokens_d_4180.csv"
"dáta<sub>1</sub>","tokens_d_4181.csv"
"*dáta<sub>2</sub>","tokens_d_4182.csv"
"datag","tokens_d_4183.csv"
"dáti","tokens_d_4184.csv"
"dáting","tokens_d_4185.csv"
"datslan","tokens_d_4186.csv"
"dátu","tokens_d_4187.csv"
"dátù<sub>1</sub>","tokens_d_4188.csv"
"dátù<sub>2</sub>","tokens_d_4189.csv"
"dat-ug","tokens_d_4190.csv"
"dat-ul","tokens_d_4191.csv"
"dátum","tokens_d_4192.csv"
"datung<sub>1</sub>","tokens_d_4193.csv"
"datung<sub>2</sub>","tokens_d_4194.csv"
"dátus","tokens_d_4195.csv"
"dau","tokens_d_4196.csv"
"dáub","tokens_d_4197.csv"
"daug","tokens_d_4198.csv"
"dául","tokens_d_4199.csv"
"dáup","tokens_d_4200.csv"
"daurà","tokens_d_4201.csv"
"daúrus","tokens_d_4202.csv"
"daus-us","tokens_d_4203.csv"
"dáut","tokens_d_4204.csv"
"daw","tokens_d_4205.csv"
"dáwa","tokens_d_4206.csv"
"dawal","tokens_d_4207.csv"
"dáwat","tokens_d_4208.csv"
"dawdaw<sub>1</sub>","tokens_d_4209.csv"
"dawdaw<sub>2</sub>","tokens_d_4210.csv"
"dawhug","tokens_d_4211.csv"
"dáwi","tokens_d_4212.csv"
"dawin","tokens_d_4213.csv"
"dawíraw","tokens_d_4214.csv"
"dawpang","tokens_d_4215.csv"
"dawu-","tokens_d_4216.csv"
"dáwun<sub>1</sub>","tokens_d_4217.csv"
"dáwun<sub>2</sub>","tokens_d_4218.csv"
"dawuntawun","tokens_d_4219.csv"
"day","tokens_d_4220.csv"
"day-a","tokens_d_4221.csv"
"dayabítis","tokens_d_4222.csv"
"dayag","tokens_d_4223.csv"
"dayagnus","tokens_d_4224.csv"
"dayagram","tokens_d_4225.csv"
"dáyak","tokens_d_4226.csv"
"dáyal","tokens_d_4227.csv"
"dáyal tun","tokens_d_4228.csv"
"dayalug","tokens_d_4229.csv"
"dayalugu","tokens_d_4230.csv"
"dayamanti","tokens_d_4231.csv"
"dayamitru","tokens_d_4232.csv"
"dayamun","tokens_d_4233.csv"
"dayan","tokens_d_4234.csv"
"dayána","tokens_d_4235.csv"
"dáyang","tokens_d_4236.csv"
"dáyap","tokens_d_4237.csv"
"dayapir","tokens_d_4238.csv"
"dayari","tokens_d_4239.csv"
"dayaríya","tokens_d_4240.csv"
"day-as","tokens_d_4241.csv"
"dáyaw","tokens_d_4242.csv"
"dayban","tokens_d_4243.csv"
"dayday","tokens_d_4244.csv"
"daygun","tokens_d_4245.csv"
"dayhag","tokens_d_4246.csv"
"dayhard","tokens_d_4247.csv"
"dáyib","tokens_d_4248.csv"
"dáyig","tokens_d_4249.csv"
"dáyik","tokens_d_4250.csv"
"dáyis","tokens_d_4251.csv"
"dayis-ul","tokens_d_4252.csv"
"dáyit","tokens_d_4253.csv"
"daylang","tokens_d_4254.csv"
"daynámu","tokens_d_4255.csv"
"daysik","tokens_d_4256.csv"
"day-u","tokens_d_4257.csv"
"dayugdug","tokens_d_4258.csv"
"dayuk","tokens_d_4259.csv"
"dáyun","tokens_d_4260.csv"
"dáyung","tokens_d_4261.csv"
"dayungyung","tokens_d_4262.csv"
"<corr id='xd20e105856' title='Source: dga.'>Dga.</corr>","tokens_d_4263.csv"
"di","tokens_d_4264.csv"
"dì","tokens_d_4265.csv"
"di-","tokens_d_4266.csv"
"día","tokens_d_4267.csv"
"diadtu","tokens_d_4268.csv"
"dialta","tokens_d_4269.csv"
"dialtamar","tokens_d_4270.csv"
"diánà","tokens_d_4271.csv"
"diáni","tokens_d_4272.csv"
"diay","tokens_d_4273.csv"
"díbal","tokens_d_4274.csv"
"dibaldi","tokens_d_4275.csv"
"díban","tokens_d_4276.csv"
"dibáti","tokens_d_4277.csv"
"dibaydibay","tokens_d_4278.csv"
"dibaydir","tokens_d_4279.csv"
"dibayid","tokens_d_4280.csv"
"dibidind","tokens_d_4281.csv"
"dibidindu","tokens_d_4282.csv"
"dibílap","tokens_d_4283.csv"
"dibilapir","tokens_d_4284.csv"
"dibílup","tokens_d_4285.csv"
"dibirsiyun","tokens_d_4286.csv"
"dibisiyun","tokens_d_4287.csv"
"dibisyun","tokens_d_4288.csv"
"dibítir","tokens_d_4289.csv"
"dibu","tokens_d_4290.csv"
"dibúhu","tokens_d_4291.csv"
"dibultu","tokens_d_4292.csv"
"dibumba","tokens_d_4293.csv"
"dibursiyáda, dibursiyádu","tokens_d_4294.csv"
"dibursiyu","tokens_d_4295.csv"
"dibusiyun","tokens_d_4296.csv"
"dibutanti","tokens_d_4297.csv"
"dibútu, dibútus","tokens_d_4298.csv"
"dibuynas","tokens_d_4299.csv"
"didak","tokens_d_4300.csv"
"didaksiyun","tokens_d_4301.csv"
"didal","tokens_d_4302.csv"
"didbul","tokens_d_4303.csv"
"dídi","tokens_d_4304.csv"
"dìdì","tokens_d_4305.csv"
"didikisyun","tokens_d_4306.csv"
"didikit","tokens_d_4307.csv"
"didiyut","tokens_d_4308.csv"
"didlayin","tokens_d_4309.csv"
"didtu","tokens_d_4310.csv"
"diduksiyun","tokens_d_4311.csv"
"didúsu","tokens_d_4312.csv"
"díga","tokens_d_4313.csv"
"dig-ab","tokens_d_4314.csv"
"digámu","tokens_d_4315.csv"
"digása","tokens_d_4316.csv"
"digastu","tokens_d_4317.csv"
"digkit","tokens_d_4318.csv"
"digmì","tokens_d_4319.csv"
"dignidad","tokens_d_4320.csv"
"dígù","tokens_d_4321.csv"
"dígum","tokens_d_4322.csv"
"digwà","tokens_d_4323.csv"
"digwat","tokens_d_4324.csv"
"digyas","tokens_d_4325.csv"
"digyù","tokens_d_4326.csv"
"digyut","tokens_d_4327.csv"
"dihà","tokens_d_4328.csv"
"dihádu","tokens_d_4329.csv"
"díhin gúli","tokens_d_4330.csv"
"díhug","tokens_d_4331.csv"
"diin<sub>1</sub>","tokens_d_4332.csv"
"diin<sub>2</sub>","tokens_d_4333.csv"
"diíni","tokens_d_4334.csv"
"dík","tokens_d_4335.csv"
"dikabra","tokens_d_4336.csv"
"dikakaw","tokens_d_4337.csv"
"dikampána","tokens_d_4338.csv"
"dikánu","tokens_d_4339.csv"
"*diki, *dikì","tokens_d_4340.csv"
"díki","tokens_d_4341.csv"
"dikit","tokens_d_4342.csv"
"díkit","tokens_d_4343.csv"
"diklamar","tokens_d_4344.csv"
"diklamasiyun","tokens_d_4345.csv"
"diklarar","tokens_d_4346.csv"
"diklarasiyun","tokens_d_4347.csv"
"diklim","tokens_d_4348.csv"
"diklímir","tokens_d_4349.csv"
"diklimisyun","tokens_d_4350.csv"
"dikstrus","tokens_d_4351.csv"
"diksiyunaryu","tokens_d_4352.csv"
"dikta","tokens_d_4353.csv"
"diktadur","tokens_d_4354.csv"
"diktadúra","tokens_d_4355.csv"
"diktǎr","tokens_d_4356.csv"
"dikulúris","tokens_d_4357.csv"
"díkun","tokens_d_4358.csv"
"dikurar","tokens_d_4359.csv"
"dikurisyun","tokens_d_4360.csv"
"dílà","tokens_d_4361.csv"
"diláab","tokens_d_4362.csv"
"dilabári","tokens_d_4363.csv"
"dilamíta","tokens_d_4364.csv"
"dilána","tokens_d_4365.csv"
"dilantádu","tokens_d_4366.csv"
"dilantar","tokens_d_4367.csv"
"dilantáwu","tokens_d_4368.csv"
"dilantíra","tokens_d_4369.csv"
"dilantu","tokens_d_4370.csv"
"dilap","tokens_d_4371.csv"
"dilatar","tokens_d_4372.csv"
"dílì","tokens_d_4373.csv"
"dilíbir","tokens_d_4374.csv"
"dilibiri buy","tokens_d_4375.csv"
"diligádu","tokens_d_4376.csv"
"diligar","tokens_d_4377.csv"
"diligasiyun, diligisyun","tokens_d_4378.csv"
"dilihinsiya","tokens_d_4379.csv"
"dilikáda","tokens_d_4380.csv"
"dilikadísa","tokens_d_4381.csv"
"dilikádu","tokens_d_4382.csv"
"dilikinti","tokens_d_4383.csv"
"dilinyadur","tokens_d_4384.csv"
"dilinyanti","tokens_d_4385.csv"
"dílir","tokens_d_4386.csv"
"diliryu","tokens_d_4387.csv"
"dilitayim","tokens_d_4388.csv"
"dilítu","tokens_d_4389.csv"
"dilútu","tokens_d_4390.csv"
"dilyábi","tokens_d_4391.csv"
"dím","tokens_d_4392.csv"
"dimálas","tokens_d_4393.csv"
"dimanda","tokens_d_4394.csv"
"dimangga","tokens_d_4395.csv"
"dimánu<sub>1</sub>","tokens_d_4396.csv"
"dimánu<sub>2</sub>","tokens_d_4397.csv"
"dímas","tokens_d_4398.csv"
"*dimáu","tokens_d_4399.csv"
"dimdim","tokens_d_4400.csv"
"dimírit","tokens_d_4401.csv"
"dimisiyun","tokens_d_4402.csv"
"dimitir","tokens_d_4403.csv"
"dimitudu","tokens_d_4404.csv"
"dimúdu","tokens_d_4405.csv"
"dimukrasya","tokens_d_4406.csv"
"dimukrata","tokens_d_4407.csv"
"dimukratika","tokens_d_4408.csv"
"dimukratiku","tokens_d_4409.csv"
"dimul<sub>1</sub>","tokens_d_4410.csv"
"dimul<sub>2</sub>","tokens_d_4411.csv"
"dimul<sub>3</sub>","tokens_d_4412.csv"
"dímul","tokens_d_4413.csv"
"dimungkug","tokens_d_4414.csv"
"dimunstradur","tokens_d_4415.csv"
"dimunstrasiyun","tokens_d_4416.csv"
"dimunstrit","tokens_d_4417.csv"
"dimuntris","tokens_d_4418.csv"
"dimunyu","tokens_d_4419.csv"
"dimusdímus","tokens_d_4420.csv"
"dinágum","tokens_d_4421.csv"
"dinamíta","tokens_d_4422.csv"
"dingag","tokens_d_4423.csv"
"dingas","tokens_d_4424.csv"
"díngat, díngaw","tokens_d_4425.csv"
"dingding<sub>1</sub>","tokens_d_4426.csv"
"dingding<sub>2</sub>","tokens_d_4427.csv"
"dinghal","tokens_d_4428.csv"
"dingíli","tokens_d_4429.csv"
"dinguldingul, dinguldíngul","tokens_d_4430.csv"
"dinhà","tokens_d_4431.csv"
"dinhi","tokens_d_4432.csv"
"diníru","tokens_d_4433.csv"
"dintist, dintista","tokens_d_4434.csv"
"dintistri","tokens_d_4435.csv"
"dintru","tokens_d_4436.csv"
"dinuminasiyun","tokens_d_4437.csv"
"díp","tokens_d_4438.csv"
"dipalíta","tokens_d_4439.csv"
"dipapil","tokens_d_4440.csv"
"dipara, diparal, diparar","tokens_d_4441.csv"
"dipartamintu","tokens_d_4442.csv"
"dipásit","tokens_d_4443.csv"
"dipdip","tokens_d_4444.csv"
"dipi","tokens_d_4445.csv"
"dip-ig","tokens_d_4446.csv"
"dipiktádu","tokens_d_4447.csv"
"dipiktu","tokens_d_4448.csv"
"dipindi","tokens_d_4449.csv"
"dipindǐr<sub>1</sub>","tokens_d_4450.csv"
"dipindǐr<sub>2</sub>","tokens_d_4451.csv"
"dipinsa","tokens_d_4452.csv"
"dipirinsiya","tokens_d_4453.csv"
"dipísit","tokens_d_4454.csv"
"dip-it","tokens_d_4455.csv"
"dipiyi","tokens_d_4456.csv"
"diplúma","tokens_d_4457.csv"
"diplumasíya, diplumasya","tokens_d_4458.csv"
"diplumatiku","tokens_d_4459.csv"
"dipluy","tokens_d_4460.csv"
"diprimíra","tokens_d_4461.csv"
"diprinsiya","tokens_d_4462.csv"
"diprisisiyun","tokens_d_4463.csv"
"dipudáta","tokens_d_4464.csv"
"dipudipu","tokens_d_4465.csv"
"dípung","tokens_d_4466.csv"
"dipurt","tokens_d_4467.csv"
"dipúsit","tokens_d_4468.csv"
"dipusitu","tokens_d_4469.csv"
"diputádu","tokens_d_4470.csv"
"dipwat","tokens_d_4471.csv"
"dirà","tokens_d_4472.csv"
"dirámi","tokens_d_4473.csv"
"diri<sub>1</sub>","tokens_d_4474.csv"
"diri<sub>2</sub>","tokens_d_4475.csv"
"dirihir","tokens_d_4476.csv"
"diriksiyun","tokens_d_4477.csv"
"dirikta","tokens_d_4478.csv"
"diriktíba","tokens_d_4479.csv"
"diriktu","tokens_d_4480.csv"
"diriktǔr","tokens_d_4481.csv"
"diriktúri, dirikturyu","tokens_d_4482.csv"
"diris","tokens_d_4483.csv"
"díris","tokens_d_4484.csv"
"dir-is","tokens_d_4485.csv"
"diritsu","tokens_d_4486.csv"
"dirúsas","tokens_d_4487.csv"
"Dis.","tokens_d_4488.csv"
"dís","tokens_d_4489.csv"
"dis-a","tokens_d_4490.csv"
"disapíyu","tokens_d_4491.csv"
"dis-arma","tokens_d_4492.csv"
"disbár","tokens_d_4493.csv"
"disdi","tokens_d_4494.csv"
"disdis","tokens_d_4495.csv"
"disgáyis","tokens_d_4496.csv"
"disgrasya","tokens_d_4497.csv"
"disgustádu","tokens_d_4498.csv"
"disgustáwu","tokens_d_4499.csv"
"disgustu","tokens_d_4500.csv"
"disgwápa, disgwápu","tokens_d_4501.csv"
"disi","tokens_d_4502.csv"
"dísi","tokens_d_4503.csv"
"disibi","tokens_d_4504.csv"
"disidídu","tokens_d_4505.csv"
"disidir","tokens_d_4506.csv"
"dísil","tokens_d_4507.csv"
"disilya","tokens_d_4508.csv"
"disimal","tokens_d_4509.csv"
"Disimbri","tokens_d_4510.csv"
"disimitru, disimitrus","tokens_d_4511.csv"
"dis-impikta, disimpiktǎr","tokens_d_4512.csv"
"Disimri","tokens_d_4513.csv"
"disimuladu","tokens_d_4514.csv"
"dis-inpikta","tokens_d_4515.csv"
"disinti","tokens_d_4516.csv"
"disintiríya","tokens_d_4517.csv"
"disintralisasiyun, disintralisisyun","tokens_d_4518.csv"
"disinuybi","tokens_d_4519.csv"
"disinyu","tokens_d_4520.csv"
"disiplína","tokens_d_4521.csv"
"disipulu","tokens_d_4522.csv"
"dis-iridar","tokens_d_4523.csv"
"disirt","tokens_d_4524.csv"
"disisayis","tokens_d_4525.csv"
"disispirádu","tokens_d_4526.csv"
"disisyíti","tokens_d_4527.csv"
"disisyun","tokens_d_4528.csv"
"disiutsu","tokens_d_4529.csv"
"disíyu","tokens_d_4530.csv"
"disk","tokens_d_4531.csv"
"diskansǎr","tokens_d_4532.csv"
"diskansu","tokens_d_4533.csv"
"diskarga","tokens_d_4534.csv"
"diskárids","tokens_d_4535.csv"
"diskaril","tokens_d_4536.csv"
"diskarni","tokens_d_4537.csv"
"diskás","tokens_d_4538.csv"
"diskási<sub>1</sub>","tokens_d_4539.csv"
"diskási<sub>2</sub>","tokens_d_4540.csv"
"diskasyun","tokens_d_4541.csv"
"diskitar","tokens_d_4542.csv"
"diskrayib, diskribir","tokens_d_4543.csv"
"diskubri","tokens_d_4544.csv"
"diskumpiyar","tokens_d_4545.csv"
"diskuntintu","tokens_d_4546.csv"
"diskusyun","tokens_d_4548.csv"
"diskutik","tokens_d_4549.csv"
"diskutir","tokens_d_4550.csv"
"diskuwalipáyid","tokens_d_4551.csv"
"diskuwintu","tokens_d_4552.csv"
"dismayar","tokens_d_4553.csv"
"dismáyu","tokens_d_4554.csv"
"dismǐs","tokens_d_4555.csv"
"dismísal","tokens_d_4556.csv"
"dismular","tokens_d_4557.csv"
"dispalku","tokens_d_4558.csv"
"dispanta","tokens_d_4559.csv"
"dispasir","tokens_d_4560.csv"
"dispatsadur","tokens_d_4561.csv"
"dispatsadúra","tokens_d_4562.csv"
"dispatsǎr","tokens_d_4563.csv"
"dispatsir","tokens_d_4564.csv"
"dispatsu","tokens_d_4565.csv"
"dispidir","tokens_d_4566.csv"
"dispinsa<sub>1</sub>","tokens_d_4567.csv"
"dispinsa<sub>2</sub>","tokens_d_4568.csv"
"dispinsaryu","tokens_d_4569.csv"
"dispinsasiyun","tokens_d_4570.csv"
"dispinsisyun","tokens_d_4571.csv"
"dispiráda","tokens_d_4572.csv"
"dispirádu","tokens_d_4573.csv"
"dispiras","tokens_d_4574.csv"
"dispirinsiya, disprinsiya","tokens_d_4575.csv"
"dispisiyar","tokens_d_4576.csv"
"dispras","tokens_d_4577.csv"
"dispuga","tokens_d_4578.csv"
"dispunir","tokens_d_4579.csv"
"dispusisiyun","tokens_d_4580.csv"
"dispuwis","tokens_d_4581.csv"
"distansiya","tokens_d_4582.csv"
"distiliríya","tokens_d_4583.csv"
"distinádu","tokens_d_4584.csv"
"distinasiyun","tokens_d_4585.csv"
"distínu","tokens_d_4586.csv"
"distiyíru","tokens_d_4587.csv"
"distribuwir","tokens_d_4588.csv"
"distribyútur","tokens_d_4589.csv"
"distrítu","tokens_d_4590.csv"
"distrusar","tokens_d_4591.csv"
"distrúsu","tokens_d_4592.csv"
"distsards","tokens_d_4593.csv"
"disturbǎr","tokens_d_4594.csv"
"disturbu","tokens_d_4595.csv"
"disturnilyadur","tokens_d_4596.csv"
"distursiyun","tokens_d_4597.csv"
"dis-ug","tokens_d_4598.csv"
"dis-úras","tokens_d_4599.csv"
"diswildu","tokens_d_4600.csv"
"Disyimbri","tokens_d_4601.csv"
"disyirtu","tokens_d_4602.csv"
"dit.","tokens_d_4603.csv"
"dít","tokens_d_4604.csv"
"dità","tokens_d_4605.csv"
"ditalyi","tokens_d_4606.csv"
"ditiktib","tokens_d_4607.csv"
"ditirminasiyun","tokens_d_4608.csv"
"ditsu","tokens_d_4609.csv"
"díwà","tokens_d_4610.csv"
"díwal","tokens_d_4611.csv"
"diwalwal","tokens_d_4612.csv"
"diwánag","tokens_d_4613.csv"
"diwáta","tokens_d_4614.csv"
"diwindi","tokens_d_4615.csv"
"díwit","tokens_d_4616.csv"
"díya","tokens_d_4617.csv"
"diyabítis","tokens_d_4618.csv"
"diyablu","tokens_d_4619.csv"
"diyakunu","tokens_d_4620.csv"
"diyamanti","tokens_d_4621.csv"
"diyamitru","tokens_d_4622.csv"
"diyána","tokens_d_4623.csv"
"diyaryu<sub>1</sub>","tokens_d_4624.csv"
"diyaryu<sub>2</sub>","tokens_d_4625.csv"
"diyaryu<sub>3</sub>","tokens_d_4626.csv"
"díyas","tokens_d_4627.csv"
"diyatilis","tokens_d_4628.csv"
"diyíta","tokens_d_4629.csv"
"diyù","tokens_d_4630.csv"
"diyus","tokens_d_4632.csv"
"diyúsa","tokens_d_4633.csv"
"diyusísis","tokens_d_4634.csv"
"diyut","tokens_d_4635.csv"
"Dr.","tokens_d_4637.csv"
"Dra.","tokens_d_4638.csv"
"drágun","tokens_d_4639.csv"
"dram<sub>1</sub>","tokens_d_4640.csv"
"dram<sub>2</sub>, drám","tokens_d_4641.csv"
"dráma","tokens_d_4642.csv"
"dramátik","tokens_d_4643.csv"
"dramaturga","tokens_d_4644.csv"
"dramaturgu","tokens_d_4645.csv"
"drámir","tokens_d_4646.csv"
"drams","tokens_d_4647.csv"
"dráp","tokens_d_4648.csv"
"drap-awut","tokens_d_4649.csv"
"drápir","tokens_d_4650.csv"
"drayib","tokens_d_4651.csv"
"dráyir","tokens_d_4652.csv"
"dri","tokens_d_4653.csv"
"dríbul","tokens_d_4654.csv"
"dríl<sub>1</sub>","tokens_d_4655.csv"
"dríl<sub>2</sub>","tokens_d_4656.csv"
"dripwud","tokens_d_4657.csv"
"drísing rum","tokens_d_4658.csv"
"drísir","tokens_d_4659.csv"
"drismíking","tokens_d_4660.csv"
"drisrihirsal","tokens_d_4661.csv"
"dristukil","tokens_d_4662.csv"
"drú","tokens_d_4663.csv"
"drúwing","tokens_d_4664.csv"
"drúwir","tokens_d_4665.csv"
"du","tokens_d_4666.csv"
"dù","tokens_d_4667.csv"
"duas","tokens_d_4668.csv"
"dúaw","tokens_d_4669.csv"
"dúay","tokens_d_4670.csv"
"duay-ay","tokens_d_4671.csv"
"dubdub","tokens_d_4672.csv"
"dubli","tokens_d_4674.csv"
"dubudúbu","tokens_d_4675.csv"
"dubuk","tokens_d_4676.csv"
"dúbul","tokens_d_4677.csv"
"dúbun","tokens_d_4678.csv"
"dúda","tokens_d_4679.csv"
"dudhu","tokens_d_4680.csv"
"dùdù","tokens_d_4681.csv"
"dúdung","tokens_d_4682.csv"
"dudúsu","tokens_d_4683.csv"
"dū́g","tokens_d_4684.csv"
"dugà, dúgà","tokens_d_4685.csv"
"dug-ab","tokens_d_4686.csv"
"dugámis","tokens_d_4687.csv"
"dúgang","tokens_d_4688.csv"
"dugap","tokens_d_4689.csv"
"dugbak","tokens_d_4691.csv"
"dugdug","tokens_d_4692.csv"
"dughan","tokens_d_4693.csv"
"dughang","tokens_d_4694.csv"
"dughit","tokens_d_4695.csv"
"dughù<sub>1</sub>","tokens_d_4696.csv"
"dughù<sub>2</sub>","tokens_d_4697.csv"
"dugkal","tokens_d_4698.csv"
"dugmak","tokens_d_4699.csv"
"dugmil","tokens_d_4700.csv"
"dugmù<sub>1</sub>","tokens_d_4701.csv"
"dugmù<sub>2</sub>","tokens_d_4702.csv"
"dugmuk","tokens_d_4703.csv"
"dugmun","tokens_d_4704.csv"
"dugnas","tokens_d_4705.csv"
"dug payit","tokens_d_4706.csv"
"dugsak","tokens_d_4707.csv"
"dugsang","tokens_d_4708.csv"
"dugsib","tokens_d_4709.csv"
"dugsù","tokens_d_4710.csv"
"dugtà","tokens_d_4711.csv"
"dugtung","tokens_d_4712.csv"
"dugù","tokens_d_4713.csv"
"dúguk","tokens_d_4714.csv"
"dúgung","tokens_d_4715.csv"
"dugus","tokens_d_4716.csv"
"dugwà","tokens_d_4717.csv"
"dugwat","tokens_d_4718.csv"
"duha","tokens_d_4719.csv"
"duhadúha","tokens_d_4720.csv"
"duhal","tokens_d_4721.csv"
"duháwit","tokens_d_4722.csv"
"dúhig","tokens_d_4723.csv"
"duhiras","tokens_d_4724.csv"
"duhiraw","tokens_d_4725.csv"
"dúhul","tokens_d_4726.csv"
"dū́k","tokens_d_4727.csv"
"dukà","tokens_d_4728.csv"
"dukandukan","tokens_d_4729.csv"
"dukduk<sub>1</sub>","tokens_d_4730.csv"
"dukduk<sub>2</sub>","tokens_d_4731.csv"
"dúki","tokens_d_4732.csv"
"dukìdukì, dukìdúkì","tokens_d_4733.csv"
"dukiruk","tokens_d_4734.csv"
"dukísa","tokens_d_4735.csv"
"dukla, duklà","tokens_d_4736.csv"
"duklap","tokens_d_4737.csv"
"duktrína","tokens_d_4738.csv"
"duktur","tokens_d_4739.csv"
"duktúra","tokens_d_4740.csv"
"dukù","tokens_d_4741.csv"
"dukul","tokens_d_4742.csv"
"dukumintu","tokens_d_4743.csv"
"dukung","tokens_d_4744.csv"
"dukut","tokens_d_4745.csv"
"dula","tokens_d_4746.csv"
"dúlà","tokens_d_4747.csv"
"dulámug","tokens_d_4748.csv"
"dúlang","tokens_d_4749.csv"
"dular<sub>1</sub>","tokens_d_4750.csv"
"dular<sub>2</sub>, dúlar","tokens_d_4751.csv"
"dulaw","tokens_d_4752.csv"
"*dúlaw","tokens_d_4753.csv"
"dul-ay","tokens_d_4754.csv"
"duldug","tokens_d_4755.csv"
"duldul","tokens_d_4756.csv"
"dulhug","tokens_d_4757.csv"
"duling","tokens_d_4758.csv"
"dulipanus","tokens_d_4759.csv"
"dul-it","tokens_d_4760.csv"
"duliyar","tokens_d_4761.csv"
"dulsi","tokens_d_4762.csv"
"dul-u","tokens_d_4763.csv"
"dulug","tokens_d_4764.csv"
"dul-ug","tokens_d_4765.csv"
"dúluk","tokens_d_4766.csv"
"dulum","tokens_d_4767.csv"
"dulun","tokens_d_4768.csv"
"dúlun","tokens_d_4769.csv"
"dulúnà","tokens_d_4770.csv"
"dúlung","tokens_d_4771.csv"
"dul-ung","tokens_d_4772.csv"
"dulurúsa","tokens_d_4773.csv"
"dulurúsu","tokens_d_4774.csv"
"dulut","tokens_d_4775.csv"
"dúlut","tokens_d_4776.csv"
"dulyum","tokens_d_4777.csv"
"dúm","tokens_d_4778.csv"
"dúma","tokens_d_4779.csv"
"dumágat","tokens_d_4780.csv"
"dumagsà","tokens_d_4781.csv"
"dumála","tokens_d_4782.csv"
"dumalága","tokens_d_4783.csv"
"dumálig","tokens_d_4784.csv"
"dumaligyut","tokens_d_4785.csv"
"dumánu","tokens_d_4786.csv"
"dumar","tokens_d_4787.csv"
"dumay","tokens_d_4788.csv"
"dumbay","tokens_d_4789.csv"
"dumbul","tokens_d_4790.csv"
"dumdum","tokens_d_4791.csv"
"dumílì","tokens_d_4792.csv"
"duminar","tokens_d_4793.csv"
"Duminggu","tokens_d_4794.csv"
"duminu","tokens_d_4795.csv"
"dumísing","tokens_d_4796.csv"
"dumistik sáyans","tokens_d_4797.csv"
"dumpaug","tokens_d_4798.csv"
"dumpil","tokens_d_4799.csv"
"dumpu, dumpul","tokens_d_4800.csv"
"dúmug<sub>1</sub>","tokens_d_4801.csv"
"dúmug<sub>2</sub>","tokens_d_4802.csv"
"dum-ug","tokens_d_4803.csv"
"dúmul","tokens_d_4804.csv"
"dumut","tokens_d_4805.csv"
"dumyang","tokens_d_4806.csv"
"dun<sub>1</sub>","tokens_d_4807.csv"
"dun<sub>2</sub>","tokens_d_4808.csv"
"dún","tokens_d_4809.csv"
"dúna","tokens_d_4810.csv"
"dun-ag<sub>1</sub>","tokens_d_4811.csv"
"dun-ag<sub>2</sub>","tokens_d_4812.csv"
"dunar<sub>1</sub>","tokens_d_4813.csv"
"dunar<sub>2</sub>","tokens_d_4814.csv"
"dunasiyun","tokens_d_4815.csv"
"dúnat","tokens_d_4816.csv"
"dunat intir","tokens_d_4817.csv"
"*dundi","tokens_d_4818.csv"
"dundun<sub>1</sub>","tokens_d_4819.csv"
"dundun<sub>2</sub>","tokens_d_4820.csv"
"dundúnay","tokens_d_4821.csv"
"dung","tokens_d_4822.csv"
"dúng","tokens_d_4823.csv"
"dúngag","tokens_d_4824.csv"
"dung-ag","tokens_d_4825.csv"
"dungálig","tokens_d_4826.csv"
"dúngan","tokens_d_4827.csv"
"dungandúngan","tokens_d_4828.csv"
"dungas","tokens_d_4829.csv"
"dúngaw","tokens_d_4830.csv"
"dung-aw","tokens_d_4831.csv"
"dungáwug","tokens_d_4832.csv"
"dungdung<sub>1</sub>","tokens_d_4833.csv"
"dungdung<sub>2</sub>","tokens_d_4834.csv"
"dunggab","tokens_d_4835.csv"
"dunggan","tokens_d_4836.csv"
"dunggù","tokens_d_4837.csv"
"dunggut","tokens_d_4838.csv"
"dunghay","tokens_d_4839.csv"
"dungilù","tokens_d_4840.csv"
"dungkà<sub>1</sub>","tokens_d_4841.csv"
"dungkà<sub>2</sub>","tokens_d_4842.csv"
"dungkul","tokens_d_4843.csv"
"dungluy","tokens_d_4844.csv"
"dungpul","tokens_d_4845.csv"
"dungsul","tokens_d_4846.csv"
"dungù","tokens_d_4847.csv"
"dungug","tokens_d_4848.csv"
"dúnguk","tokens_d_4849.csv"
"dúnguy","tokens_d_4850.csv"
"dunluk<sub>1</sub>","tokens_d_4851.csv"
"dunluk<sub>2</sub>","tokens_d_4852.csv"
"dunsal","tokens_d_4853.csv"
"dunsilya","tokens_d_4854.csv"
"dunsul","tokens_d_4855.csv"
"dúnul","tokens_d_4856.csv"
"dúnut","tokens_d_4857.csv"
"dunya","tokens_d_4858.csv"
"dunyang","tokens_d_4859.csv"
"dupa","tokens_d_4860.csv"
"dup-ádik","tokens_d_4861.csv"
"dupang","tokens_d_4862.csv"
"duplikádu","tokens_d_4863.csv"
"duplikit","tokens_d_4864.csv"
"dupung","tokens_d_4865.csv"
"duput","tokens_d_4866.csv"
"durabli","tokens_d_4867.csv"
"durádu","tokens_d_4868.csv"
"duranti","tokens_d_4869.csv"
"durar<sub>1</sub>","tokens_d_4870.csv"
"durar<sub>2</sub>","tokens_d_4871.csv"
"duraw","tokens_d_4872.csv"
"durbil","tokens_d_4873.csv"
"durmilúna","tokens_d_4874.csv"
"durmituryána","tokens_d_4875.csv"
"durmituryu","tokens_d_4876.csv"
"*dúru<sub>1</sub>","tokens_d_4877.csv"
"dúru<sub>2</sub>","tokens_d_4878.csv"
"dúrug","tokens_d_4879.csv"
"duruha","tokens_d_4880.csv"
"duruk<sub>1</sub>","tokens_d_4881.csv"
"duruk<sub>2</sub>","tokens_d_4882.csv"
"dúrul","tokens_d_4883.csv"
"duryan","tokens_d_4884.csv"
"dus","tokens_d_4885.csv"
"dusáus, dusáhus, dusáwus","tokens_d_4886.csv"
"dusdus","tokens_d_4887.csv"
"dúsi","tokens_d_4888.csv"
"dusib","tokens_d_4889.csv"
"dusil","tokens_d_4890.csv"
"dusína","tokens_d_4891.csv"
"*dusíngut","tokens_d_4892.csv"
"dusipil","tokens_d_4893.csv"
"duslak","tokens_d_4894.csv"
"duslib","tokens_d_4895.csv"
"duslit","tokens_d_4896.csv"
"duslug","tokens_d_4897.csv"
"dusmù","tokens_d_4898.csv"
"dusmug","tokens_d_4899.csv"
"dusù","tokens_d_4900.csv"
"dusud","tokens_d_4901.csv"
"dus-ug","tokens_d_4902.csv"
"dusul","tokens_d_4903.csv"
"dút","tokens_d_4904.csv"
"dútà","tokens_d_4905.csv"
"dutdut","tokens_d_4906.csv"
"dutù","tokens_d_4907.csv"
"dut-uy","tokens_d_4908.csv"
"dúug","tokens_d_4909.csv"
"duugduug","tokens_d_4910.csv"
"duuk, dúuk","tokens_d_4911.csv"
"dúul<sub>1</sub>","tokens_d_4912.csv"
"dúul<sub>2</sub>","tokens_d_4913.csv"
"duum","tokens_d_4914.csv"
"duun","tokens_d_4915.csv"
"dúung","tokens_d_4916.csv"
"duut","tokens_d_4917.csv"
"duwa-","tokens_d_4918.csv"
"duwahug","tokens_d_4919.csv"
"duwáhut","tokens_d_4920.csv"
"dúwal","tokens_d_4921.csv"
"duwílu","tokens_d_4922.csv"
"dúwit","tokens_d_4923.csv"
"duy","tokens_d_4924.csv"
"dúy","tokens_d_4925.csv"
"duyà","tokens_d_4926.csv"
"dúyan","tokens_d_4927.csv"
"duyas","tokens_d_4928.csv"
"duyduy","tokens_d_4929.csv"
"dúyug","tokens_d_4931.csv"
"duyum, dúyum","tokens_d_4932.csv"
"dúyung","tokens_d_4933.csv"
"dwindi","tokens_d_4934.csv"
"dwítu","tokens_d_4935.csv"
"dy-","tokens_d_4936.csv"
"dya-","tokens_d_4937.csv"
"dyà","tokens_d_4938.csv"
"dyáb","tokens_d_4939.csv"
"dyába","tokens_d_4940.csv"
"dyablis","tokens_d_4941.csv"
"dyáds","tokens_d_4942.csv"
"dyadyis","tokens_d_4943.csv"
"dyag","tokens_d_4944.csv"
"dyag-aw","tokens_d_4945.csv"
"dyáging","tokens_d_4946.csv"
"dyak","tokens_d_4947.csv"
"dyáki","tokens_d_4948.csv"
"dyakimpuy, dyakinpuy","tokens_d_4949.csv"
"dyákit","tokens_d_4950.csv"
"dyakpat","tokens_d_4951.csv"
"dyakstun","tokens_d_4952.csv"
"dyalusi","tokens_d_4953.csv"
"dyam","tokens_d_4954.csv"
"dyambul","tokens_d_4955.csv"
"dyamburi","tokens_d_4956.csv"
"dyáming","tokens_d_4957.csv"
"dyamp daspáyin","tokens_d_4958.csv"
"dyamp dispáyin","tokens_d_4959.csv"
"dyampingkuy","tokens_d_4960.csv"
"dyampir","tokens_d_4961.csv"
"dyamsisyun","tokens_d_4962.csv"
"dyamu","tokens_d_4963.csv"
"dyamuntris","tokens_d_4964.csv"
"dyanà","tokens_d_4965.csv"
"dyandi","tokens_d_4966.csv"
"dyángk","tokens_d_4967.csv"
"dyangkimpuy","tokens_d_4968.csv"
"dyanitur","tokens_d_4969.csv"
"*dyapan","tokens_d_4970.csv"
"dyapinis","tokens_d_4971.csv"
"dyár","tokens_d_4972.csv"
"dyás","tokens_d_4973.csv"
"dyaski","tokens_d_4974.csv"
"dyatilis","tokens_d_4975.csv"
"dyíd","tokens_d_4976.csv"
"dyikni","tokens_d_4977.csv"
"dyiktin","tokens_d_4978.csv"
"dyíli","tokens_d_4979.csv"
"dyilirul","tokens_d_4980.csv"
"dyilusi","tokens_d_4981.csv"
"dyím","tokens_d_4982.csv"
"dyimnastiks","tokens_d_4983.csv"
"dyimnasyum","tokens_d_4984.csv"
"*dyiniral","tokens_d_4985.csv"
"dyíns","tokens_d_4986.csv"
"dyintul man","tokens_d_4987.csv"
"dyinuwin","tokens_d_4988.csv"
"dyíp","tokens_d_4989.csv"
"dyipni","tokens_d_4990.csv"
"dyip-ut","tokens_d_4991.csv"
"dyirk","tokens_d_4992.csv"
"dyirman kat","tokens_d_4993.csv"
"dyirsi","tokens_d_4994.csv"
"dyíru","tokens_d_4995.csv"
"dyís<sub>1</sub>","tokens_d_4996.csv"
"dyís<sub>2</sub>","tokens_d_4997.csv"
"dyisinuybi","tokens_d_4998.csv"
"dyismus","tokens_d_4999.csv"
"dyít","tokens_d_5000.csv"
"dyitplin","tokens_d_5001.csv"
"dyíwil","tokens_d_5002.csv"
"dyúbus","tokens_d_5003.csv"
"dyuditsu","tokens_d_5004.csv"
"dyúdu","tokens_d_5005.csv"
"dyúk","tokens_d_5006.csv"
"dyukbaks","tokens_d_5007.csv"
"dyúkir","tokens_d_5008.csv"
"dyúlin","tokens_d_5009.csv"
"Dyún","tokens_d_5010.csv"
"dyunbráyid","tokens_d_5011.csv"
"dyunsun","tokens_d_5012.csv"
"dyunyur","tokens_d_5013.csv"
"dyús","tokens_d_5014.csv"
"dyúti","tokens_d_5015.csv"
"dyúwil","tokens_d_5016.csv"
"dyúwit","tokens_d_5017.csv"
"dyuy rayding","tokens_d_5018.csv"
"G.","tokens_g_5019.csv"
"-g-","tokens_g_5020.csv"
"ga","tokens_g_5021.csv"
"ga-","tokens_g_5022.csv"
"gā́","tokens_g_5023.csv"
"gà<sub>1</sub>","tokens_g_5024.csv"
"gà<sub>2</sub>","tokens_g_5025.csv"
"gâ","tokens_g_5026.csv"
"gáab","tokens_g_5027.csv"
"gaak","tokens_g_5028.csv"
"gaan","tokens_g_5029.csv"
"gáang","tokens_g_5030.csv"
"gáay","tokens_g_5031.csv"
"gáb<sub>1</sub>","tokens_g_5032.csv"
"gáb<sub>2</sub>","tokens_g_5033.csv"
"gábà","tokens_g_5034.csv"
"gaban","tokens_g_5035.csv"
"gabang","tokens_g_5036.csv"
"gabardin","tokens_g_5037.csv"
"gabas<sub>1</sub>","tokens_g_5038.csv"
"gabas<sub>2</sub>","tokens_g_5039.csv"
"gábas","tokens_g_5040.csv"
"gábat","tokens_g_5041.csv"
"gabay","tokens_g_5042.csv"
"gabhang","tokens_g_5043.csv"
"gabhut","tokens_g_5044.csv"
"gábi","tokens_g_5045.csv"
"gabíi","tokens_g_5046.csv"
"gabing<sub>1</sub>","tokens_g_5047.csv"
"gabiníti","tokens_g_5048.csv"
"gabling","tokens_g_5049.csv"
"gabnut","tokens_g_5050.csv"
"gabù, gábù<sub>1</sub>","tokens_g_5051.csv"
"gábù<sub>2</sub>","tokens_g_5052.csv"
"gabuk<sub>1</sub>","tokens_g_5053.csv"
"gabuk<sub>2</sub>","tokens_g_5054.csv"
"gab-ul","tokens_g_5055.csv"
"gabun<sub>1</sub>","tokens_g_5056.csv"
"gabun<sub>2</sub>, gábun<sub>1</sub>","tokens_g_5057.csv"
"gábun<sub>2</sub>","tokens_g_5058.csv"
"gábut","tokens_g_5059.csv"
"gádim","tokens_g_5060.csv"
"gadímit","tokens_g_5061.csv"
"gadlas","tokens_g_5062.csv"
"gága","tokens_g_5063.csv"
"gagmáting","tokens_g_5064.csv"
"gagmátuy","tokens_g_5065.csv"
"gagmay","tokens_g_5066.csv"
"gagming","tokens_g_5067.csv"
"gagmítuy","tokens_g_5068.csv"
"gágu","tokens_g_5069.csv"
"gaguy","tokens_g_5070.csv"
"gáhab","tokens_g_5071.csv"
"gahad","tokens_g_5072.csv"
"gahápun","tokens_g_5073.csv"
"gahas, gáhas<sub>1</sub>","tokens_g_5074.csv"
"gáhas<sub>2</sub>","tokens_g_5075.csv"
"gáhì","tokens_g_5076.csv"
"gahid","tokens_g_5077.csv"
"gahin","tokens_g_5078.csv"
"gahit<sub>1</sub>, gáhit","tokens_g_5079.csv"
"*gahit<sub>2</sub>","tokens_g_5080.csv"
"gáhù","tokens_g_5081.csv"
"gáhub","tokens_g_5082.csv"
"gahuk","tokens_g_5083.csv"
"gahum","tokens_g_5084.csv"
"gáhung","tokens_g_5085.csv"
"gahut","tokens_g_5086.csv"
"gáid","tokens_g_5087.csv"
"gáka","tokens_g_5088.csv"
"gak-ang","tokens_g_5089.csv"
"gákit","tokens_g_5090.csv"
"gakud","tokens_g_5091.csv"
"gakus","tokens_g_5092.csv"
"gakut","tokens_g_5093.csv"
"gákut","tokens_g_5094.csv"
"gála<sub>1</sub>","tokens_g_5095.csv"
"gála<sub>2</sub>","tokens_g_5096.csv"
"galà","tokens_g_5097.csv"
"galab, gálab","tokens_g_5098.csv"
"galam","tokens_g_5099.csv"
"*gálam hi-/ha-","tokens_g_5100.csv"
"galangan","tokens_g_5101.csv"
"galansíyang","tokens_g_5102.csv"
"galanti","tokens_g_5103.csv"
"galas, gálas","tokens_g_5104.csv"
"galaw","tokens_g_5105.csv"
"galawgaw","tokens_g_5106.csv"
"gálay","tokens_g_5107.csv"
"galbanisádu","tokens_g_5108.csv"
"galgal","tokens_g_5109.csv"
"galhà","tokens_g_5110.csv"
"galhab","tokens_g_5111.csv"
"gálì","tokens_g_5112.csv"
"galihíra","tokens_g_5113.csv"
"galing","tokens_g_5114.csv"
"gáling<sub>1</sub>","tokens_g_5115.csv"
"gáling<sub>2</sub>","tokens_g_5116.csv"
"galiríya","tokens_g_5117.csv"
"galmù","tokens_g_5118.csv"
"galù<sub>1</sub>","tokens_g_5119.csv"
"galù<sub>2</sub>","tokens_g_5120.csv"
"galun<sub>1</sub>","tokens_g_5121.csv"
"galun<sub>2</sub>","tokens_g_5122.csv"
"gálung","tokens_g_5123.csv"
"galusgálus","tokens_g_5124.csv"
"galut<sub>1</sub>","tokens_g_5125.csv"
"galut<sub>2</sub>","tokens_g_5126.csv"
"galyíra, galyirahan","tokens_g_5127.csv"
"galyíta, galyítas","tokens_g_5128.csv"
"galyu","tokens_g_5129.csv"
"*gam babul —","tokens_g_5130.csv"
"gám","tokens_g_5131.csv"
"gamà","tokens_g_5132.csv"
"gámà","tokens_g_5133.csv"
"gámat","tokens_g_5134.csv"
"gamáting","tokens_g_5135.csv"
"gamátuy","tokens_g_5136.csv"
"gámaw","tokens_g_5137.csv"
"gamay","tokens_g_5138.csv"
"gambálay","tokens_g_5139.csv"
"gambat","tokens_g_5140.csv"
"gaming","tokens_g_5141.csv"
"gaminggaming","tokens_g_5142.csv"
"gámit","tokens_g_5143.csv"
"gamíting","tokens_g_5144.csv"
"gamítuy","tokens_g_5145.csv"
"gamlù","tokens_g_5146.csv"
"gamu","tokens_g_5147.csv"
"gamù","tokens_g_5148.csv"
"gam-ul","tokens_g_5149.csv"
"gamus","tokens_g_5150.csv"
"gamúsa","tokens_g_5151.csv"
"gamut","tokens_g_5152.csv"
"gána","tokens_g_5153.csv"
"ganà","tokens_g_5154.csv"
"ganansiya","tokens_g_5155.csv"
"ganas","tokens_g_5156.csv"
"gánas","tokens_g_5157.csv"
"gánay<sub>1</sub>","tokens_g_5158.csv"
"gánay<sub>2</sub>","tokens_g_5159.csv"
"ganda","tokens_g_5160.csv"
"gáng","tokens_g_5161.csv"
"gangad","tokens_g_5162.csv"
"gángan","tokens_g_5163.csv"
"gangay","tokens_g_5164.csv"
"ganggang","tokens_g_5165.csv"
"ganggáng","tokens_g_5166.csv"
"ganggrína","tokens_g_5167.csv"
"ganghà","tokens_g_5168.csv"
"gangì","tokens_g_5169.csv"
"gángì","tokens_g_5170.csv"
"gangis","tokens_g_5171.csv"
"gángis","tokens_g_5172.csv"
"gangkap","tokens_g_5173.csv"
"gangkay","tokens_g_5174.csv"
"gangking","tokens_g_5175.csv"
"gangrína","tokens_g_5176.csv"
"gangsà","tokens_g_5177.csv"
"gángu<sub>1</sub>","tokens_g_5178.csv"
"gangù","tokens_g_5180.csv"
"gangut<sub>1</sub>","tokens_g_5181.csv"
"gangut<sub>2</sub>","tokens_g_5182.csv"
"gángut","tokens_g_5183.csv"
"gánì","tokens_g_5184.csv"
"gánid<sub>1</sub>","tokens_g_5185.csv"
"gánid<sub>2</sub>","tokens_g_5186.csv"
"ganíha","tokens_g_5187.csv"
"ganína","tokens_g_5188.csv"
"gánir","tokens_g_5189.csv"
"gansà","tokens_g_5190.csv"
"gansal","tokens_g_5191.csv"
"*gansang","tokens_g_5192.csv"
"gansilyu","tokens_g_5193.csv"
"gansíyang","tokens_g_5194.csv"
"gansu","tokens_g_5195.csv"
"gansung","tokens_g_5196.csv"
"ganta","tokens_g_5197.csv"
"*gantaaw","tokens_g_5198.csv"
"gantang","tokens_g_5199.csv"
"ganti","tokens_g_5200.csv"
"ganting","tokens_g_5201.csv"
"gantsilyu","tokens_g_5202.csv"
"gantun","tokens_g_5203.csv"
"gantuung","tokens_g_5204.csv"
"ganus-a","tokens_g_5205.csv"
"gánut","tokens_g_5206.csv"
"gánuy","tokens_g_5207.csv"
"gap-ak","tokens_g_5208.csv"
"gapang","tokens_g_5209.csv"
"gápas","tokens_g_5210.csv"
"gápì<sub>1</sub>","tokens_g_5211.csv"
"gápì<sub>2</sub>","tokens_g_5212.csv"
"gápin","tokens_g_5213.csv"
"gapnud","tokens_g_5214.csv"
"gapù","tokens_g_5215.csv"
"gapud<sub>1</sub>","tokens_g_5216.csv"
"gapud<sub>2</sub>","tokens_g_5217.csv"
"gapud<sub>3</sub>, gápud","tokens_g_5218.csv"
"gapugapu","tokens_g_5219.csv"
"gápung","tokens_g_5220.csv"
"gápus","tokens_g_5221.csv"
"gárà","tokens_g_5222.csv"
"gárab","tokens_g_5223.csv"
"garába","tokens_g_5224.csv"
"garábi","tokens_g_5225.csv"
"garábu","tokens_g_5226.csv"
"garáhi","tokens_g_5227.csv"
"garakgarak","tokens_g_5228.csv"
"garal","tokens_g_5229.csv"
"garamal","tokens_g_5230.csv"
"garan, gáran","tokens_g_5231.csv"
"garang, gárang","tokens_g_5232.csv"
"garanggarang","tokens_g_5233.csv"
"garanil<sub>1</sub>","tokens_g_5234.csv"
"garanil<sub>2</sub>","tokens_g_5235.csv"
"garantisádu","tokens_g_5236.csv"
"garantíya","tokens_g_5237.csv"
"garápa","tokens_g_5238.csv"
"garapinyíra","tokens_g_5239.csv"
"garapun","tokens_g_5240.csv"
"garas","tokens_g_5241.csv"
"gáray","tokens_g_5242.csv"
"garbansus, garbantus","tokens_g_5243.csv"
"garbu","tokens_g_5244.csv"
"gardába","tokens_g_5245.csv"
"gardin","tokens_g_5246.csv"
"gardiyan","tokens_g_5247.csv"
"gáring","tokens_g_5248.csv"
"garípu","tokens_g_5249.csv"
"garisun","tokens_g_5250.csv"
"garmint bag","tokens_g_5251.csv"
"garnalda","tokens_g_5252.csv"
"garnáti<sub>1</sub>","tokens_g_5253.csv"
"garnáti<sub>2</sub>","tokens_g_5254.csv"
"gartir","tokens_g_5255.csv"
"garù","tokens_g_5256.csv"
"garud","tokens_g_5257.csv"
"garus","tokens_g_5258.csv"
"garúti","tokens_g_5259.csv"
"gás","tokens_g_5260.csv"
"gása<sub>1</sub>","tokens_g_5261.csv"
"gása<sub>2</sub>","tokens_g_5262.csv"
"gasang","tokens_g_5263.csv"
"gásang","tokens_g_5264.csv"
"gásap","tokens_g_5265.csv"
"gasbut","tokens_g_5266.csv"
"gasgas","tokens_g_5267.csv"
"gaskit","tokens_g_5268.csv"
"gaslì<sub>1</sub>","tokens_g_5269.csv"
"gaslì<sub>2</sub>, gasling","tokens_g_5270.csv"
"gas mask","tokens_g_5271.csv"
"gaspang","tokens_g_5272.csv"
"gaspin","tokens_g_5273.csv"
"gastádu","tokens_g_5274.csv"
"gastadur","tokens_g_5275.csv"
"gasti","tokens_g_5276.csv"
"gastruintiraytis","tokens_g_5277.csv"
"gastu","tokens_g_5278.csv"
"gastub","tokens_g_5279.csv"
"gasulína","tokens_g_5280.csv"
"gatà","tokens_g_5281.csv"
"gátal","tokens_g_5282.csv"
"gatang, gátang","tokens_g_5283.csv"
"gátas","tokens_g_5284.csv"
"gátaw","tokens_g_5285.csv"
"gatilyu","tokens_g_5286.csv"
"gátu<sub>1</sub>","tokens_g_5287.csv"
"gátu<sub>2</sub>","tokens_g_5288.csv"
"gátud","tokens_g_5289.csv"
"gátung","tokens_g_5290.csv"
"gatus","tokens_g_5291.csv"
"gaud<sub>1</sub>","tokens_g_5292.csv"
"gaud<sub>2</sub>, gáud","tokens_g_5293.csv"
"gaugáu","tokens_g_5294.csv"
"gáung","tokens_g_5295.csv"
"gáuy","tokens_g_5296.csv"
"gáw","tokens_g_5297.csv"
"*gáwad<sub>1</sub>","tokens_g_5298.csv"
"gáwad<sub>2</sub>","tokens_g_5299.csv"
"gawal, gáwal","tokens_g_5300.csv"
"gawang","tokens_g_5301.csv"
"gawas","tokens_g_5302.csv"
"gaway","tokens_g_5303.csv"
"gawaygáway","tokens_g_5304.csv"
"gawgaw","tokens_g_5305.csv"
"gáwì","tokens_g_5306.csv"
"gawù","tokens_g_5307.csv"
"gā́y","tokens_g_5308.csv"
"gayang","tokens_g_5309.csv"
"gayhab","tokens_g_5310.csv"
"gáyì","tokens_g_5311.csv"
"gáyid","tokens_g_5312.csv"
"gayud","tokens_g_5313.csv"
"gayúma","tokens_g_5314.csv"
"gayun","tokens_g_5315.csv"
"gáyun","tokens_g_5316.csv"
"gáyung","tokens_g_5317.csv"
"gay-ut","tokens_g_5318.csv"
"gi, gí","tokens_g_5319.csv"
"gi-","tokens_g_5320.csv"
"gíak","tokens_g_5321.csv"
"gi-an","tokens_g_5322.csv"
"gib-an tik","tokens_g_5323.csv"
"gíbang","tokens_g_5324.csv"
"gibhang","tokens_g_5325.csv"
"giblang","tokens_g_5326.csv"
"gidlak","tokens_g_5327.csv"
"*gidlay","tokens_g_5328.csv"
"gigming","tokens_g_5329.csv"
"gigulu","tokens_g_5330.csv"
"gihang","tokens_g_5331.csv"
"gihápun","tokens_g_5332.csv"
"gihay","tokens_g_5333.csv"
"gihì","tokens_g_5334.csv"
"gíhu","tokens_g_5335.csv"
"gika-","tokens_g_5336.csv"
"gíkan","tokens_g_5337.csv"
"gílak","tokens_g_5338.csv"
"gilang","tokens_g_5339.csv"
"gil-as","tokens_g_5340.csv"
"gílaw","tokens_g_5341.csv"
"gilay","tokens_g_5342.csv"
"gilayun","tokens_g_5343.csv"
"gilhang","tokens_g_5344.csv"
"gílis","tokens_g_5345.csv"
"gilit","tokens_g_5346.csv"
"gil-it","tokens_g_5347.csv"
"gil-ud","tokens_g_5348.csv"
"giluk","tokens_g_5349.csv"
"gím","tokens_g_5350.csv"
"gimat<sub>1</sub>","tokens_g_5351.csv"
"gimat<sub>2</sub>","tokens_g_5352.csv"
"gímaw","tokens_g_5353.csv"
"gim-aw","tokens_g_5354.csv"
"giming","tokens_g_5355.csv"
"gímuk","tokens_g_5356.csv"
"gim-ut","tokens_g_5357.csv"
"gina-","tokens_g_5358.csv"
"gina-an","tokens_g_5359.csv"
"ginábut","tokens_g_5360.csv"
"ginahapun","tokens_g_5361.csv"
"Gínang","tokens_g_5362.csv"
"ginansiya","tokens_g_5363.csv"
"gínga","tokens_g_5364.csv"
"gingà","tokens_g_5365.csv"
"gingging<sub>1</sub>","tokens_g_5366.csv"
"gingging<sub>2</sub>","tokens_g_5367.csv"
"ginggun","tokens_g_5368.csv"
"gingì","tokens_g_5369.csv"
"ginhápun","tokens_g_5370.csv"
"ginháwa","tokens_g_5371.csv"
"Gíning","tokens_g_5372.csv"
"gínit","tokens_g_5373.csv"
"ginlaw","tokens_g_5374.csv"
"ginsud","tokens_g_5375.csv"
"ginta","tokens_g_5376.csv"
"gintang","tokens_g_5377.csv"
"ginting","tokens_g_5378.csv"
"gin-u","tokens_g_5379.csv"
"ginuk","tokens_g_5380.csv"
"ginúu","tokens_g_5382.csv"
"gíp","tokens_g_5383.csv"
"gipak","tokens_g_5384.csv"
"gipakig-an","tokens_g_5385.csv"
"gipang","tokens_g_5386.csv"
"giping","tokens_g_5387.csv"
"giprap","tokens_g_5388.csv"
"giplud, gípud","tokens_g_5389.csv"
"gípung","tokens_g_5390.csv"
"gip-ut","tokens_g_5391.csv"
"gíra","tokens_g_5392.csv"
"giráwut","tokens_g_5393.csv"
"girdul","tokens_g_5394.csv"
"girilya","tokens_g_5395.csv"
"giring","tokens_g_5396.csv"
"girípu","tokens_g_5397.csv"
"giríra","tokens_g_5398.csv"
"girnalda","tokens_g_5399.csv"
"gisa, gisal","tokens_g_5400.csv"
"gisantis","tokens_g_5401.csv"
"gisaw","tokens_g_5402.csv"
"gísì","tokens_g_5403.csv"
"gísing<sub>1</sub>","tokens_g_5404.csv"
"gísing<sub>2</sub>","tokens_g_5405.csv"
"gislang","tokens_g_5406.csv"
"gisnga","tokens_g_5407.csv"
"gist","tokens_g_5408.csv"
"gísu","tokens_g_5409.csv"
"gísuk","tokens_g_5410.csv"
"gísung","tokens_g_5411.csv"
"giswid","tokens_g_5412.csv"
"gít","tokens_g_5413.csv"
"gitára","tokens_g_5414.csv"
"gitgit<sub>1</sub>","tokens_g_5415.csv"
"gitgit<sub>2</sub>","tokens_g_5416.csv"
"gitì","tokens_g_5417.csv"
"gítib","tokens_g_5418.csv"
"gítik","tokens_g_5419.csv"
"gitinggiting","tokens_g_5420.csv"
"gitlì","tokens_g_5421.csv"
"gitlib","tokens_g_5422.csv"
"gitpas","tokens_g_5423.csv"
"gitugitu","tokens_g_5424.csv"
"gítung","tokens_g_5425.csv"
"giuk, gíuk","tokens_g_5426.csv"
"gíut","tokens_g_5427.csv"
"giwang","tokens_g_5428.csv"
"giwánun","tokens_g_5429.csv"
"giwatay","tokens_g_5430.csv"
"gíwit","tokens_g_5431.csv"
"gíya","tokens_g_5432.csv"
"giyan","tokens_g_5433.csv"
"gíyaw","tokens_g_5434.csv"
"gláb","tokens_g_5435.csv"
"gladiyúla","tokens_g_5436.csv"
"glú","tokens_g_5437.csv"
"glurya","tokens_g_5438.csv"
"gluryúsu","tokens_g_5439.csv"
"Gn.","tokens_g_5440.csv"
"Gng.","tokens_g_5441.csv"
"grába","tokens_g_5442.csv"
"grabansus","tokens_g_5443.csv"
"grábi","tokens_g_5444.csv"
"grádu","tokens_g_5445.csv"
"graduwar","tokens_g_5446.csv"
"graduwit","tokens_g_5447.csv"
"gráhi","tokens_g_5448.csv"
"gramatika","tokens_g_5449.csv"
"grámu","tokens_g_5450.csv"
"grámus","tokens_g_5451.csv"
"grána","tokens_g_5452.csv"
"granáda","tokens_g_5453.csv"
"granáti<sub>1</sub>","tokens_g_5454.csv"
"granáti<sub>2</sub>","tokens_g_5455.csv"
"grandi","tokens_g_5456.csv"
"granil","tokens_g_5457.csv"
"graníti","tokens_g_5458.csv"
"granstan","tokens_g_5459.csv"
"gránu","tokens_g_5460.csv"
"grap<sub>1</sub>","tokens_g_5461.csv"
"grap<sub>2</sub>","tokens_g_5462.csv"
"grap<sub>3</sub>","tokens_g_5463.csv"
"grápa","tokens_g_5464.csv"
"grapinyíra","tokens_g_5465.csv"
"grapupunu","tokens_g_5466.csv"
"grása","tokens_g_5467.csv"
"grasya","tokens_g_5468.csv"
"grasyáda","tokens_g_5469.csv"
"grasyas","tokens_g_5470.csv"
"grasyúsa","tokens_g_5471.csv"
"grasyúsu","tokens_g_5472.csv"
"grátis","tokens_g_5473.csv"
"grawundid","tokens_g_5474.csv"
"gráwun<sub>1</sub>","tokens_g_5475.csv"
"gráwun<sub>2</sub>","tokens_g_5476.csv"
"gríd","tokens_g_5477.csv"
"grídir","tokens_g_5478.csv"
"grín","tokens_g_5479.csv"
"gríps","tokens_g_5480.csv"
"grípu","tokens_g_5481.csv"
"gris, grís","tokens_g_5482.csv"
"grispul","tokens_g_5483.csv"
"grumíti","tokens_g_5484.csv"
"grúpu","tokens_g_5485.csv"
"grusiri","tokens_g_5486.csv"
"grusiríya","tokens_g_5487.csv"
"grútu","tokens_g_5488.csv"
"gu","tokens_g_5489.csv"
"gú","tokens_g_5490.csv"
"guang","tokens_g_5491.csv"
"gub.","tokens_g_5492.csv"
"gúb","tokens_g_5493.csv"
"guba","tokens_g_5494.csv"
"gubà","tokens_g_5495.csv"
"gubàgubà","tokens_g_5496.csv"
"gubana","tokens_g_5497.csv"
"gúbat","tokens_g_5498.csv"
"gubhay","tokens_g_5499.csv"
"gubin","tokens_g_5500.csv"
"gubirnadur","tokens_g_5501.csv"
"gubirnu","tokens_g_5502.csv"
"gubirnur","tokens_g_5503.csv"
"gúbuk","tokens_g_5504.csv"
"gúbul","tokens_g_5505.csv"
"gubut","tokens_g_5506.csv"
"gubyirnu","tokens_g_5507.csv"
"gud<sub>1</sub>","tokens_g_5508.csv"
"*gud<sub>2</sub>","tokens_g_5509.csv"
"gugma","tokens_g_5510.csv"
"gúgu","tokens_g_5511.csv"
"gugul, gúgul<sub>1</sub>","tokens_g_5512.csv"
"gúgul<sub>2</sub>","tokens_g_5513.csv"
"gúgul<sub>3</sub>, guguls","tokens_g_5514.csv"
"guhà","tokens_g_5515.csv"
"guhab, gúhab","tokens_g_5516.csv"
"guhang<sub>1</sub>, gúhang","tokens_g_5517.csv"
"guhang<sub>2</sub>","tokens_g_5518.csv"
"guhay","tokens_g_5519.csv"
"gúhit","tokens_g_5520.csv"
"gúhù","tokens_g_5521.csv"
"guitguit","tokens_g_5522.csv"
"gukam","tokens_g_5523.csv"
"gukan","tokens_g_5524.csv"
"gúkang","tokens_g_5525.csv"
"guknat","tokens_g_5526.csv"
"gukù","tokens_g_5527.csv"
"gukud, gúkud","tokens_g_5528.csv"
"guk-ung","tokens_g_5529.csv"
"gúl","tokens_g_5530.csv"
"gúla","tokens_g_5531.csv"
"gulà","tokens_g_5532.csv"
"*gúlà ka-","tokens_g_5533.csv"
"gulam","tokens_g_5534.csv"
"gulaman, guláman","tokens_g_5535.csv"
"gúlang","tokens_g_5536.csv"
"gulasíman","tokens_g_5537.csv"
"*gúlat","tokens_g_5538.csv"
"guldígir","tokens_g_5539.csv"
"guldin syáwir","tokens_g_5540.csv"
"gulgul","tokens_g_5541.csv"
"gulhab<sub>1</sub>","tokens_g_5542.csv"
"gulhab<sub>2</sub>","tokens_g_5543.csv"
"gulhù","tokens_g_5544.csv"
"gúli","tokens_g_5545.csv"
"gulímuk","tokens_g_5546.csv"
"gúlis","tokens_g_5547.csv"
"*gulíyang ka-","tokens_g_5548.csv"
"gulpi","tokens_g_5549.csv"
"gulub","tokens_g_5550.csv"
"gulubgulub","tokens_g_5551.csv"
"gulunggulung","tokens_g_5552.csv"
"gulut","tokens_g_5553.csv"
"gulwà","tokens_g_5554.csv"
"gúma","tokens_g_5555.csv"
"gumbul","tokens_g_5556.csv"
"gúmù","tokens_g_5557.csv"
"gumudgumud","tokens_g_5558.csv"
"gúmuk","tokens_g_5559.csv"
"gúmun","tokens_g_5560.csv"
"gumunhap","tokens_g_5561.csv"
"gum-us","tokens_g_5562.csv"
"gum-ut","tokens_g_5563.csv"
"gúna","tokens_g_5564.csv"
"gunà","tokens_g_5565.csv"
"gunas","tokens_g_5566.csv"
"gúnat","tokens_g_5567.csv"
"gunaw, gúnaw","tokens_g_5568.csv"
"gundyà","tokens_g_5569.csv"
"gúnga","tokens_g_5570.csv"
"gunggung<sub>2</sub>","tokens_g_5572.csv"
"gunggung<sub>3</sub>","tokens_g_5573.csv"
"gúngì","tokens_g_5574.csv"
"*gúngis","tokens_g_5575.csv"
"gúngut","tokens_g_5576.csv"
"gunhub","tokens_g_5577.csv"
"gúnit","tokens_g_5578.csv"
"gúns","tokens_g_5579.csv"
"gunstabulári","tokens_g_5580.csv"
"*gunsung","tokens_g_5581.csv"
"guntang","tokens_g_5582.csv"
"gunting","tokens_g_5583.csv"
"guntudguntud","tokens_g_5584.csv"
"gunù","tokens_g_5585.csv"
"gun-ub","tokens_g_5586.csv"
"gunuk","tokens_g_5587.csv"
"gunung","tokens_g_5588.csv"
"gunurya","tokens_g_5589.csv"
"gupak","tokens_g_5590.csv"
"gúpak","tokens_g_5591.csv"
"gupang","tokens_g_5592.csv"
"gúpuk","tokens_g_5593.csv"
"gupun","tokens_g_5594.csv"
"guput","tokens_g_5595.csv"
"gúra","tokens_g_5596.csv"
"gurámi","tokens_g_5597.csv"
"guratsa","tokens_g_5598.csv"
"gurayan","tokens_g_5599.csv"
"guray-ut","tokens_g_5600.csv"
"gurdu","tokens_g_5601.csv"
"gurùgurù","tokens_g_5602.csv"
"gurumíti","tokens_g_5603.csv"
"gurung","tokens_g_5604.csv"
"gurunggurung","tokens_g_5605.csv"
"*gúrut","tokens_g_5606.csv"
"gurutgurut","tokens_g_5607.csv"
"gúruy","tokens_g_5608.csv"
"guryun","tokens_g_5609.csv"
"gusa","tokens_g_5610.csv"
"gusà","tokens_g_5611.csv"
"gusab, gus-ab","tokens_g_5612.csv"
"gúsang","tokens_g_5613.csv"
"gusánu","tokens_g_5614.csv"
"gus-ap","tokens_g_5615.csv"
"gusar","tokens_g_5616.csv"
"gusaw","tokens_g_5617.csv"
"gusbat","tokens_g_5618.csv"
"gúsì","tokens_g_5619.csv"
"guslà","tokens_g_5620.csv"
"guslab","tokens_g_5621.csv"
"gusnik","tokens_g_5622.csv"
"gustu","tokens_g_5623.csv"
"gúsu","tokens_g_5624.csv"
"gusù","tokens_g_5625.csv"
"gúsud","tokens_g_5626.csv"
"gúsuk","tokens_g_5627.csv"
"gúsus","tokens_g_5628.csv"
"*gusúsu","tokens_g_5629.csv"
"gút","tokens_g_5630.csv"
"gutab","tokens_g_5631.csv"
"gutad","tokens_g_5632.csv"
"gutang","tokens_g_5633.csv"
"gútas","tokens_g_5634.csv"
"gutay","tokens_g_5635.csv"
"gutgut","tokens_g_5636.csv"
"gutì<sub>1</sub>","tokens_g_5637.csv"
"gutíba","tokens_g_5638.csv"
"gutlab","tokens_g_5639.csv"
"gutlì","tokens_g_5640.csv"
"gutling","tokens_g_5641.csv"
"gutlù","tokens_g_5642.csv"
"","tokens_g_5643.csv"
