"Word","TokenFile"
"a","para_a_0.xml"
"-a","para_a_1.xml"
"*abab","para_a_10.xml"
"abugar","para_a_100.xml"
"antug1","para_a_1000.xml"
"antug2","para_a_1001.xml"
"antúhuy","para_a_1002.xml"
"antúlang","para_a_1003.xml"
"antulánga","para_a_1004.xml"
"antulíhaw","para_a_1005.xml"
"antúlù","para_a_1006.xml"
"antus","para_a_1007.xml"
"antutu","para_a_1008.xml"
"antuwánga","para_a_1009.xml"
"abugasíya","para_a_101.xml"
"anu","para_a_1010.xml"
"ánud","para_a_1011.xml"
"anugas","para_a_1012.xml"
"anúgun","para_a_1013.xml"
"anugut","para_a_1014.xml"
"anúhus","para_a_1015.xml"
"*anuk, *ánuk","para_a_1016.xml"
"anular","para_a_1017.xml"
"anumalíya","para_a_1018.xml"
"-anun","para_a_1019.xml"
"abughu, abughù","para_a_102.xml"
"an-un","para_a_1020.xml"
"anúnang1","para_a_1021.xml"
"anúnang2","para_a_1022.xml"
"anúnas","para_a_1023.xml"
"anunimus","para_a_1024.xml"
"anunsiyu","para_a_1025.xml"
"anunugba","para_a_1026.xml"
"anunugbu","para_a_1027.xml"
"anupug","para_a_1028.xml"
"anup-up","para_a_1029.xml"
"abukádu","para_a_103.xml"
"ánur","para_a_1030.xml"
"anus-a","para_a_1031.xml"
"anut","para_a_1032.xml"
"anutasiyun","para_a_1033.xml"
"anúus","para_a_1034.xml"
"anuwal","para_a_1035.xml"
"anyag","para_a_1036.xml"
"anyil","para_a_1037.xml"
"anyu","para_a_1038.xml"
"anyus","para_a_1039.xml"
"abúkay","para_a_104.xml"
"apa","para_a_1040.xml"
"ápa","para_a_1041.xml"
"apáhap","para_a_1042.xml"
"apáli","para_a_1043.xml"
"apan1","para_a_1044.xml"
"apan2, apan-apan1","para_a_1045.xml"
"apan-apan2","para_a_1046.xml"
"ap-andawun","para_a_1047.xml"
"ap-ap","para_a_1048.xml"
"apapángig","para_a_1049.xml"
"abunansiya","para_a_105.xml"
"aparadur","para_a_1050.xml"
"aparátu","para_a_1051.xml"
"aparisyun","para_a_1052.xml"
"apartmin, apartmint","para_a_1053.xml"
"ápas","para_a_1054.xml"
"apat","para_a_1055.xml"
"ápaw","para_a_1056.xml"
"apay1","para_a_1057.xml"
"apay2","para_a_1058.xml"
"apáyud","para_a_1059.xml"
"abunda","para_a_106.xml"
"apdu","para_a_1060.xml"
"ápid","para_a_1061.xml"
"apidábit","para_a_1062.xml"
"apíki","para_a_1063.xml"
"apikta","para_a_1064.xml"
"apiktǎr","para_a_1065.xml"
"apil","para_a_1066.xml"
"apilar","para_a_1067.xml"
"apílu","para_a_1068.xml"
"apilyídu","para_a_1069.xml"
"abundansiya","para_a_107.xml"
"apindiks","para_a_1070.xml"
"apindisaytis","para_a_1071.xml"
"áping","para_a_1072.xml"
"apínig","para_a_1073.xml"
"apir","para_a_1074.xml"
"ápir","para_a_1075.xml"
"ápir baks","para_a_1076.xml"
"ápir kat","para_a_1077.xml"
"apirmatíbu","para_a_1078.xml"
"apisiyun","para_a_1079.xml"
"ábung1","para_a_108.xml"
"apítung","para_a_1080.xml"
"apla","para_a_1081.xml"
"aplay","para_a_1082.xml"
"áp lay","para_a_1083.xml"
"aplikasiyun","para_a_1084.xml"
"aplud","para_a_1085.xml"
"Aprika","para_a_1086.xml"
"aprindis, aprintis","para_a_1087.xml"
"apríta","para_a_1088.xml"
"apritáda","para_a_1089.xml"
"abungaw1","para_a_109.xml"
"aprubar","para_a_1090.xml"
"aptan","para_a_1091.xml"
"apu","para_a_1092.xml"
"ápù","para_a_1093.xml"
"apud","para_a_1094.xml"
"ápud","para_a_1095.xml"
"ápug1","para_a_1096.xml"
"ápug2","para_a_1097.xml"
"ápul1","para_a_1098.xml"
"ápul2","para_a_1099.xml"
"ab-ab","para_a_11.xml"
"abungaw2","para_a_110.xml"
"apung","para_a_1100.xml"
"ápung","para_a_1101.xml"
"apuntadur","para_a_1102.xml"
"apuntasiyun","para_a_1103.xml"
"apunti","para_a_1104.xml"
"*apuntin","para_a_1105.xml"
"apúpa","para_a_1106.xml"
"apura","para_a_1107.xml"
"apúru","para_a_1108.xml"
"apus","para_a_1109.xml"
"abúnu","para_a_111.xml"
"apustrupi","para_a_1110.xml"
"apustǔl1","para_a_1111.xml"
"apustǔl2","para_a_1112.xml"
"apustulis","para_a_1113.xml"
"apuwintmint","para_a_1114.xml"
"apuy","para_a_1115.xml"
"apúya","para_a_1116.xml"
"apuyus","para_a_1117.xml"
"apyu","para_a_1118.xml"
"apyug","para_a_1119.xml"
"aburídu","para_a_112.xml"
"árà","para_a_1120.xml"
"árab1","para_a_1121.xml"
"árab2","para_a_1122.xml"
"arabi","para_a_1123.xml"
"arabun","para_a_1124.xml"
"arabya","para_a_1125.xml"
"aradur","para_a_1126.xml"
"árag","para_a_1127.xml"
"arang","para_a_1128.xml"
"árang","para_a_1129.xml"
"abusáda","para_a_113.xml"
"arangka1","para_a_1130.xml"
"arangka2, arangkǎr","para_a_1131.xml"
"aransil","para_a_1132.xml"
"aranya, aranyas","para_a_1133.xml"
"arapal","para_a_1134.xml"
"aráru","para_a_1135.xml"
"áras1","para_a_1136.xml"
"áras2","para_a_1137.xml"
"áras3","para_a_1138.xml"
"*arasti","para_a_1139.xml"
"abusádu","para_a_114.xml"
"arastri","para_a_1140.xml"
"árat1","para_a_1141.xml"
"árat2","para_a_1142.xml"
"arawkarya","para_a_1143.xml"
"aray1","para_a_1144.xml"
"aray2","para_a_1145.xml"
"arayis","para_a_1146.xml"
"arbul1","para_a_1147.xml"
"arbul2","para_a_1148.xml"
"arbularyu","para_a_1149.xml"
"abusar","para_a_115.xml"
"argabyádu","para_a_1150.xml"
"argabyu","para_a_1151.xml"
"argardulsi","para_a_1152.xml"
"argh","para_a_1153.xml"
"argulya","para_a_1154.xml"
"argumintu","para_a_1155.xml"
"ari","para_a_1156.xml"
"ári2","para_a_1157.xml"
"aríba1","para_a_1158.xml"
"aríba2","para_a_1159.xml"
"abúsu","para_a_116.xml"
"aríba3","para_a_1160.xml"
"aribáda","para_a_1161.xml"
"arigláda","para_a_1162.xml"
"arigládu","para_a_1163.xml"
"ariglǎr","para_a_1164.xml"
"ariglu","para_a_1165.xml"
"arikmitik","para_a_1166.xml"
"arimadur","para_a_1167.xml"
"arimar","para_a_1168.xml"
"arína","para_a_1169.xml"
"abut","para_a_117.xml"
"arindu","para_a_1170.xml"
"aringkil","para_a_1171.xml"
"arinúla","para_a_1172.xml"
"*arisgǎr","para_a_1173.xml"
"aristǎr","para_a_1174.xml"
"*aristu","para_a_1175.xml"
"aristukrata","para_a_1176.xml"
"árit","para_a_1177.xml"
"arítis","para_a_1178.xml"
"aritmitik","para_a_1179.xml"
"abwag","para_a_118.xml"
"aritmitika, aritmitiku","para_a_1180.xml"
"arítus","para_a_1181.xml"
"aríya1","para_a_1182.xml"
"aríya2","para_a_1183.xml"
"ariyádu","para_a_1184.xml"
"ariyus","para_a_1185.xml"
"ark","para_a_1186.xml"
"arka","para_a_1187.xml"
"arkabála","para_a_1188.xml"
"arkanghil","para_a_1189.xml"
"abyadur","para_a_119.xml"
"arkaydi","para_a_1190.xml"
"arkila","para_a_1191.xml"
"arkitiktu","para_a_1192.xml"
"arku","para_a_1193.xml"
"arkuhul","para_a_1194.xml"
"arkus","para_a_1195.xml"
"armáda","para_a_1196.xml"
"armádu","para_a_1197.xml"
"armamintu","para_a_1198.xml"
"armar","para_a_1199.xml"
"abad","para_a_12.xml"
"abyan","para_a_120.xml"
"armas","para_a_1200.xml"
"armatyur","para_a_1201.xml"
"armi","para_a_1202.xml"
"armikat","para_a_1203.xml"
"armirul","para_a_1204.xml"
"armistisyu","para_a_1205.xml"
"armunyum, armunyun","para_a_1206.xml"
"arníbal","para_a_1207.xml"
"arnika1","para_a_1208.xml"
"arnika2","para_a_1209.xml"
"abyasiyun, abyasyun","para_a_121.xml"
"arnis","para_a_1210.xml"
"arpa","para_a_1211.xml"
"arpilir, arpiril","para_a_1212.xml"
"arsa","para_a_1213.xml"
"arsii","para_a_1214.xml"
"arsubispu","para_a_1215.xml"
"art.","para_a_1216.xml"
"artal","para_a_1217.xml"
"arti","para_a_1218.xml"
"artikulu","para_a_1219.xml"
"abyirtu1","para_a_122.xml"
"artiliyiríya","para_a_1220.xml"
"artipisyal","para_a_1221.xml"
"artista","para_a_1222.xml"
"*artisyánu","para_a_1223.xml"
"*árù","para_a_1224.xml"
"aruk","para_a_1225.xml"
"arul","para_a_1226.xml"
"arúma","para_a_1227.xml"
"arun1","para_a_1228.xml"
"arun2","para_a_1229.xml"
"abyirtu2","para_a_123.xml"
"árun","para_a_1230.xml"
"arunsa","para_a_1231.xml"
"arus1","para_a_1232.xml"
"*arus2","para_a_1233.xml"
"ar-utísi","para_a_1234.xml"
"aruwákà","para_a_1235.xml"
"aruy","para_a_1236.xml"
"arya","para_a_1237.xml"
"aryat","para_a_1238.xml"
"aryindu","para_a_1239.xml"
"abyug","para_a_124.xml"
"asa","para_a_1240.xml"
"ása1","para_a_1241.xml"
"ása2","para_a_1242.xml"
"ása3","para_a_1243.xml"
"asádu","para_a_1244.xml"
"asal","para_a_1245.xml"
"asamblíya","para_a_1246.xml"
"as-as","para_a_1247.xml"
"asáwa","para_a_1248.xml"
"asayti","para_a_1249.xml"
"A.D.","para_a_125.xml"
"asbistus","para_a_1250.xml"
"asdang","para_a_1251.xml"
"asgad","para_a_1252.xml"
"ási","para_a_1253.xml"
"asidu","para_a_1254.xml"
"asikásu","para_a_1255.xml"
"asiláda","para_a_1256.xml"
"asílu","para_a_1257.xml"
"asíman","para_a_1258.xml"
"asin","para_a_1259.xml"
"ád1","para_a_126.xml"
"asin-ásin","para_a_1260.xml"
"asinda","para_a_1261.xml"
"asinsiyun","para_a_1262.xml"
"asinsu","para_a_1263.xml"
"*as-ip","para_a_1264.xml"
"asir","para_a_1265.xml"
"asíras","para_a_1266.xml"
"asiráwu","para_a_1267.xml"
"asíru","para_a_1268.xml"
"asistinsiya","para_a_1269.xml"
"ád2","para_a_127.xml"
"asistǐr","para_a_1270.xml"
"asíti","para_a_1271.xml"
"asitíra","para_a_1272.xml"
"asitun","para_a_1273.xml"
"aslay","para_a_1274.xml"
"aslum","para_a_1275.xml"
"asnat","para_a_1276.xml"
"asnu","para_a_1277.xml"
"aspaltu","para_a_1278.xml"
"asparagus","para_a_1279.xml"
"ada","para_a_128.xml"
"aspíra ultima","para_a_1280.xml"
"aspiranti","para_a_1281.xml"
"aspirasiyun","para_a_1282.xml"
"aspirin, aspirína","para_a_1283.xml"
"asta","para_a_1284.xml"
"astri","para_a_1285.xml"
"astrunawta","para_a_1286.xml"
"astrunumíya","para_a_1287.xml"
"astrunumu","para_a_1288.xml"
"astrunut","para_a_1289.xml"
"áda","para_a_129.xml"
"asu","para_a_1290.xml"
"ásud","para_a_1291.xml"
"asúgi","para_a_1292.xml"
"asúkal","para_a_1293.xml"
"asúkar","para_a_1294.xml"
"asul","para_a_1295.xml"
"asunting","para_a_1296.xml"
"asuntu","para_a_1297.xml"
"asupli","para_a_1298.xml"
"asupri","para_a_1299.xml"
"ábag","para_a_13.xml"
"adá","para_a_130.xml"
"asus","para_a_1300.xml"
"asusasiyun","para_a_1301.xml"
"asusíluy","para_a_1302.xml"
"asusína","para_a_1303.xml"
"asusínas","para_a_1304.xml"
"asusisyun","para_a_1305.xml"
"asusyit","para_a_1306.xml"
"asutíya","para_a_1307.xml"
"asúus","para_a_1308.xml"
"ásuy","para_a_1309.xml"
"ad-ad","para_a_131.xml"
"aswang","para_a_1310.xml"
"aswas","para_a_1311.xml"
"aswat","para_a_1312.xml"
"Asya","para_a_1313.xml"
"asyinda","para_a_1314.xml"
"asyíti","para_a_1315.xml"
"asyus","para_a_1316.xml"
"asyúsa","para_a_1317.xml"
"asyúsu","para_a_1318.xml"
"asyútis","para_a_1319.xml"
"Adan","para_a_132.xml"
"át","para_a_1320.xml"
"átà","para_a_1321.xml"
"átab1","para_a_1322.xml"
"átab2","para_a_1323.xml"
"atábay","para_a_1324.xml"
"átad","para_a_1325.xml"
"atádu","para_a_1326.xml"
"atáhu","para_a_1327.xml"
"átak","para_a_1328.xml"
"atakar","para_a_1329.xml"
"adbans","para_a_133.xml"
"atáki","para_a_1330.xml"
"atáman","para_a_1331.xml"
"atang","para_a_1332.xml"
"átang2","para_a_1333.xml"
"atáru","para_a_1334.xml"
"átas","para_a_1335.xml"
"at-at1","para_a_1336.xml"
"at-at2","para_a_1337.xml"
"atatalu","para_a_1338.xml"
"atay","para_a_1339.xml"
"adbaysir","para_a_134.xml"
"atay-átay","para_a_1340.xml"
"átay","para_a_1341.xml"
"atbang","para_a_1342.xml"
"atbu","para_a_1343.xml"
"atbug","para_a_1344.xml"
"athag","para_a_1345.xml"
"atibás","para_a_1346.xml"
"átik","para_a_1347.xml"
"atiman","para_a_1348.xml"
"atimúya","para_a_1349.xml"
"adbintista","para_a_135.xml"
"atin","para_a_1350.xml"
"atindan, atindant","para_a_1351.xml"
"atindída","para_a_1352.xml"
"atindídu","para_a_1353.xml"
"atindir","para_a_1354.xml"
"atinsiyun","para_a_1355.xml"
"átip","para_a_1356.xml"
"atipú, atipúlu","para_a_1357.xml"
"átis","para_a_1358.xml"
"atlíta","para_a_1359.xml"
"adbirbiyu","para_a_136.xml"
"atmuspíra","para_a_1360.xml"
"atnga, atngal","para_a_1361.xml"
"atngaw","para_a_1362.xml"
"atráka","para_a_1363.xml"
"atraksiyun","para_a_1364.xml"
"atraktíbu","para_a_1365.xml"
"atras","para_a_1366.xml"
"atrasádu","para_a_1367.xml"
"atrasar","para_a_1368.xml"
"atrasáwu","para_a_1369.xml"
"Adbiyintu","para_a_137.xml"
"atrásu","para_a_1370.xml"
"atribídu","para_a_1371.xml"
"atribir","para_a_1372.xml"
"atril1","para_a_1373.xml"
"atril2","para_a_1374.xml"
"atripisyu, atripisyun","para_a_1375.xml"
"atsa","para_a_1376.xml"
"atsaatsa","para_a_1377.xml"
"atsal","para_a_1378.xml"
"atsar","para_a_1379.xml"
"adgaw","para_a_138.xml"
"atsára","para_a_1380.xml"
"atsay1","para_a_1381.xml"
"*atsay2","para_a_1382.xml"
"atsi1","para_a_1383.xml"
"atsi2","para_a_1384.xml"
"atsuytis","para_a_1385.xml"
"atu","para_a_1386.xml"
"átu","para_a_1387.xml"
"átù","para_a_1388.xml"
"atúa","para_a_1389.xml"
"adía","para_a_139.xml"
"átub1","para_a_1390.xml"
"átub2","para_a_1391.xml"
"átub3","para_a_1392.xml"
"atubang","para_a_1393.xml"
"átud","para_a_1394.xml"
"atug","para_a_1395.xml"
"atug-atug","para_a_1396.xml"
"atul","para_a_1397.xml"
"atuli","para_a_1398.xml"
"átum1","para_a_1399.xml"
"abaga","para_a_14.xml"
"ádik","para_a_140.xml"
"*átum2","para_a_1400.xml"
"atumátik","para_a_1401.xml"
"*atúmik","para_a_1402.xml"
"atumika","para_a_1403.xml"
"atung","para_a_1404.xml"
"atup","para_a_1405.xml"
"atup-atup1","para_a_1406.xml"
"aturga, aturgǎr","para_a_1407.xml"
"aturni","para_a_1408.xml"
"atutung","para_a_1409.xml"
"adilantádu","para_a_141.xml"
"aw, àw","para_a_1410.xml"
"áwà1","para_a_1411.xml"
"áwà2","para_a_1412.xml"
"awáaw","para_a_1413.xml"
"awahi","para_a_1414.xml"
"áwak","para_a_1415.xml"
"awang1","para_a_1416.xml"
"awang2","para_a_1417.xml"
"áwas","para_a_1418.xml"
"awat, áwat1","para_a_1419.xml"
"adilantar","para_a_142.xml"
"áwat2","para_a_1420.xml"
"aw-aw","para_a_1421.xml"
"áway","para_a_1422.xml"
"awdisyun","para_a_1423.xml"
"awditíbu","para_a_1424.xml"
"awditur","para_a_1425.xml"
"awdituryum","para_a_1426.xml"
"awgid","para_a_1427.xml"
"awhag","para_a_1428.xml"
"awhu","para_a_1429.xml"
"adilantu","para_a_143.xml"
"awíhaw","para_a_1430.xml"
"áwil","para_a_1431.xml"
"áwit","para_a_1432.xml"
"awlà","para_a_1433.xml"
"*awra","para_a_1434.xml"
"awrúra1","para_a_1435.xml"
"awrúra2","para_a_1436.xml"
"Awstriyanhun","para_a_1437.xml"
"awsud","para_a_1438.xml"
"awtburd","para_a_1439.xml"
"adilpa","para_a_144.xml"
"awting","para_a_1440.xml"
"awtlit","para_a_1441.xml"
"awtu","para_a_1442.xml"
"awtugrap","para_a_1443.xml"
"awtumátik, awtumatiku","para_a_1444.xml"
"awtumubil","para_a_1445.xml"
"awtunumíya","para_a_1446.xml"
"awtupsi, awtupsíya","para_a_1447.xml"
"awtur","para_a_1448.xml"
"awturidad","para_a_1449.xml"
"adimas","para_a_145.xml"
"awturisar","para_a_1450.xml"
"awturisasyun","para_a_1451.xml"
"awu-","para_a_1452.xml"
"áwug1","para_a_1453.xml"
"áwug2","para_a_1454.xml"
"áwuk","para_a_1455.xml"
"awuk-uk","para_a_1456.xml"
"awul","para_a_1457.xml"
"awumbak","para_a_1458.xml"
"áwut1","para_a_1459.xml"
"adingmasin","para_a_146.xml"
"áwut2","para_a_1460.xml"
"awutsayid","para_a_1461.xml"
"áwuy","para_a_1462.xml"
"awyan","para_a_1463.xml"
"ay1","para_a_1464.xml"
"ay2","para_a_1465.xml"
"ay3","para_a_1466.xml"
"ay4","para_a_1467.xml"
"-ay1","para_a_1468.xml"
"-ay2","para_a_1469.xml"
"adinúwid","para_a_147.xml"
"ayà","para_a_1470.xml"
"ayaan","para_a_1471.xml"
"ayáay","para_a_1472.xml"
"ayad1","para_a_1473.xml"
"ayad2","para_a_1474.xml"
"áyag","para_a_1475.xml"
"ayágak","para_a_1476.xml"
"áyam","para_a_1477.xml"
"ayang-ang","para_a_1478.xml"
"ay-ar payib","para_a_1479.xml"
"adisir, adísir","para_a_148.xml"
"ayaw","para_a_1480.xml"
"áyaw","para_a_1481.xml"
"ayawan","para_a_1482.xml"
"ayáwat","para_a_1483.xml"
"ayay","para_a_1484.xml"
"aybru","para_a_1485.xml"
"ayda","para_a_1486.xml"
"aydi","para_a_1487.xml"
"ayhà1","para_a_1488.xml"
"ayhà2","para_a_1489.xml"
"adiyus, adiyús","para_a_149.xml"
"ayhab","para_a_1490.xml"
"ayis","para_a_1491.xml"
"ayis-ayis","para_a_1492.xml"
"ayri","para_a_1493.xml"
"ayruplánu","para_a_1494.xml"
"aysyid","para_a_1495.xml"
"ayta1","para_a_1496.xml"
"ayta2","para_a_1497.xml"
"áyu","para_a_1498.xml"
"ayù","para_a_1499.xml"
"abága","para_a_15.xml"
"adlaw","para_a_150.xml"
"ayúda","para_a_1500.xml"
"ayudi","para_a_1501.xml"
"áyum","para_a_1502.xml"
"ayun","para_a_1503.xml"
"áyun","para_a_1504.xml"
"*ayup","para_a_1505.xml"
"ayup-up","para_a_1506.xml"
"ayus","para_a_1507.xml"
"adlib2, adlip1","para_a_151.xml"
"adlip2","para_a_152.xml"
"adlù","para_a_153.xml"
"administradur","para_a_154.xml"
"administrasiyun","para_a_155.xml"
"administratíbu","para_a_156.xml"
"admirar","para_a_157.xml"
"admisiyun","para_a_158.xml"
"admitar","para_a_159.xml"
"*abáhu","para_a_16.xml"
"admitídu","para_a_160.xml"
"admitir","para_a_161.xml"
"adngan","para_a_162.xml"
"adpan","para_a_163.xml"
"adris","para_a_164.xml"
"adtu1","para_a_165.xml"
"adtu2","para_a_166.xml"
"adtut","para_a_167.xml"
"adubádu","para_a_168.xml"
"adubáwu1","para_a_169.xml"
"abaka","para_a_17.xml"
"adubáwu2","para_a_170.xml"
"adúbi","para_a_171.xml"
"adúbu","para_a_172.xml"
"adul","para_a_173.xml"
"*adult","para_a_174.xml"
"adultiryu","para_a_175.xml"
"ad-un","para_a_176.xml"
"adúna","para_a_177.xml"
"aduptǎr","para_a_178.xml"
"adurnu","para_a_179.xml"
"abakáda","para_a_18.xml"
"adwána","para_a_180.xml"
"*adyà","para_a_181.xml"
"adyaks","para_a_182.xml"
"adyas","para_a_183.xml"
"adyinda","para_a_184.xml"
"adyinumútu","para_a_185.xml"
"ag","para_a_186.xml"
"agaab","para_a_187.xml"
"agáak","para_a_188.xml"
"*agad","para_a_189.xml"
"abakal","para_a_19.xml"
"ágad","para_a_190.xml"
"agad-ad1","para_a_191.xml"
"agad-ad2","para_a_192.xml"
"ag-ag","para_a_193.xml"
"*agagang","para_a_194.xml"
"agáhad","para_a_195.xml"
"ágak","para_a_196.xml"
"agak-ak","para_a_197.xml"
"agálun","para_a_198.xml"
"agan-an","para_a_199.xml"
"-a(←)","para_a_2.xml"
"abal","para_a_20.xml"
"agáng","para_a_200.xml"
"agang-agang","para_a_201.xml"
"agap","para_a_202.xml"
"agápang","para_a_203.xml"
"agára","para_a_204.xml"
"agaray","para_a_205.xml"
"ágas","para_a_206.xml"
"agaw","para_a_207.xml"
"ágaw","para_a_208.xml"
"agáwun","para_a_209.xml"
"abalu","para_a_21.xml"
"agay","para_a_210.xml"
"ágay","para_a_211.xml"
"agay-ay1","para_a_212.xml"
"agbat","para_a_213.xml"
"agbáti","para_a_214.xml"
"agbaw","para_a_215.xml"
"agbay","para_a_216.xml"
"agbun","para_a_217.xml"
"agda","para_a_218.xml"
"agdul","para_a_219.xml"
"abalwasiyun","para_a_22.xml"
"agh","para_a_220.xml"
"aghad","para_a_221.xml"
"aghat","para_a_222.xml"
"aghud","para_a_223.xml"
"aghup","para_a_224.xml"
"aghuy1","para_a_225.xml"
"aghuy2","para_a_226.xml"
"agi","para_a_227.xml"
"ági","para_a_228.xml"
"ágid","para_a_229.xml"
"abandunar","para_a_23.xml"
"agigísing","para_a_230.xml"
"agíik","para_a_231.xml"
"agik-ik","para_a_232.xml"
"agil","para_a_233.xml"
"agila","para_a_234.xml"
"agímud","para_a_235.xml"
"*aginaldu","para_a_236.xml"
"agíngay","para_a_237.xml"
"aginsud","para_a_238.xml"
"agínud","para_a_239.xml"
"abandúnu","para_a_24.xml"
"agipu","para_a_240.xml"
"agiri","para_a_241.xml"
"agis-is","para_a_242.xml"
"agit-it1","para_a_243.xml"
"agit-it2","para_a_244.xml"
"agítung","para_a_245.xml"
"ágiw","para_a_246.xml"
"agkut","para_a_247.xml"
"aglidulsi","para_a_248.xml"
"aglípay, aglipayánu","para_a_249.xml"
"ábang","para_a_25.xml"
"agmang","para_a_250.xml"
"agmud","para_a_251.xml"
"agngan","para_a_252.xml"
"agni","para_a_253.xml"
"agnus","para_a_254.xml"
"agpan","para_a_255.xml"
"agpang","para_a_256.xml"
"agpas","para_a_257.xml"
"agrabiyar","para_a_258.xml"
"agrabyádu","para_a_259.xml"
"abangan2","para_a_26.xml"
"agrabyu","para_a_260.xml"
"agri, agridulsi","para_a_261.xml"
"agrigáwu","para_a_262.xml"
"agrikultúra","para_a_263.xml"
"agriminsur","para_a_264.xml"
"agrísib","para_a_265.xml"
"agrisíba","para_a_266.xml"
"agrisíbu","para_a_267.xml"
"agsa1","para_a_268.xml"
"agsa2","para_a_269.xml"
"abánid","para_a_27.xml"
"agsing","para_a_270.xml"
"agtà","para_a_271.xml"
"agtang","para_a_272.xml"
"agtì","para_a_273.xml"
"agú","para_a_274.xml"
"Agu.","para_a_275.xml"
"agū̀","para_a_276.xml"
"agubhub","para_a_277.xml"
"agub-ub1","para_a_278.xml"
"agub-ub2","para_a_279.xml"
"abaníku","para_a_28.xml"
"agud","para_a_280.xml"
"agúha","para_a_281.xml"
"aguhilya","para_a_282.xml"
"agúhù","para_a_283.xml"
"aguk-uk","para_a_284.xml"
"agúkuy","para_a_285.xml"
"agul","para_a_286.xml"
"agulang","para_a_287.xml"
"agúlù","para_a_288.xml"
"agum","para_a_289.xml"
"abansáda","para_a_29.xml"
"águm","para_a_290.xml"
"agumáa","para_a_291.xml"
"agúmud","para_a_292.xml"
"agum-um","para_a_293.xml"
"águng","para_a_294.xml"
"agúngal","para_a_295.xml"
"agung-ung1","para_a_296.xml"
"agung-ung2","para_a_297.xml"
"agúnguy","para_a_298.xml"
"aguníyas","para_a_299.xml"
"á","para_a_3.xml"
"*abansi","para_a_30.xml"
"aguntù","para_a_300.xml"
"agup-up","para_a_301.xml"
"aguruy","para_a_302.xml"
"águs","para_a_303.xml"
"agusahis","para_a_304.xml"
"Agustu","para_a_305.xml"
"agus-us","para_a_306.xml"
"agut","para_a_307.xml"
"agút","para_a_308.xml"
"agútay","para_a_309.xml"
"abansin","para_a_31.xml"
"aguting","para_a_310.xml"
"agutíut","para_a_311.xml"
"agutnga","para_a_312.xml"
"agut-ut1","para_a_313.xml"
"agut-ut2","para_a_314.xml"
"agut-ut3","para_a_315.xml"
"agúut","para_a_316.xml"
"aguy","para_a_317.xml"
"aguyangyang1","para_a_318.xml"
"aguyangyang2","para_a_319.xml"
"abanti","para_a_32.xml"
"agwa","para_a_320.xml"
"agwáda","para_a_321.xml"
"agwádu","para_a_322.xml"
"agwadur","para_a_323.xml"
"agwanta","para_a_324.xml"
"agwardiyinti","para_a_325.xml"
"agwas","para_a_326.xml"
"agwasil","para_a_327.xml"
"agwásun","para_a_328.xml"
"ah","para_a_329.xml"
"abánu","para_a_33.xml"
"aha","para_a_330.xml"
"aháan","para_a_331.xml"
"áhag","para_a_332.xml"
"áhak","para_a_333.xml"
"áhas1","para_a_334.xml"
"áhas2","para_a_335.xml"
"ahat","para_a_336.xml"
"ahaw","para_a_337.xml"
"ahay","para_a_338.xml"
"ahidris","para_a_339.xml"
"abat","para_a_34.xml"
"ahinghu","para_a_340.xml"
"ahinsiya","para_a_341.xml"
"ahinti","para_a_342.xml"
"ahítu","para_a_343.xml"
"áhù","para_a_344.xml"
"áhug","para_a_345.xml"
"áhus","para_a_346.xml"
"ak","para_a_347.xml"
"akáak","para_a_348.xml"
"ákab","para_a_349.xml"
"ábat1","para_a_35.xml"
"akadimíya","para_a_350.xml"
"ak-ak","para_a_351.xml"
"ákal","para_a_352.xml"
"akasya","para_a_353.xml"
"akata, akatar","para_a_354.xml"
"akawntant","para_a_355.xml"
"akba","para_a_356.xml"
"akbay","para_a_357.xml"
"akbù","para_a_358.xml"
"akhab","para_a_359.xml"
"ábat2","para_a_36.xml"
"akin","para_a_360.xml"
"akip","para_a_361.xml"
"aklas","para_a_362.xml"
"akmù","para_a_363.xml"
"akni","para_a_364.xml"
"aknit","para_a_365.xml"
"aksì","para_a_366.xml"
"aksidinti","para_a_367.xml"
"aksidu","para_a_368.xml"
"aksintu","para_a_369.xml"
"abay","para_a_37.xml"
"aksiyun","para_a_370.xml"
"aksul","para_a_371.xml"
"akta","para_a_372.xml"
"aktibidádis","para_a_373.xml"
"aktibista","para_a_374.xml"
"aktíbu","para_a_375.xml"
"akting","para_a_376.xml"
"aktitud","para_a_377.xml"
"aktris","para_a_378.xml"
"aktu","para_a_379.xml"
"abgaw","para_a_38.xml"
"aktur","para_a_380.xml"
"aktuwal","para_a_381.xml"
"aku","para_a_382.xml"
"áku","para_a_383.xml"
"akub","para_a_384.xml"
"ákud1","para_a_385.xml"
"ákud2","para_a_386.xml"
"akúdi","para_a_387.xml"
"akulitu","para_a_388.xml"
"akumpaniing","para_a_389.xml"
"abhak","para_a_39.xml"
"akumpaniyamintu","para_a_390.xml"
"akumpaniyar","para_a_391.xml"
"akumplísi","para_a_392.xml"
"akup-akup","para_a_393.xml"
"akurdiyun","para_a_394.xml"
"akusádu","para_a_395.xml"
"akusar","para_a_396.xml"
"akwaryum","para_a_397.xml"
"akwintans","para_a_398.xml"
"akyut","para_a_399.xml"
"à","para_a_4.xml"
"abhul","para_a_40.xml"
"*ala","para_a_400.xml"
"ála","para_a_401.xml"
"alà","para_a_402.xml"
"álà","para_a_403.xml"
"alabádu","para_a_404.xml"
"alabanit","para_a_405.xml"
"alabíhid","para_a_406.xml"
"alabútun","para_a_407.xml"
"álad","para_a_408.xml"
"alagad","para_a_409.xml"
"abhung","para_a_41.xml"
"alágad","para_a_410.xml"
"alag-ag","para_a_411.xml"
"alagási","para_a_412.xml"
"alagaw","para_a_413.xml"
"alagay","para_a_414.xml"
"alagbáti","para_a_415.xml"
"alagbay","para_a_416.xml"
"alagúbay","para_a_417.xml"
"alagúkuy","para_a_418.xml"
"aláhas","para_a_419.xml"
"abi","para_a_42.xml"
"alahíru","para_a_420.xml"
"álak","para_a_421.xml"
"alakáak","para_a_422.xml"
"alakri","para_a_423.xml"
"alaksiw","para_a_424.xml"
"al-al1","para_a_425.xml"
"al-al2","para_a_426.xml"
"alálay","para_a_427.xml"
"*álam","para_a_428.xml"
"alámag","para_a_429.xml"
"ábi","para_a_43.xml"
"alam-álam","para_a_430.xml"
"alambíhid, alambíhud","para_a_431.xml"
"alambri1","para_a_432.xml"
"alambri2","para_a_433.xml"
"alambrilyu","para_a_434.xml"
"alambríru","para_a_435.xml"
"alampad","para_a_436.xml"
"alampat","para_a_437.xml"
"álan","para_a_438.xml"
"álang","para_a_439.xml"
"abiábi","para_a_44.xml"
"alangáang","para_a_440.xml"
"alang-álang","para_a_441.xml"
"alangíing","para_a_442.xml"
"alangílan","para_a_443.xml"
"alangísig","para_a_444.xml"
"alangitngit","para_a_445.xml"
"alangsúhan","para_a_446.xml"
"alapáhap","para_a_447.xml"
"alap-alap","para_a_448.xml"
"alap-ap","para_a_449.xml"
"abíba, abibar","para_a_45.xml"
"alarma","para_a_450.xml"
"aláru","para_a_451.xml"
"*alas1","para_a_452.xml"
"alas2","para_a_453.xml"
"alasan","para_a_454.xml"
"alas dúsi","para_a_455.xml"
"alasíman","para_a_456.xml"
"alasiwsiw","para_a_457.xml"
"alas kwatru","para_a_458.xml"
"alas utsu","para_a_459.xml"
"abíhid","para_a_46.xml"
"alasúus","para_a_460.xml"
"alat","para_a_461.xml"
"álat1","para_a_462.xml"
"álat2","para_a_463.xml"
"alatan","para_a_464.xml"
"aláut","para_a_465.xml"
"alaw","para_a_466.xml"
"álaw","para_a_467.xml"
"aláwans","para_a_468.xml"
"alawíhaw","para_a_469.xml"
"abilay","para_a_47.xml"
"alawiswis","para_a_470.xml"
"aláyun","para_a_471.xml"
"alayupiyup","para_a_472.xml"
"alba","para_a_473.xml"
"albaháka","para_a_474.xml"
"albangku","para_a_475.xml"
"albáti","para_a_476.xml"
"albínu","para_a_477.xml"
"albularyu","para_a_478.xml"
"album","para_a_479.xml"
"abilidad","para_a_48.xml"
"algudun","para_a_480.xml"
"alguwasil","para_a_481.xml"
"alhíbi","para_a_482.xml"
"alhu","para_a_483.xml"
"áli","para_a_484.xml"
"*alibagbag","para_a_485.xml"
"alibangbang","para_a_486.xml"
"alibángu","para_a_487.xml"
"alibay1","para_a_488.xml"
"alibhat","para_a_489.xml"
"abilyána","para_a_49.xml"
"alíbi","para_a_490.xml"
"alibusbus","para_a_491.xml"
"alibwag","para_a_492.xml"
"alibyu","para_a_493.xml"
"alid-an, alid-i","para_a_494.xml"
"alig-alig","para_a_495.xml"
"aligasiyun","para_a_496.xml"
"aligatu","para_a_497.xml"
"aligáya","para_a_498.xml"
"aligi","para_a_499.xml"
"ā̀","para_a_5.xml"
"ábin","para_a_50.xml"
"alig-ig","para_a_500.xml"
"aligri","para_a_501.xml"
"aliguríya","para_a_502.xml"
"aligutgut1","para_a_503.xml"
"aligutgut2","para_a_504.xml"
"alihid","para_a_505.xml"
"alíid","para_a_506.xml"
"alikabu","para_a_507.xml"
"alikási","para_a_508.xml"
"alikáti","para_a_509.xml"
"abintúra","para_a_51.xml"
"alikáti sa múrus","para_a_510.xml"
"alikúmù","para_a_511.xml"
"alikún","para_a_512.xml"
"alikway","para_a_513.xml"
"alíli","para_a_514.xml"
"alíling","para_a_515.xml"
"alílis","para_a_516.xml"
"alilúya","para_a_517.xml"
"alilúyuk","para_a_518.xml"
"álim1","para_a_519.xml"
"abinturar","para_a_52.xml"
"álim2","para_a_520.xml"
"alíma","para_a_521.xml"
"alimadmad","para_a_522.xml"
"aliman","para_a_523.xml"
"alimángu","para_a_524.xml"
"Alimanya","para_a_525.xml"
"alimása","para_a_526.xml"
"alimásag","para_a_527.xml"
"alimatmat","para_a_528.xml"
"alimátuk","para_a_529.xml"
"abir","para_a_53.xml"
"alimbrilyu","para_a_530.xml"
"alimbúkad","para_a_531.xml"
"alimgas","para_a_532.xml"
"alimgat","para_a_533.xml"
"alimpatakan","para_a_534.xml"
"alimpúlu","para_a_535.xml"
"alimpúlus","para_a_536.xml"
"alimpuyang","para_a_537.xml"
"alimpuyas","para_a_538.xml"
"alimpuying","para_a_539.xml"
"abirids","para_a_54.xml"
"alimugmug","para_a_540.xml"
"alimúkaw","para_a_541.xml"
"alimúkun","para_a_542.xml"
"alimúngaw","para_a_543.xml"
"alimungáwung","para_a_544.xml"
"alimúsan","para_a_545.xml"
"alimúut","para_a_546.xml"
"alimyun","para_a_547.xml"
"alindáhaw","para_a_548.xml"
"alindánaw","para_a_549.xml"
"abiríya","para_a_55.xml"
"alindánga","para_a_550.xml"
"alindángay","para_a_551.xml"
"alindasay","para_a_552.xml"
"alinga","para_a_553.xml"
"alingabngab","para_a_554.xml"
"alingagngag","para_a_555.xml"
"alingása1","para_a_556.xml"
"alingása2","para_a_557.xml"
"alingásu","para_a_558.xml"
"*alingawngaw1","para_a_559.xml"
"abirtu","para_a_56.xml"
"alingawngaw2","para_a_560.xml"
"alinggánay","para_a_561.xml"
"alinggat","para_a_562.xml"
"alingíing","para_a_563.xml"
"alingísi","para_a_564.xml"
"alingísig","para_a_565.xml"
"alingisngis","para_a_566.xml"
"alingit","para_a_567.xml"
"alingiting","para_a_568.xml"
"alingkawas","para_a_569.xml"
"abis","para_a_57.xml"
"alingugngug","para_a_570.xml"
"alinsúub","para_a_571.xml"
"alintabu","para_a_572.xml"
"alinupung","para_a_573.xml"
"alipadnu","para_a_574.xml"
"alipadsay","para_a_575.xml"
"alipanti","para_a_576.xml"
"alipasa","para_a_577.xml"
"alipáta, alipátà","para_a_578.xml"
"alipatpat","para_a_579.xml"
"abísu","para_a_58.xml"
"alip-ip1","para_a_580.xml"
"alip-ip2","para_a_581.xml"
"alipúlu","para_a_582.xml"
"alipúlung","para_a_583.xml"
"alipunga, alipungà","para_a_584.xml"
"alipúnga1","para_a_585.xml"
"alipúnga2","para_a_586.xml"
"aliputu, alipútu","para_a_587.xml"
"alíraw","para_a_588.xml"
"alirdyik","para_a_589.xml"
"abitsuylas","para_a_59.xml"
"alírung","para_a_590.xml"
"alisbu","para_a_591.xml"
"alisbung","para_a_592.xml"
"alisdan, alisdi","para_a_593.xml"
"alisiwsiw","para_a_594.xml"
"alisngaw","para_a_595.xml"
"alistu","para_a_596.xml"
"alisuksuk","para_a_597.xml"
"alitundan","para_a_598.xml"
"aliwálang","para_a_599.xml"
"aba1","para_a_6.xml"
"abitu","para_a_60.xml"
"aliwarus","para_a_600.xml"
"aliwárus","para_a_601.xml"
"alíwas","para_a_602.xml"
"aliwasa, aliwása","para_a_603.xml"
"aliyupyup","para_a_604.xml"
"alkabála","para_a_605.xml"
"alkaldi","para_a_606.xml"
"alkampur","para_a_607.xml"
"alkansi","para_a_608.xml"
"alkansíya","para_a_609.xml"
"abíyu","para_a_61.xml"
"alkaydi","para_a_610.xml"
"alkila","para_a_611.xml"
"alkitran","para_a_612.xml"
"alkúba","para_a_613.xml"
"alkuhíris","para_a_614.xml"
"alkuhul","para_a_615.xml"
"alkumbra","para_a_616.xml"
"alkuntra","para_a_617.xml"
"almagri","para_a_618.xml"
"almamátir","para_a_619.xml"
"abiyun","para_a_62.xml"
"almanáki","para_a_620.xml"
"almasíga","para_a_621.xml"
"almasin","para_a_622.xml"
"almindras","para_a_623.xml"
"almiranti","para_a_624.xml"
"almiris","para_a_625.xml"
"almirul","para_a_626.xml"
"almismutyimpu","para_a_627.xml"
"almuháda","para_a_628.xml"
"almuhadun","para_a_629.xml"
"abkay","para_a_63.xml"
"almundigas","para_a_630.xml"
"almunída","para_a_631.xml"
"almuránas","para_a_632.xml"
"alpa","para_a_633.xml"
"alpabitayis","para_a_634.xml"
"alpáka","para_a_635.xml"
"alpalpa","para_a_636.xml"
"alpilir","para_a_637.xml"
"alpiril, alpirin","para_a_638.xml"
"alpirisíya","para_a_639.xml"
"abla","para_a_64.xml"
"alpumbra","para_a_640.xml"
"alpunsínu","para_a_641.xml"
"alput","para_a_642.xml"
"alsa","para_a_643.xml"
"*alta","para_a_644.xml"
"altar","para_a_645.xml"
"altu1","para_a_646.xml"
"altu2","para_a_647.xml"
"*alu","para_a_648.xml"
"álù","para_a_649.xml"
"abládu","para_a_65.xml"
"alubíhid","para_a_650.xml"
"alud-ud","para_a_651.xml"
"alug","para_a_652.xml"
"alugbáti","para_a_653.xml"
"alug-ug","para_a_654.xml"
"aluhánay","para_a_655.xml"
"aluhípan","para_a_656.xml"
"alukaba","para_a_657.xml"
"alukabhang","para_a_658.xml"
"alúla","para_a_659.xml"
"ablása","para_a_66.xml"
"alum","para_a_660.xml"
"álum","para_a_661.xml"
"aluminum","para_a_662.xml"
"alumínus","para_a_663.xml"
"alumnus","para_a_664.xml"
"alum-um","para_a_665.xml"
"álun","para_a_666.xml"
"alundris1","para_a_667.xml"
"alundris2","para_a_668.xml"
"álung1","para_a_669.xml"
"abli","para_a_67.xml"
"álung2","para_a_670.xml"
"alungáing","para_a_671.xml"
"alungaug","para_a_672.xml"
"alungnan","para_a_673.xml"
"álup","para_a_674.xml"
"alupaup","para_a_675.xml"
"alupì","para_a_676.xml"
"alup-up, alupuup","para_a_677.xml"
"*álus","para_a_678.xml"
"alusíman","para_a_679.xml"
"Abr.","para_a_68.xml"
"alut","para_a_680.xml"
"aluwíhaw","para_a_681.xml"
"aluy1","para_a_682.xml"
"aluy2","para_a_683.xml"
"áluy","para_a_684.xml"
"aluyan","para_a_685.xml"
"alúyuk","para_a_686.xml"
"alyádu","para_a_687.xml"
"alyádus","para_a_688.xml"
"alyansa","para_a_689.xml"
"abrap","para_a_69.xml"
"alyas","para_a_690.xml"
"alyin","para_a_691.xml"
"*ama","para_a_692.xml"
"amá","para_a_693.xml"
"ámag","para_a_694.xml"
"amaga","para_a_695.xml"
"amag-amag","para_a_696.xml"
"amagan","para_a_697.xml"
"amagus","para_a_698.xml"
"amágus","para_a_699.xml"
"aba2","para_a_7.xml"
"abrása","para_a_70.xml"
"amahan","para_a_700.xml"
"amahung","para_a_701.xml"
"amákan","para_a_702.xml"
"am-am","para_a_703.xml"
"am-ám","para_a_704.xml"
"amamahung","para_a_705.xml"
"amamakul","para_a_706.xml"
"amamaliw","para_a_707.xml"
"amamangkas","para_a_708.xml"
"amamangluy","para_a_709.xml"
"abrasadur","para_a_71.xml"
"amamangpang","para_a_710.xml"
"amamaylan","para_a_711.xml"
"amang","para_a_712.xml"
"amang-amang","para_a_713.xml"
"amangtan","para_a_714.xml"
"*amanti","para_a_715.xml"
"amánus","para_a_716.xml"
"amapúlun","para_a_717.xml"
"amapúng","para_a_718.xml"
"amargúsu","para_a_719.xml"
"abrasíti","para_a_72.xml"
"amarilyu","para_a_720.xml"
"amaspas","para_a_721.xml"
"amasúna","para_a_722.xml"
"amat","para_a_723.xml"
"ámat","para_a_724.xml"
"amátung","para_a_725.xml"
"amatyur","para_a_726.xml"
"amáun","para_a_727.xml"
"amaw","para_a_728.xml"
"ámay","para_a_729.xml"
"abrasyíti","para_a_73.xml"
"amáyung","para_a_730.xml"
"ambà","para_a_731.xml"
"ambáhan","para_a_732.xml"
"ambak1","para_a_733.xml"
"ambak2","para_a_734.xml"
"ambak-ambak2","para_a_735.xml"
"ambalang","para_a_736.xml"
"ambáng","para_a_737.xml"
"ambangul","para_a_738.xml"
"ambas","para_a_739.xml"
"abri1","para_a_74.xml"
"ambaw","para_a_740.xml"
"ambi","para_a_741.xml"
"ambid, ambig","para_a_742.xml"
"ambihas, ambíhas","para_a_743.xml"
"ambilay","para_a_744.xml"
"ambir","para_a_745.xml"
"ambisiyun","para_a_746.xml"
"ambisyúsu","para_a_747.xml"
"ambit","para_a_748.xml"
"ambù","para_a_749.xml"
"abri2","para_a_75.xml"
"ambug","para_a_750.xml"
"ambúhut","para_a_751.xml"
"ambulansiya","para_a_752.xml"
"*ambung1","para_a_753.xml"
"*ambung2","para_a_754.xml"
"ambus","para_a_755.xml"
"ambut","para_a_756.xml"
"ambuy1","para_a_757.xml"
"ambuy2","para_a_758.xml"
"amgid","para_a_759.xml"
"abrigána","para_a_76.xml"
"amgu","para_a_760.xml"
"amíga","para_a_761.xml"
"amígas","para_a_762.xml"
"amígu","para_a_763.xml"
"amíhan","para_a_764.xml"
"amimihid, amimihig","para_a_765.xml"
"amimislun","para_a_766.xml"
"amimitas","para_a_767.xml"
"amin","para_a_768.xml"
"amindar","para_a_769.xml"
"abrigáwu","para_a_77.xml"
"Amirika","para_a_770.xml"
"Amirikána","para_a_771.xml"
"amirikanayis","para_a_772.xml"
"Amirikánu","para_a_773.xml"
"amirul","para_a_774.xml"
"amistad","para_a_775.xml"
"amitu","para_a_776.xml"
"ampa","para_a_777.xml"
"ampad","para_a_778.xml"
"ampáhan","para_a_779.xml"
"abrígu","para_a_78.xml"
"ampaláya","para_a_780.xml"
"ampapángig","para_a_781.xml"
"ampara","para_a_782.xml"
"ampaw","para_a_783.xml"
"ampay","para_a_784.xml"
"ampáyir","para_a_785.xml"
"amping","para_a_786.xml"
"ampityatru","para_a_787.xml"
"ampiyun1","para_a_788.xml"
"ampiyun2","para_a_789.xml"
"Abril","para_a_79.xml"
"ampli","para_a_790.xml"
"amplipáyir","para_a_791.xml"
"ampù","para_a_792.xml"
"ampúngul","para_a_793.xml"
"amu","para_a_794.xml"
"ámu","para_a_795.xml"
"amù","para_a_796.xml"
"ámù","para_a_797.xml"
"amul","para_a_798.xml"
"amúma","para_a_799.xml"
"ábà tuy","para_a_8.xml"
"abriláta","para_a_80.xml"
"*amumun","para_a_800.xml"
"amumúng","para_a_801.xml"
"amumunggut","para_a_802.xml"
"amumungpung","para_a_803.xml"
"amumuntag","para_a_804.xml"
"amung","para_a_805.xml"
"amunistal","para_a_806.xml"
"amur","para_a_807.xml"
"amurádu","para_a_808.xml"
"amural","para_a_809.xml"
"absin","para_a_81.xml"
"amur sikrítu","para_a_810.xml"
"amursíku","para_a_811.xml"
"amurtisasiyun","para_a_812.xml"
"amurúsu","para_a_813.xml"
"ámut","para_a_814.xml"
"amúti","para_a_815.xml"
"ámuy1","para_a_816.xml"
"ámuy2","para_a_817.xml"
"amyun","para_a_818.xml"
"-an1","para_a_819.xml"
"absinus","para_a_82.xml"
"-an2","para_a_820.xml"
"-an3","para_a_821.xml"
"-an4","para_a_822.xml"
"-an(→)","para_a_823.xml"
"-an-","para_a_824.xml"
"anā̀","para_a_825.xml"
"ánà","para_a_826.xml"
"anáa","para_a_827.xml"
"ánab","para_a_828.xml"
"anabu","para_a_829.xml"
"absulusiyun","para_a_83.xml"
"anabyung","para_a_830.xml"
"ánad","para_a_831.xml"
"ánag","para_a_832.xml"
"anagási","para_a_833.xml"
"anagu, anágu","para_a_834.xml"
"anahà","para_a_835.xml"
"anáhaw","para_a_836.xml"
"anak","para_a_837.xml"
"anam","para_a_838.xml"
"-anan1","para_a_839.xml"
"absuwiltu","para_a_84.xml"
"-anan2(→)","para_a_840.xml"
"an-an","para_a_841.xml"
"ananaklaw","para_a_842.xml"
"ananakyud","para_a_843.xml"
"ananamsi","para_a_844.xml"
"anananggal","para_a_845.xml"
"ananangkil","para_a_846.xml"
"anapug","para_a_847.xml"
"ánas","para_a_848.xml"
"ánaw1","para_a_849.xml"
"abtik","para_a_85.xml"
"ánaw2","para_a_850.xml"
"anawnsir","para_a_851.xml"
"anay1","para_a_852.xml"
"anay2","para_a_853.xml"
"ánay1","para_a_854.xml"
"ánay2","para_a_855.xml"
"-anay","para_a_856.xml"
"anay-anay","para_a_857.xml"
"anda1","para_a_858.xml"
"anda2","para_a_859.xml"
"abtung","para_a_86.xml"
"andadur","para_a_860.xml"
"*andak","para_a_861.xml"
"andam","para_a_862.xml"
"andamyu","para_a_863.xml"
"andána","para_a_864.xml"
"andar","para_a_865.xml"
"andarul","para_a_866.xml"
"andas","para_a_867.xml"
"*andaw","para_a_868.xml"
"andáyag","para_a_869.xml"
"abu","para_a_87.xml"
"andáyun","para_a_870.xml"
"anding","para_a_871.xml"
"andir","para_a_872.xml"
"andu, andù1","para_a_873.xml"
"andù2","para_a_874.xml"
"andù3","para_a_875.xml"
"andúhaw","para_a_876.xml"
"andúhay","para_a_877.xml"
"ang","para_a_878.xml"
"ánga1","para_a_879.xml"
"abuábu","para_a_88.xml"
"ánga2","para_a_880.xml"
"angáang","para_a_881.xml"
"ángal","para_a_882.xml"
"angalaskálas","para_a_883.xml"
"angan-ángan","para_a_884.xml"
"ang-ang","para_a_885.xml"
"angat1","para_a_886.xml"
"*angat2","para_a_887.xml"
"ángat","para_a_888.xml"
"ángay","para_a_889.xml"
"*abubhu","para_a_89.xml"
"angdù","para_a_890.xml"
"anggà","para_a_891.xml"
"anggal","para_a_892.xml"
"anggid","para_a_893.xml"
"angguy","para_a_894.xml"
"anghal","para_a_895.xml"
"anghaw","para_a_896.xml"
"anghil","para_a_897.xml"
"anghilika","para_a_898.xml"
"anghinghu","para_a_899.xml"
"abaa","para_a_9.xml"
"abud, ábud1","para_a_90.xml"
"anghit","para_a_900.xml"
"angíing","para_a_901.xml"
"angílan","para_a_902.xml"
"ángin","para_a_903.xml"
"angitngit","para_a_904.xml"
"angka","para_a_905.xml"
"angkab","para_a_906.xml"
"angkas","para_a_907.xml"
"angkat","para_a_908.xml"
"angkla","para_a_909.xml"
"ábud2","para_a_91.xml"
"angkub","para_a_910.xml"
"angkun","para_a_911.xml"
"anglit","para_a_912.xml"
"angsu","para_a_913.xml"
"angsud","para_a_914.xml"
"angtad","para_a_915.xml"
"angtud","para_a_916.xml"
"anguangu","para_a_917.xml"
"angul, ángul","para_a_918.xml"
"angulunkulun","para_a_919.xml"
"ábud3","para_a_92.xml"
"angus","para_a_920.xml"
"angut, ángut1","para_a_921.xml"
"ángut2","para_a_922.xml"
"anhà","para_a_923.xml"
"anhi","para_a_924.xml"
"anhin, anhing","para_a_925.xml"
"anhuy","para_a_926.xml"
"áni","para_a_927.xml"
"anía","para_a_928.xml"
"aniag","para_a_929.xml"
"abug1","para_a_93.xml"
"ánib1","para_a_930.xml"
"*ánib2","para_a_931.xml"
"aníbal","para_a_932.xml"
"anibirsaryu","para_a_933.xml"
"aníbung","para_a_934.xml"
"anig-ig","para_a_935.xml"
"aníhag","para_a_936.xml"
"anii","para_a_937.xml"
"anikad","para_a_938.xml"
"anílaw","para_a_939.xml"
"*abug2","para_a_94.xml"
"anilyu","para_a_940.xml"
"animal","para_a_941.xml"
"animar","para_a_942.xml"
"animas","para_a_943.xml"
"animasiyun","para_a_944.xml"
"anímik, animiku","para_a_945.xml"
"animu","para_a_946.xml"
"animya","para_a_947.xml"
"anínag","para_a_948.xml"
"anínaw","para_a_949.xml"
"ábug1","para_a_95.xml"
"anindut","para_a_950.xml"
"aninikad","para_a_951.xml"
"aniningsing","para_a_952.xml"
"aniníput","para_a_953.xml"
"anínu","para_a_954.xml"
"anipay","para_a_955.xml"
"anis","para_a_956.xml"
"ánis, ánist","para_a_957.xml"
"anis-is","para_a_958.xml"
"anislag","para_a_959.xml"
"ábug2","para_a_96.xml"
"anistisya","para_a_960.xml"
"ánit","para_a_961.xml"
"anítu","para_a_962.xml"
"aníyu","para_a_963.xml"
"anlit","para_a_964.xml"
"ansir","para_a_965.xml"
"*ansiyánu","para_a_966.xml"
"ansu","para_a_967.xml"
"ansuy","para_a_968.xml"
"antad","para_a_969.xml"
"abugáda","para_a_97.xml"
"antagunismu","para_a_970.xml"
"antáhay","para_a_971.xml"
"antak","para_a_972.xml"
"antaw","para_a_973.xml"
"anti1","para_a_974.xml"
"anti-2","para_a_975.xml"
"anti3","para_a_976.xml"
"antibayutiku","para_a_977.xml"
"antígu","para_a_978.xml"
"antíhay","para_a_979.xml"
"abugádu","para_a_98.xml"
"antikristu","para_a_980.xml"
"antimánu","para_a_981.xml"
"antína","para_a_982.xml"
"anting-anting","para_a_983.xml"
"antipára","para_a_984.xml"
"antipas","para_a_985.xml"
"antipatiku","para_a_986.xml"
"antipúlu","para_a_987.xml"
"antipun","para_a_988.xml"
"antipúna","para_a_989.xml"
"abugágu","para_a_99.xml"
"antirábis","para_a_990.xml"
"antis","para_a_991.xml"
"antisiptiku","para_a_992.xml"
"antisípu","para_a_993.xml"
"antitirhi","para_a_994.xml"
"antiúhus, antiyúhus","para_a_995.xml"
"antū̀","para_a_996.xml"
"antúan","para_a_997.xml"
"antúbung","para_a_998.xml"
"antud","para_a_999.xml"
"ba","para_b_1508.xml"
"bá","para_b_1509.xml"
"*bà","para_b_1510.xml"
"báag1","para_b_1511.xml"
"baang, báang1","para_b_1512.xml"
"báang2","para_b_1513.xml"
"báat","para_b_1514.xml"
"báb","para_b_1515.xml"
"baba, bába","para_b_1516.xml"
"bàbà","para_b_1517.xml"
"babad","para_b_1518.xml"
"bábad1","para_b_1519.xml"
"bábad2","para_b_1520.xml"
"bábag1","para_b_1521.xml"
"bábag2","para_b_1522.xml"
"babaw","para_b_1523.xml"
"bábay","para_b_1524.xml"
"babáyi","para_b_1525.xml"
"babaylan","para_b_1526.xml"
"babha","para_b_1527.xml"
"babhir","para_b_1528.xml"
"babil","para_b_1529.xml"
"bábit1","para_b_1530.xml"
"bábit2","para_b_1531.xml"
"bábul gam","para_b_1532.xml"
"babung, bábung","para_b_1533.xml"
"babuy","para_b_1534.xml"
"bábuy1","para_b_1535.xml"
"bábuy2","para_b_1536.xml"
"babuybabuy","para_b_1537.xml"
"bad-ay","para_b_1538.xml"
"badaybaday","para_b_1539.xml"
"badbad1","para_b_1540.xml"
"badbad2","para_b_1541.xml"
"badigard","para_b_1542.xml"
"badingding","para_b_1543.xml"
"badlipánis","para_b_1544.xml"
"badlis","para_b_1545.xml"
"badlit","para_b_1546.xml"
"badlun","para_b_1547.xml"
"badlung","para_b_1548.xml"
"badmintun","para_b_1549.xml"
"badúduy","para_b_1550.xml"
"bad-un","para_b_1551.xml"
"badung","para_b_1552.xml"
"badut","para_b_1553.xml"
"badútu","para_b_1554.xml"
"badyang1","para_b_1555.xml"
"badyang2","para_b_1556.xml"
"badyángun","para_b_1557.xml"
"badyi","para_b_1558.xml"
"badyibadyi","para_b_1559.xml"
"badyikdyik","para_b_1560.xml"
"badyit1","para_b_1561.xml"
"badyit2","para_b_1562.xml"
"badyù","para_b_1563.xml"
"badyung","para_b_1564.xml"
"bag","para_b_1565.xml"
"bág","para_b_1566.xml"
"bága","para_b_1567.xml"
"bagà","para_b_1568.xml"
"bágà","para_b_1569.xml"
"bagaang","para_b_1570.xml"
"bagáang","para_b_1571.xml"
"bagàbà","para_b_1572.xml"
"bagákay","para_b_1573.xml"
"bagal1, bágal1","para_b_1574.xml"
"bagal2, bágal2","para_b_1575.xml"
"bagalnga","para_b_1576.xml"
"bagamundu","para_b_1577.xml"
"bagan","para_b_1578.xml"
"bagánaw","para_b_1579.xml"
"bágang","para_b_1580.xml"
"bag-ang","para_b_1581.xml"
"bag-ángan","para_b_1582.xml"
"bagansiya","para_b_1583.xml"
"bag-as","para_b_1584.xml"
"bagási, bagásu","para_b_1585.xml"
"bágat","para_b_1586.xml"
"bagatúngul","para_b_1587.xml"
"bagaw1","para_b_1588.xml"
"bagaw2","para_b_1589.xml"
"bag-aw","para_b_1590.xml"
"bágay","para_b_1591.xml"
"bagaybay","para_b_1592.xml"
"*bagbag","para_b_1593.xml"
"bagdal","para_b_1594.xml"
"bagduk","para_b_1595.xml"
"*bagduy","para_b_1596.xml"
"baghak","para_b_1597.xml"
"baghas1","para_b_1598.xml"
"baghas2","para_b_1599.xml"
"baghud","para_b_1600.xml"
"baghut","para_b_1601.xml"
"bagìbì","para_b_1602.xml"
"bag-id","para_b_1603.xml"
"báging","para_b_1604.xml"
"bágis1","para_b_1605.xml"
"bágis2","para_b_1606.xml"
"bagit","para_b_1607.xml"
"bagíyus","para_b_1608.xml"
"baglis","para_b_1609.xml"
"bagnas","para_b_1610.xml"
"bagnid","para_b_1611.xml"
"bagnud","para_b_1612.xml"
"bagnus","para_b_1613.xml"
"bagnut","para_b_1614.xml"
"bagransiya","para_b_1615.xml"
"bagrung","para_b_1616.xml"
"bagsak1","para_b_1617.xml"
"bagsak2","para_b_1618.xml"
"bagsak3","para_b_1619.xml"
"bagsang","para_b_1620.xml"
"bagtak","para_b_1621.xml"
"bagtas1","para_b_1622.xml"
"bagtas2","para_b_1623.xml"
"bagtì","para_b_1624.xml"
"bagtik","para_b_1625.xml"
"bagting","para_b_1626.xml"
"bagtuk","para_b_1627.xml"
"bagtus","para_b_1628.xml"
"bágu","para_b_1629.xml"
"bagù1","para_b_1630.xml"
"bagù2","para_b_1631.xml"
"bag-u","para_b_1632.xml"
"bagubhu","para_b_1633.xml"
"Bagúbu, Bagúbù, Bagùbù","para_b_1634.xml"
"bagudlus","para_b_1635.xml"
"bagukbuk","para_b_1636.xml"
"bagul1","para_b_1637.xml"
"bagulbul","para_b_1638.xml"
"bagumbáyan","para_b_1639.xml"
"bagun","para_b_1640.xml"
"bágun","para_b_1641.xml"
"bagunbun","para_b_1642.xml"
"bagunbúnun","para_b_1643.xml"
"bagung1","para_b_1644.xml"
"*bagung2","para_b_1645.xml"
"bag-ung","para_b_1646.xml"
"bagungun, bagúngun","para_b_1647.xml"
"bagunul","para_b_1648.xml"
"bagurus","para_b_1649.xml"
"bágus1","para_b_1650.xml"
"bágus2","para_b_1651.xml"
"bagutbut","para_b_1652.xml"
"bagúud","para_b_1653.xml"
"bagúung","para_b_1654.xml"
"bagwísan","para_b_1655.xml"
"bagyang","para_b_1656.xml"
"bagyu","para_b_1657.xml"
"bagyu bins","para_b_1658.xml"
"*báha","para_b_1659.xml"
"bahà","para_b_1660.xml"
"báhad","para_b_1661.xml"
"baháda","para_b_1662.xml"
"bahádu","para_b_1663.xml"
"bahag","para_b_1664.xml"
"baháhà","para_b_1665.xml"
"báhak","para_b_1666.xml"
"bahakhak","para_b_1667.xml"
"bahal","para_b_1668.xml"
"bahálà","para_b_1669.xml"
"bahalína","para_b_1670.xml"
"báhan","para_b_1671.xml"
"bahandì","para_b_1672.xml"
"bahar","para_b_1673.xml"
"bahas","para_b_1674.xml"
"báhas","para_b_1675.xml"
"bahaulu","para_b_1676.xml"
"báhaw1","para_b_1677.xml"
"báhaw2","para_b_1678.xml"
"bahay1","para_b_1679.xml"
"bahay2","para_b_1680.xml"
"bahayan","para_b_1681.xml"
"báhì","para_b_1682.xml"
"bahig","para_b_1683.xml"
"bahignit","para_b_1684.xml"
"bahíhì, bahihì, bahìhì","para_b_1685.xml"
"bahikhik","para_b_1686.xml"
"bahilya","para_b_1687.xml"
"báhin","para_b_1688.xml"
"bahirig","para_b_1689.xml"
"bahis","para_b_1690.xml"
"bahista","para_b_1691.xml"
"bahíya","para_b_1692.xml"
"báhu1","para_b_1693.xml"
"báhu2","para_b_1694.xml"
"báhu3","para_b_1695.xml"
"báhu4, bàhu","para_b_1696.xml"
"bahù","para_b_1697.xml"
"báhud","para_b_1698.xml"
"bahug","para_b_1699.xml"
"bahùlu","para_b_1700.xml"
"bàhun","para_b_1701.xml"
"bahut","para_b_1702.xml"
"bahuulu","para_b_1703.xml"
"báid","para_b_1704.xml"
"baíid","para_b_1705.xml"
"bail","para_b_1706.xml"
"bais","para_b_1707.xml"
"baíwas","para_b_1708.xml"
"baka","para_b_1709.xml"
"báka1","para_b_1710.xml"
"báka2","para_b_1711.xml"
"bákà","para_b_1712.xml"
"bakaang","para_b_1713.xml"
"bakabáka","para_b_1714.xml"
"bakag","para_b_1715.xml"
"bakagan","para_b_1716.xml"
"bakak","para_b_1717.xml"
"bakalaw","para_b_1718.xml"
"bakáling","para_b_1719.xml"
"bakan","para_b_1720.xml"
"bákan","para_b_1721.xml"
"bakanan","para_b_1722.xml"
"bakang","para_b_1723.xml"
"bakanti","para_b_1724.xml"
"bak-ap","para_b_1725.xml"
"bákas","para_b_1726.xml"
"bakasi","para_b_1727.xml"
"bakasiyun","para_b_1728.xml"
"bakat","para_b_1729.xml"
"bakatin","para_b_1730.xml"
"bakatya","para_b_1731.xml"
"bakawan","para_b_1732.xml"
"bákay","para_b_1733.xml"
"bakaybakay","para_b_1734.xml"
"bakbak1","para_b_1735.xml"
"bakbak2","para_b_1736.xml"
"bakbak3","para_b_1737.xml"
"bakbak4","para_b_1738.xml"
"bakbak5","para_b_1739.xml"
"bakgráwun","para_b_1740.xml"
"bakgut","para_b_1741.xml"
"bakhad","para_b_1742.xml"
"bakhaw1","para_b_1743.xml"
"bakhaw2","para_b_1744.xml"
"bakhù","para_b_1745.xml"
"bakhuy","para_b_1746.xml"
"bakì","para_b_1747.xml"
"bákid","para_b_1748.xml"
"bakig","para_b_1749.xml"
"bakik","para_b_1750.xml"
"bakikaw","para_b_1751.xml"
"bakíki","para_b_1752.xml"
"bakilid","para_b_1753.xml"
"báking1","para_b_1754.xml"
"báking2","para_b_1755.xml"
"bakintul","para_b_1756.xml"
"bákir","para_b_1757.xml"
"bakíru","para_b_1758.xml"
"bakíta","para_b_1759.xml"
"bakíya","para_b_1760.xml"
"baklà","para_b_1761.xml"
"baklag","para_b_1762.xml"
"baklarit","para_b_1763.xml"
"baklaw","para_b_1764.xml"
"baklay","para_b_1765.xml"
"bakliad, baklíad","para_b_1766.xml"
"baklid","para_b_1767.xml"
"baknal","para_b_1768.xml"
"baknit","para_b_1769.xml"
"bakpi","para_b_1770.xml"
"bakráyid","para_b_1771.xml"
"baksan","para_b_1772.xml"
"baksidur","para_b_1773.xml"
"baksing","para_b_1774.xml"
"baksir","para_b_1775.xml"
"baksiwà","para_b_1776.xml"
"baktas","para_b_1777.xml"
"baktin1","para_b_1778.xml"
"baktin2","para_b_1779.xml"
"baktirya","para_b_1780.xml"
"bakù","para_b_1781.xml"
"bakud","para_b_1782.xml"
"bákud1","para_b_1783.xml"
"bákud2","para_b_1784.xml"
"bakudbakud","para_b_1785.xml"
"bakukang","para_b_1786.xml"
"bakúku","para_b_1787.xml"
"bakúkun","para_b_1788.xml"
"bakul","para_b_1789.xml"
"bákul","para_b_1790.xml"
"bakúlan","para_b_1791.xml"
"bakulaw","para_b_1792.xml"
"bakulkul","para_b_1793.xml"
"bakulud","para_b_1794.xml"
"bakulung","para_b_1795.xml"
"bákun","para_b_1796.xml"
"bakúna","para_b_1797.xml"
"bakunáwa","para_b_1798.xml"
"bákung1","para_b_1799.xml"
"bákung2","para_b_1800.xml"
"bakúngan","para_b_1801.xml"
"bakúngun","para_b_1802.xml"
"bakus","para_b_1803.xml"
"bàkus","para_b_1804.xml"
"bákut","para_b_1805.xml"
"bakutut","para_b_1806.xml"
"bakwì","para_b_1807.xml"
"bakwit","para_b_1808.xml"
"bakyà1","para_b_1809.xml"
"bakyà2","para_b_1810.xml"
"bakyánu","para_b_1811.xml"
"bakyaw","para_b_1812.xml"
"bala, bála1","para_b_1813.xml"
"bála2","para_b_1814.xml"
"balà1","para_b_1815.xml"
"balà2","para_b_1816.xml"
"bálà","para_b_1817.xml"
"baláan","para_b_1818.xml"
"baláat","para_b_1819.xml"
"balábag","para_b_1820.xml"
"balabála","para_b_1821.xml"
"baladaw","para_b_1822.xml"
"baladbad","para_b_1823.xml"
"baládin","para_b_1824.xml"
"balad-un","para_b_1825.xml"
"bálag","para_b_1826.xml"
"balaghuy","para_b_1827.xml"
"balagsang","para_b_1828.xml"
"balagtásan","para_b_1829.xml"
"balagtuk","para_b_1830.xml"
"balagúlà, balagúlan","para_b_1831.xml"
"balágun","para_b_1832.xml"
"balag-ung","para_b_1833.xml"
"baláhak","para_b_1834.xml"
"balahálà","para_b_1835.xml"
"balahíbu","para_b_1836.xml"
"bálak","para_b_1837.xml"
"baláka","para_b_1838.xml"
"balakanan","para_b_1839.xml"
"balak-ang","para_b_1840.xml"
"balakasi","para_b_1841.xml"
"balakbak","para_b_1842.xml"
"balakíki","para_b_1843.xml"
"balalà","para_b_1844.xml"
"balalantì","para_b_1845.xml"
"balalátuk","para_b_1846.xml"
"balalaw","para_b_1847.xml"
"balanà","para_b_1848.xml"
"balának","para_b_1849.xml"
"balanban1","para_b_1850.xml"
"balanban2","para_b_1851.xml"
"balandra","para_b_1852.xml"
"bal-ang","para_b_1853.xml"
"balángas","para_b_1854.xml"
"balángaw","para_b_1855.xml"
"balángay","para_b_1856.xml"
"balangbalang","para_b_1857.xml"
"balangbálang","para_b_1858.xml"
"balanghitaw","para_b_1859.xml"
"balanghútan","para_b_1860.xml"
"balanghuy","para_b_1861.xml"
"balangúbang","para_b_1862.xml"
"balangus","para_b_1863.xml"
"baláni1","para_b_1864.xml"
"baláni2","para_b_1865.xml"
"balansi","para_b_1866.xml"
"balansíkul","para_b_1867.xml"
"balantak","para_b_1868.xml"
"balantì","para_b_1869.xml"
"balantígun","para_b_1870.xml"
"balantíyung","para_b_1871.xml"
"balanus","para_b_1872.xml"
"balaraw","para_b_1873.xml"
"balas","para_b_1874.xml"
"balasbas","para_b_1875.xml"
"balaslúkun","para_b_1876.xml"
"balasúbas","para_b_1877.xml"
"balat","para_b_1878.xml"
"balat-ang","para_b_1879.xml"
"balátik1","para_b_1880.xml"
"balátik2","para_b_1881.xml"
"balátung","para_b_1882.xml"
"balatwánun","para_b_1883.xml"
"baláud","para_b_1884.xml"
"balaúngun","para_b_1885.xml"
"balaw","para_b_1886.xml"
"bálaw","para_b_1887.xml"
"balawbaw","para_b_1888.xml"
"balay","para_b_1889.xml"
"balaybay","para_b_1890.xml"
"baláyung","para_b_1891.xml"
"balbag","para_b_1892.xml"
"balbakúwa","para_b_1893.xml"
"balbal","para_b_1894.xml"
"balbangáan","para_b_1895.xml"
"balbas","para_b_1896.xml"
"balbíru","para_b_1897.xml"
"balbula","para_b_1898.xml"
"balda","para_b_1899.xml"
"baldi","para_b_1900.xml"
"baldíyu","para_b_1901.xml"
"baldúsa","para_b_1902.xml"
"balhas","para_b_1903.xml"
"balhíbu","para_b_1904.xml"
"balhin","para_b_1905.xml"
"balhug","para_b_1906.xml"
"balhun","para_b_1907.xml"
"bali1","para_b_1908.xml"
"báli","para_b_1909.xml"
"bálì","para_b_1910.xml"
"baliad","para_b_1911.xml"
"baliálà","para_b_1912.xml"
"balíbad","para_b_1913.xml"
"balibag","para_b_1914.xml"
"balibay","para_b_1915.xml"
"balíbud1","para_b_1916.xml"
"balíbud2","para_b_1917.xml"
"balibul","para_b_1918.xml"
"balibung","para_b_1919.xml"
"balidbid","para_b_1920.xml"
"balidikturyan","para_b_1921.xml"
"balighù","para_b_1922.xml"
"balighut","para_b_1923.xml"
"baligkawang","para_b_1924.xml"
"baligkus","para_b_1925.xml"
"baligsálà","para_b_1926.xml"
"baligtad","para_b_1927.xml"
"baligtus","para_b_1928.xml"
"baligwat","para_b_1929.xml"
"baligyà","para_b_1930.xml"
"bálik","para_b_1931.xml"
"balíkas","para_b_1932.xml"
"balikawang","para_b_1933.xml"
"balikhaw","para_b_1934.xml"
"balikid","para_b_1935.xml"
"balikig","para_b_1936.xml"
"balíkis","para_b_1937.xml"
"baliktad","para_b_1938.xml"
"baliktus","para_b_1939.xml"
"balikù","para_b_1940.xml"
"balíkud","para_b_1941.xml"
"balikug","para_b_1942.xml"
"balikugkug","para_b_1943.xml"
"balíkus","para_b_1944.xml"
"balikutkut","para_b_1945.xml"
"balikutsa","para_b_1946.xml"
"balikwaut","para_b_1947.xml"
"balikwit","para_b_1948.xml"
"balíla","para_b_1949.xml"
"balíli","para_b_1950.xml"
"balilikid, balilíkid","para_b_1951.xml"
"balimbúgay","para_b_1952.xml"
"balimbing","para_b_1953.xml"
"báling","para_b_1954.xml"
"balingag","para_b_1955.xml"
"balingay","para_b_1956.xml"
"balingbing","para_b_1957.xml"
"balíngit","para_b_1958.xml"
"balingkágas","para_b_1959.xml"
"balingkawang","para_b_1960.xml"
"balingkút","para_b_1961.xml"
"balingug","para_b_1962.xml"
"balinsalà, balinsálà","para_b_1963.xml"
"balinsay","para_b_1964.xml"
"balinsáyaw","para_b_1965.xml"
"balinsiyána","para_b_1966.xml"
"balinsuguan","para_b_1967.xml"
"balinsúngag","para_b_1968.xml"
"balintang","para_b_1969.xml"
"balintawak","para_b_1970.xml"
"balintayins","para_b_1971.xml"
"balintung1","para_b_1972.xml"
"balintung2","para_b_1973.xml"
"balintúwad","para_b_1974.xml"
"balirung1","para_b_1975.xml"
"balirung2","para_b_1976.xml"
"balirúsu","para_b_1977.xml"
"bal-is","para_b_1978.xml"
"balísa","para_b_1979.xml"
"balisádà, balisálà","para_b_1980.xml"
"*balisbis","para_b_1981.xml"
"balísing","para_b_1982.xml"
"baliskad","para_b_1983.xml"
"baliskug","para_b_1984.xml"
"balista","para_b_1985.xml"
"balísung1","para_b_1986.xml"
"balísung2","para_b_1987.xml"
"balità","para_b_1988.xml"
"balit-ad","para_b_1989.xml"
"balitang","para_b_1990.xml"
"balítang","para_b_1991.xml"
"balítaw","para_b_1992.xml"
"balíti","para_b_1993.xml"
"balituk","para_b_1994.xml"
"balitùtù","para_b_1995.xml"
"baliug","para_b_1996.xml"
"balíus","para_b_1997.xml"
"baliw","para_b_1998.xml"
"báliw","para_b_1999.xml"
"baliwag, balíwag","para_b_2000.xml"
"balíwas","para_b_2001.xml"
"baliwliw","para_b_2002.xml"
"baliyug1","para_b_2003.xml"
"baliyug2","para_b_2004.xml"
"balkun","para_b_2005.xml"
"balkunáhi","para_b_2006.xml"
"balkuni","para_b_2007.xml"
"balsa","para_b_2008.xml"
"balsamu","para_b_2009.xml"
"balsi","para_b_2010.xml"
"balu","para_b_2011.xml"
"bálu1","para_b_2012.xml"
"bálu2, balù1, bálù1","para_b_2013.xml"
"balù2","para_b_2014.xml"
"balù3","para_b_2015.xml"
"bálù2","para_b_2016.xml"
"baluarti","para_b_2017.xml"
"balubálu","para_b_2018.xml"
"balùbalù, balùbálù","para_b_2019.xml"
"balud","para_b_2020.xml"
"bálud","para_b_2021.xml"
"balug","para_b_2022.xml"
"balugbug","para_b_2023.xml"
"báluk","para_b_2024.xml"
"balúkag","para_b_2025.xml"
"balukanad","para_b_2026.xml"
"balúkat","para_b_2027.xml"
"balukbáluk","para_b_2028.xml"
"balukbuk1","para_b_2029.xml"
"balukbuk2","para_b_2030.xml"
"balukbuk3","para_b_2031.xml"
"balukbuk4","para_b_2032.xml"
"baluktut","para_b_2033.xml"
"balúkun","para_b_2034.xml"
"balúkut","para_b_2035.xml"
"balúlang","para_b_2036.xml"
"balun1","para_b_2037.xml"
"balun2","para_b_2038.xml"
"bálun","para_b_2039.xml"
"balunábid","para_b_2040.xml"
"balúnas","para_b_2041.xml"
"balunbalúnan","para_b_2042.xml"
"balungag","para_b_2043.xml"
"balúngan","para_b_2044.xml"
"balungbálung","para_b_2045.xml"
"balúngus","para_b_2046.xml"
"balúnus","para_b_2047.xml"
"balur","para_b_2048.xml"
"bálus","para_b_2049.xml"
"balusbus","para_b_2050.xml"
"baluskag","para_b_2051.xml"
"balut","para_b_2052.xml"
"balúta","para_b_2053.xml"
"balútu","para_b_2054.xml"
"baluybuy","para_b_2055.xml"
"balúyut","para_b_2056.xml"
"balwarti","para_b_2057.xml"
"balyákag","para_b_2058.xml"
"balyína","para_b_2059.xml"
"balyu","para_b_2060.xml"
"bám","para_b_2061.xml"
"bamba","para_b_2062.xml"
"bamban","para_b_2063.xml"
"bambu1","para_b_2064.xml"
"bam-i","para_b_2065.xml"
"báming","para_b_2066.xml"
"bámir1","para_b_2067.xml"
"bámir2","para_b_2068.xml"
"bampir","para_b_2069.xml"
"bampíra","para_b_2070.xml"
"bámus","para_b_2071.xml"
"bána","para_b_2072.xml"
"*banà1","para_b_2073.xml"
"banà2","para_b_2074.xml"
"banáag","para_b_2075.xml"
"banaba","para_b_2076.xml"
"banag","para_b_2077.xml"
"banagan","para_b_2078.xml"
"banagbánag","para_b_2079.xml"
"banáhaw","para_b_2080.xml"
"banahían","para_b_2081.xml"
"bának","para_b_2082.xml"
"banal","para_b_2083.xml"
"banásay","para_b_2084.xml"
"banáta","para_b_2085.xml"
"bánaw","para_b_2086.xml"
"banawug, banáwug1","para_b_2087.xml"
"banáwug2","para_b_2088.xml"
"bánay1","para_b_2089.xml"
"bánay2","para_b_2090.xml"
"bánay3","para_b_2091.xml"
"banban1, 2","para_b_2092.xml"
"banbánun1","para_b_2093.xml"
"banbánun2","para_b_2094.xml"
"banda1","para_b_2095.xml"
"banda2","para_b_2096.xml"
"banda3","para_b_2097.xml"
"bandála","para_b_2098.xml"
"bandána","para_b_2099.xml"
"banday","para_b_2100.xml"
"bandì","para_b_2101.xml"
"bandída","para_b_2102.xml"
"bandídu","para_b_2103.xml"
"bandíha","para_b_2104.xml"
"bandi klak","para_b_2105.xml"
"bandílà","para_b_2106.xml"
"bandilyu","para_b_2107.xml"
"bandíra","para_b_2108.xml"
"bandíra ispanyúla","para_b_2109.xml"
"bandíyu","para_b_2110.xml"
"bandmidyurit","para_b_2111.xml"
"bandu1","para_b_2112.xml"
"bandu2","para_b_2113.xml"
"bandul","para_b_2114.xml"
"bandung1","para_b_2115.xml"
"bandung2","para_b_2116.xml"
"bandurin","para_b_2117.xml"
"banduríya, bandurya","para_b_2118.xml"
"banduy","para_b_2119.xml"
"bandyu","para_b_2120.xml"
"bang","para_b_2121.xml"
"banga","para_b_2122.xml"
"bangà1","para_b_2123.xml"
"bangà2","para_b_2124.xml"
"bangáag","para_b_2125.xml"
"bángag","para_b_2126.xml"
"bángal1","para_b_2127.xml"
"bángal2","para_b_2128.xml"
"bangalga","para_b_2129.xml"
"bángan1","para_b_2130.xml"
"bángan2","para_b_2131.xml"
"bangánga","para_b_2132.xml"
"bángas1","para_b_2133.xml"
"bángas2","para_b_2134.xml"
"bangáti","para_b_2135.xml"
"bángaw1","para_b_2136.xml"
"bángaw2","para_b_2137.xml"
"bangawug","para_b_2138.xml"
"bangaybángay","para_b_2139.xml"
"bangbang","para_b_2140.xml"
"bangday","para_b_2141.xml"
"banggà","para_b_2142.xml"
"banggì","para_b_2143.xml"
"banggiítan","para_b_2144.xml"
"banggíra","para_b_2145.xml"
"banggis","para_b_2146.xml"
"banggud","para_b_2147.xml"
"banggun1","para_b_2148.xml"
"banggun2","para_b_2149.xml"
"banggus","para_b_2150.xml"
"banghag","para_b_2151.xml"
"banghat","para_b_2152.xml"
"banghaw","para_b_2153.xml"
"banghilig, banghílig","para_b_2154.xml"
"banghitaw","para_b_2155.xml"
"banghutin, banghuting","para_b_2156.xml"
"bángì","para_b_2157.xml"
"bángig","para_b_2158.xml"
"bángil","para_b_2159.xml"
"bangilid","para_b_2160.xml"
"bángin","para_b_2161.xml"
"bangingi","para_b_2162.xml"
"bangíngi","para_b_2163.xml"
"bangis","para_b_2164.xml"
"bangitaw","para_b_2165.xml"
"bangka","para_b_2166.xml"
"bangkà","para_b_2167.xml"
"*bangkáag","para_b_2168.xml"
"bangkal","para_b_2169.xml"
"bangkarúta","para_b_2170.xml"
"bangkarúti","para_b_2171.xml"
"bangkat","para_b_2172.xml"
"bangkaw1","para_b_2173.xml"
"bangkaw2","para_b_2174.xml"
"bangkawbangkaw","para_b_2175.xml"
"bangkay","para_b_2176.xml"
"bangkbuk","para_b_2177.xml"
"bangkil","para_b_2178.xml"
"bangkiling","para_b_2179.xml"
"bangkilya1","para_b_2180.xml"
"bangkilya2","para_b_2181.xml"
"bangkíru1","para_b_2182.xml"
"bangkíru2","para_b_2183.xml"
"bangkíti","para_b_2184.xml"
"bangkítu","para_b_2185.xml"
"bangkíwà","para_b_2186.xml"
"bangkiwag","para_b_2187.xml"
"bangkíyu","para_b_2188.xml"
"bangkiyud","para_b_2189.xml"
"bangkrap","para_b_2190.xml"
"bangku","para_b_2191.xml"
"bangkù","para_b_2192.xml"
"bangkulísan","para_b_2193.xml"
"bangkulíya","para_b_2194.xml"
"bangkung1","para_b_2195.xml"
"*bangkung2","para_b_2196.xml"
"bangrus","para_b_2197.xml"
"bangs","para_b_2198.xml"
"bangsi","para_b_2199.xml"
"bangu","para_b_2200.xml"
"bangúbang","para_b_2201.xml"
"bangug1","para_b_2202.xml"
"bangug2","para_b_2203.xml"
"bang-ug","para_b_2204.xml"
"bangun1","para_b_2205.xml"
"bangun2","para_b_2206.xml"
"bángun","para_b_2207.xml"
"bangúngut","para_b_2208.xml"
"bangus","para_b_2209.xml"
"bangut","para_b_2210.xml"
"bangyaw","para_b_2211.xml"
"bangyáw","para_b_2212.xml"
"banhà","para_b_2213.xml"
"banhal","para_b_2214.xml"
"banhaw","para_b_2215.xml"
"banhig","para_b_2216.xml"
"banhud","para_b_2217.xml"
"banhutin, banhuting","para_b_2218.xml"
"báni","para_b_2219.xml"
"ban-id","para_b_2220.xml"
"banidad","para_b_2221.xml"
"banig","para_b_2222.xml"
"banika","para_b_2223.xml"
"baníku","para_b_2224.xml"
"banílad","para_b_2225.xml"
"banilya","para_b_2226.xml"
"banitlung","para_b_2227.xml"
"baniug","para_b_2228.xml"
"bankil","para_b_2229.xml"
"bankíyu","para_b_2230.xml"
"banlag","para_b_2231.xml"
"banlas","para_b_2232.xml"
"banlaw","para_b_2233.xml"
"banlud","para_b_2234.xml"
"banlun","para_b_2235.xml"
"banlus","para_b_2236.xml"
"banlut","para_b_2237.xml"
"bansa1","para_b_2238.xml"
"bansa2, bansà","para_b_2239.xml"
"bansag","para_b_2240.xml"
"bansalan","para_b_2241.xml"
"bansay","para_b_2242.xml"
"bansíkul","para_b_2243.xml"
"bansil","para_b_2244.xml"
"bansíli","para_b_2245.xml"
"bansiwag","para_b_2246.xml"
"bantà","para_b_2247.xml"
"bantáaw","para_b_2248.xml"
"bantak","para_b_2249.xml"
"bantal","para_b_2250.xml"
"bantam","para_b_2251.xml"
"bantam wit","para_b_2252.xml"
"bantang","para_b_2253.xml"
"bantawan","para_b_2254.xml"
"bantay","para_b_2255.xml"
"bantáyan","para_b_2256.xml"
"bantáyug","para_b_2257.xml"
"bantì","para_b_2258.xml"
"bantigì","para_b_2259.xml"
"bantílis","para_b_2260.xml"
"banting","para_b_2261.xml"
"bantingbanting","para_b_2262.xml"
"bantíyung","para_b_2263.xml"
"bantug","para_b_2264.xml"
"bantuk","para_b_2265.xml"
"bantul1","para_b_2266.xml"
"*bantul2","para_b_2267.xml"
"bantúlay","para_b_2268.xml"
"bantulinaw","para_b_2269.xml"
"bantulínaw","para_b_2270.xml"
"bantut","para_b_2271.xml"
"bánu","para_b_2272.xml"
"banug","para_b_2273.xml"
"bánug, ban-ug","para_b_2274.xml"
"ban-uk1","para_b_2275.xml"
"ban-uk2","para_b_2276.xml"
"banus1","para_b_2277.xml"
"banus2, bánus","para_b_2278.xml"
"banúut","para_b_2279.xml"
"banwa1","para_b_2280.xml"
"banwa2","para_b_2281.xml"
"banwag","para_b_2282.xml"
"banwági","para_b_2283.xml"
"banwas","para_b_2284.xml"
"banyágà","para_b_2285.xml"
"banyak","para_b_2286.xml"
"banyira","para_b_2287.xml"
"banyu","para_b_2288.xml"
"banyumaríya","para_b_2289.xml"
"banyus","para_b_2290.xml"
"bápul, bápuls","para_b_2291.xml"
"bapur","para_b_2292.xml"
"bár1","para_b_2293.xml"
"bár2","para_b_2294.xml"
"bár3","para_b_2295.xml"
"bara1","para_b_2296.xml"
"bára","para_b_2297.xml"
"baradíru","para_b_2298.xml"
"bárag","para_b_2299.xml"
"baragbárag","para_b_2300.xml"
"baráha","para_b_2301.xml"
"barak","para_b_2302.xml"
"bárak","para_b_2303.xml"
"baráka","para_b_2304.xml"
"barandilya, barandilyas","para_b_2305.xml"
"bárang","para_b_2306.xml"
"baranggay","para_b_2307.xml"
"barasbáras","para_b_2308.xml"
"barásu","para_b_2309.xml"
"barat","para_b_2310.xml"
"baratíha","para_b_2311.xml"
"baratilyu","para_b_2312.xml"
"baratíru","para_b_2313.xml"
"barátu1","para_b_2314.xml"
"barátu2","para_b_2315.xml"
"baraw, báraw1","para_b_2316.xml"
"báraw2","para_b_2317.xml"
"báraw3","para_b_2318.xml"
"barawan","para_b_2319.xml"
"baraybaray","para_b_2320.xml"
"barbahan","para_b_2321.xml"
"barbas1","para_b_2322.xml"
"barbas2","para_b_2323.xml"
"barbikiyu","para_b_2324.xml"
"barbil","para_b_2325.xml"
"barbir","para_b_2326.xml"
"barbíru","para_b_2327.xml"
"barbityurits","para_b_2328.xml"
"barbula","para_b_2329.xml"
"barbun","para_b_2330.xml"
"barda","para_b_2331.xml"
"bardádu","para_b_2332.xml"
"bards1","para_b_2333.xml"
"bardut","para_b_2334.xml"
"bargas","para_b_2335.xml"
"barì","para_b_2336.xml"
"barikus","para_b_2337.xml"
"baril1","para_b_2338.xml"
"baril2","para_b_2339.xml"
"barílis1","para_b_2340.xml"
"barílis2","para_b_2341.xml"
"barína","para_b_2342.xml"
"barínis","para_b_2343.xml"
"barinúgan","para_b_2344.xml"
"barinuhan","para_b_2345.xml"
"bárit","para_b_2346.xml"
"baríta","para_b_2347.xml"
"baritun","para_b_2348.xml"
"baritunu","para_b_2349.xml"
"barkáda","para_b_2350.xml"
"barkilyus","para_b_2351.xml"
"barku","para_b_2352.xml"
"barnáti","para_b_2353.xml"
"barnis","para_b_2354.xml"
"barpin","para_b_2355.xml"
"bartíha","para_b_2356.xml"
"bartindir","para_b_2357.xml"
"bartulína","para_b_2358.xml"
"bartuníku","para_b_2359.xml"
"baru, báru","para_b_2360.xml"
"barug","para_b_2361.xml"
"barumbáda","para_b_2362.xml"
"barumbádu","para_b_2363.xml"
"barumitir, barumitru","para_b_2364.xml"
"barung","para_b_2365.xml"
"barungbárung","para_b_2366.xml"
"barúnguy","para_b_2367.xml"
"barut","para_b_2368.xml"
"bárut","para_b_2369.xml"
"barútu","para_b_2370.xml"
"baryabli","para_b_2371.xml"
"baryu","para_b_2372.xml"
"bás","para_b_2373.xml"
"bása","para_b_2374.xml"
"basà","para_b_2375.xml"
"básag1","para_b_2376.xml"
"básag2","para_b_2377.xml"
"basagbasag","para_b_2378.xml"
"basagbásag","para_b_2379.xml"
"basak","para_b_2380.xml"
"basal","para_b_2381.xml"
"basalyu, basalyus1","para_b_2382.xml"
"basalyus2","para_b_2383.xml"
"basangag, basángag","para_b_2384.xml"
"basar","para_b_2385.xml"
"basas, básas","para_b_2386.xml"
"basbas1","para_b_2387.xml"
"basbas2","para_b_2388.xml"
"basbas3","para_b_2389.xml"
"basbas4","para_b_2390.xml"
"basdak","para_b_2391.xml"
"bashuy","para_b_2392.xml"
"bási1","para_b_2393.xml"
"bási2","para_b_2394.xml"
"bási3","para_b_2395.xml"
"bási4, básì","para_b_2396.xml"
"basíbas","para_b_2397.xml"
"basilika","para_b_2398.xml"
"basilin","para_b_2399.xml"
"básin","para_b_2400.xml"
"basiyar","para_b_2401.xml"
"basiyu, basíyu","para_b_2402.xml"
"baska1","para_b_2403.xml"
"baska2","para_b_2404.xml"
"baskad","para_b_2405.xml"
"baskag","para_b_2406.xml"
"baskit","para_b_2407.xml"
"baskit bul","para_b_2408.xml"
"baskug","para_b_2409.xml"
"baskula","para_b_2410.xml"
"baslan","para_b_2411.xml"
"basngag","para_b_2412.xml"
"basnig","para_b_2413.xml"
"basta","para_b_2414.xml"
"bastanti","para_b_2415.xml"
"bastar","para_b_2416.xml"
"bastarda1","para_b_2417.xml"
"*bastarda2","para_b_2418.xml"
"bastardu1","para_b_2419.xml"
"*bastardu2","para_b_2420.xml"
"bastid","para_b_2421.xml"
"bastidur1","para_b_2422.xml"
"bastidur2","para_b_2423.xml"
"bastika","para_b_2424.xml"
"bastipul","para_b_2425.xml"
"bastiyan","para_b_2426.xml"
"bastruk","para_b_2427.xml"
"bastun","para_b_2428.xml"
"bastus1","para_b_2429.xml"
"bastus2","para_b_2430.xml"
"básu","para_b_2431.xml"
"bas-ug","para_b_2432.xml"
"basúka","para_b_2433.xml"
"básul1","para_b_2434.xml"
"básul2","para_b_2435.xml"
"básul3","para_b_2436.xml"
"básun","para_b_2437.xml"
"basúni","para_b_2438.xml"
"basúra","para_b_2439.xml"
"basuríru","para_b_2440.xml"
"bas-uy","para_b_2441.xml"
"baswat","para_b_2442.xml"
"basyaw","para_b_2443.xml"
"bat","para_b_2444.xml"
"bát1","para_b_2445.xml"
"bát2","para_b_2446.xml"
"bát3","para_b_2447.xml"
"báta1","para_b_2448.xml"
"báta2","para_b_2449.xml"
"bátà","para_b_2450.xml"
"Bataan","para_b_2451.xml"
"batad","para_b_2452.xml"
"batadbátad","para_b_2453.xml"
"bátak","para_b_2454.xml"
"batakan","para_b_2455.xml"
"batakbatak","para_b_2456.xml"
"batal","para_b_2457.xml"
"bataliyun","para_b_2458.xml"
"batalya","para_b_2459.xml"
"batalyun","para_b_2460.xml"
"*batánas","para_b_2461.xml"
"batang1","para_b_2462.xml"
"batang2, bátang1","para_b_2463.xml"
"bátang2","para_b_2464.xml"
"bat-ang","para_b_2465.xml"
"batangbátang","para_b_2466.xml"
"batanggas","para_b_2467.xml"
"batangginya","para_b_2468.xml"
"bátas","para_b_2469.xml"
"batásan","para_b_2470.xml"
"bátaw","para_b_2471.xml"
"batáyan","para_b_2472.xml"
"batbat","para_b_2473.xml"
"bathálà","para_b_2474.xml"
"bathay","para_b_2475.xml"
"batì","para_b_2476.xml"
"bátì1","para_b_2477.xml"
"bátì2","para_b_2478.xml"
"batibáti","para_b_2479.xml"
"batid","para_b_2480.xml"
"batíis","para_b_2481.xml"
"batikan, batíkan","para_b_2482.xml"
"Batikánu","para_b_2483.xml"
"batikubra","para_b_2484.xml"
"batikúla","para_b_2485.xml"
"batikúlun","para_b_2486.xml"
"batil1","para_b_2487.xml"
"batil2","para_b_2488.xml"
"batimbátim","para_b_2489.xml"
"bátin1","para_b_2490.xml"
"bátin2","para_b_2491.xml"
"batinbátin2","para_b_2492.xml"
"báting","para_b_2493.xml"
"batingaw","para_b_2494.xml"
"batinggílan","para_b_2495.xml"
"batinggul","para_b_2496.xml"
"bátir1","para_b_2497.xml"
"bátir2","para_b_2498.xml"
"batiri, batiríya","para_b_2499.xml"
"batirplay urkids","para_b_2500.xml"
"batirul","para_b_2501.xml"
"batis","para_b_2502.xml"
"batiwtiw","para_b_2503.xml"
"batiyà","para_b_2504.xml"
"batsi1","para_b_2505.xml"
"batsi2","para_b_2506.xml"
"batsíhì","para_b_2507.xml"
"batsilyir","para_b_2508.xml"
"batu1","para_b_2509.xml"
"batu2","para_b_2510.xml"
"batúan","para_b_2511.xml"
"batubára","para_b_2512.xml"
"batud","para_b_2513.xml"
"bátud","para_b_2514.xml"
"bátug1","para_b_2515.xml"
"bátug2","para_b_2516.xml"
"bat-ug","para_b_2517.xml"
"bátuk1","para_b_2518.xml"
"bátuk2","para_b_2519.xml"
"bátuk3","para_b_2520.xml"
"batul1","para_b_2521.xml"
"batul2","para_b_2522.xml"
"bátul1","para_b_2523.xml"
"bátul2","para_b_2524.xml"
"bat-ul","para_b_2525.xml"
"batulang","para_b_2526.xml"
"batun1","para_b_2527.xml"
"batun2","para_b_2528.xml"
"batung","para_b_2529.xml"
"bátung","para_b_2530.xml"
"batúnis","para_b_2531.xml"
"bátus","para_b_2532.xml"
"bat-us","para_b_2533.xml"
"batúta","para_b_2534.xml"
"batuwang","para_b_2535.xml"
"batuytuy","para_b_2536.xml"
"batwan","para_b_2537.xml"
"batwánun","para_b_2538.xml"
"batyà","para_b_2539.xml"
"batyag","para_b_2540.xml"
"bau","para_b_2541.xml"
"baubau","para_b_2542.xml"
"báud","para_b_2543.xml"
"baug1","para_b_2544.xml"
"baug2","para_b_2545.xml"
"báug2","para_b_2546.xml"
"baul1","para_b_2547.xml"
"baul2","para_b_2548.xml"
"baul3, bául","para_b_2549.xml"
"baulu","para_b_2550.xml"
"báung","para_b_2551.xml"
"baungun, baúngun","para_b_2552.xml"
"báus","para_b_2553.xml"
"baut","para_b_2554.xml"
"báut1","para_b_2555.xml"
"báut2","para_b_2556.xml"
"báut3","para_b_2557.xml"
"baúu","para_b_2558.xml"
"báwang","para_b_2559.xml"
"báwas","para_b_2560.xml"
"bawbaw1","para_b_2561.xml"
"bawbaw2","para_b_2562.xml"
"bawbu","para_b_2563.xml"
"bawhag","para_b_2564.xml"
"bawhinya","para_b_2565.xml"
"báwì","para_b_2566.xml"
"báwis","para_b_2567.xml"
"bawkag","para_b_2568.xml"
"bawnsir","para_b_2569.xml"
"bawnus","para_b_2570.xml"
"bawtismu","para_b_2571.xml"
"bawù","para_b_2572.xml"
"baw-u","para_b_2573.xml"
"bawud","para_b_2574.xml"
"bawug","para_b_2575.xml"
"bawugbug","para_b_2576.xml"
"báwuk","para_b_2577.xml"
"bawukbáwuk","para_b_2578.xml"
"báwun","para_b_2579.xml"
"bawunas","para_b_2580.xml"
"báwund","para_b_2581.xml"
"bawungbáwung","para_b_2582.xml"
"bawungkut","para_b_2583.xml"
"bawúnù","para_b_2584.xml"
"bawúnus","para_b_2585.xml"
"báwut","para_b_2586.xml"
"bay","para_b_2587.xml"
"báy","para_b_2588.xml"
"bayà1","para_b_2589.xml"
"bayà2","para_b_2590.xml"
"bayábas","para_b_2591.xml"
"báyad","para_b_2592.xml"
"bay-ad","para_b_2593.xml"
"bayamban","para_b_2594.xml"
"bayanan","para_b_2595.xml"
"bayang1","para_b_2596.xml"
"bayang2","para_b_2597.xml"
"báyang2","para_b_2598.xml"
"bay-ang","para_b_2599.xml"
"bayang-ang","para_b_2600.xml"
"bayangbáyang","para_b_2601.xml"
"bayáni","para_b_2602.xml"
"bay-ansil","para_b_2603.xml"
"báyas","para_b_2604.xml"
"bayat","para_b_2605.xml"
"bayaw","para_b_2606.xml"
"báyaw","para_b_2607.xml"
"bayáyat","para_b_2608.xml"
"baybay1","para_b_2609.xml"
"baybay2","para_b_2610.xml"
"bayhun","para_b_2611.xml"
"bayi","para_b_2612.xml"
"bayibáyi1","para_b_2613.xml"
"bayibáyi2","para_b_2614.xml"
"bayin","para_b_2615.xml"
"bayingbaying","para_b_2616.xml"
"bayinti","para_b_2617.xml"
"baykarb","para_b_2618.xml"
"baykawun, baykawunt","para_b_2619.xml"
"baylákag","para_b_2620.xml"
"baylan","para_b_2621.xml"
"bayli","para_b_2622.xml"
"baylu","para_b_2623.xml"
"bayna","para_b_2624.xml"
"baytamins","para_b_2625.xml"
"bayu, báyu1","para_b_2626.xml"
"báyu2","para_b_2627.xml"
"bayùbáyù","para_b_2628.xml"
"báyud","para_b_2629.xml"
"bayúdang","para_b_2630.xml"
"bay-ug","para_b_2631.xml"
"bayugbayug","para_b_2632.xml"
"bayugbug","para_b_2633.xml"
"bayukáwi","para_b_2634.xml"
"bayukbáyuk","para_b_2635.xml"
"bayukbuk","para_b_2636.xml"
"bayukut","para_b_2637.xml"
"bayulin","para_b_2638.xml"
"bayulit","para_b_2639.xml"
"bayumbu","para_b_2640.xml"
"bayung","para_b_2641.xml"
"báyung2","para_b_2642.xml"
"bayungad","para_b_2643.xml"
"bayuníta","para_b_2644.xml"
"bayupsi","para_b_2645.xml"
"bayúrang","para_b_2646.xml"
"báyut","para_b_2647.xml"
"bayuuk, bayúuk","para_b_2648.xml"
"bayúus","para_b_2649.xml"
"baywantikwan","para_b_2650.xml"
"bi1","para_b_2651.xml"
"bi2","para_b_2652.xml"
"bí","para_b_2653.xml"
"bias","para_b_2654.xml"
"bíaw","para_b_2655.xml"
"biaybíay","para_b_2656.xml"
"biaypi","para_b_2657.xml"
"bíba","para_b_2658.xml"
"bíbi1","para_b_2659.xml"
"bíbi2","para_b_2660.xml"
"bíbi3","para_b_2661.xml"
"bibingka","para_b_2662.xml"
"bibirun","para_b_2663.xml"
"bibisítir","para_b_2664.xml"
"bibliya, biblíya","para_b_2665.xml"
"bibliyutika, bibliyutíka","para_b_2666.xml"
"bíbu","para_b_2667.xml"
"bíbut","para_b_2668.xml"
"bída1","para_b_2669.xml"
"bída2","para_b_2670.xml"
"bidbid","para_b_2671.xml"
"bíding1","para_b_2672.xml"
"bíding2, bídings","para_b_2673.xml"
"bidiyù","para_b_2674.xml"
"bidlak","para_b_2675.xml"
"bidlì","para_b_2676.xml"
"bidlísiw","para_b_2677.xml"
"bidsit, bidsiyit","para_b_2678.xml"
"bíduk","para_b_2679.xml"
"bidyù","para_b_2680.xml"
"bígà1","para_b_2681.xml"
"bígà2","para_b_2682.xml"
"bigal","para_b_2683.xml"
"bigamya","para_b_2684.xml"
"bigatlà","para_b_2685.xml"
"bigatlun","para_b_2686.xml"
"bigay","para_b_2687.xml"
"bigiw","para_b_2688.xml"
"bigkas","para_b_2689.xml"
"bigking","para_b_2690.xml"
"bignì","para_b_2691.xml"
"bigsà","para_b_2692.xml"
"bigsyat","para_b_2693.xml"
"bigtas","para_b_2694.xml"
"bigting","para_b_2695.xml"
"biguk","para_b_2696.xml"
"bigunya","para_b_2697.xml"
"bigut1","para_b_2698.xml"
"bigut2, bígut1","para_b_2699.xml"
"bígut2","para_b_2700.xml"
"bigúti","para_b_2701.xml"
"bigwis1","para_b_2702.xml"
"bigwis2","para_b_2703.xml"
"bíhag","para_b_2704.xml"
"bíhì","para_b_2705.xml"
"bihìbihì, bihihì","para_b_2706.xml"
"bihikulu","para_b_2707.xml"
"bihilya","para_b_2708.xml"
"bíhis","para_b_2709.xml"
"bíhu","para_b_2710.xml"
"bíhud","para_b_2711.xml"
"bihúku","para_b_2712.xml"
"bíhun","para_b_2713.xml"
"bíi","para_b_2714.xml"
"bíka","para_b_2715.xml"
"bikabika","para_b_2716.xml"
"bíkag","para_b_2717.xml"
"bikàkà1","para_b_2718.xml"
"bikàkà2","para_b_2719.xml"
"bikang1","para_b_2720.xml"
"bikang2, bíkang","para_b_2721.xml"
"bikangkang","para_b_2722.xml"
"bikarbunátu","para_b_2723.xml"
"bikaryu","para_b_2724.xml"
"bikil","para_b_2725.xml"
"bíking1","para_b_2726.xml"
"bíking2, — pawdir","para_b_2727.xml"
"bikíni","para_b_2728.xml"
"bikiri","para_b_2729.xml"
"biks1","para_b_2730.xml"
"biks2","para_b_2731.xml"
"biktima","para_b_2732.xml"
"bikturi","para_b_2733.xml"
"bikturya","para_b_2734.xml"
"bikturyúsu","para_b_2735.xml"
"bíku1","para_b_2736.xml"
"bíku2","para_b_2737.xml"
"bikug","para_b_2738.xml"
"bíkug1","para_b_2739.xml"
"bíkug2","para_b_2740.xml"
"bíkul","para_b_2741.xml"
"*bikusbikus","para_b_2742.xml"
"bikwad","para_b_2743.xml"
"bikwang","para_b_2744.xml"
"bikwing","para_b_2745.xml"
"bíla","para_b_2746.xml"
"bílà, biláan","para_b_2747.xml"
"bílad","para_b_2748.xml"
"biláda1","para_b_2749.xml"
"biláda2","para_b_2750.xml"
"bilag-ung","para_b_2751.xml"
"bilakà1","para_b_2752.xml"
"bilakà2","para_b_2753.xml"
"bílang","para_b_2754.xml"
"bilangbílang","para_b_2755.xml"
"bilanggà","para_b_2756.xml"
"bilanggù","para_b_2757.xml"
"bilanggutánan","para_b_2758.xml"
"bilangkad, bilangkat","para_b_2759.xml"
"bilar","para_b_2760.xml"
"bilas","para_b_2761.xml"
"bílas","para_b_2762.xml"
"bilásun","para_b_2763.xml"
"bilat","para_b_2764.xml"
"bilaug","para_b_2765.xml"
"bilay","para_b_2766.xml"
"bilbátum","para_b_2767.xml"
"bilbaw","para_b_2768.xml"
"bilbig","para_b_2769.xml"
"bilbiki","para_b_2770.xml"
"bilbil","para_b_2771.xml"
"bilding","para_b_2772.xml"
"bildu","para_b_2773.xml"
"bildúra","para_b_2774.xml"
"bildyun","para_b_2775.xml"
"bilgas","para_b_2776.xml"
"bilhad","para_b_2777.xml"
"bili","para_b_2778.xml"
"bilib","para_b_2779.xml"
"bilíbid1,2","para_b_2780.xml"
"bilíbid3","para_b_2781.xml"
"bilíbud1,2","para_b_2782.xml"
"bilíbul","para_b_2783.xml"
"biligyà","para_b_2784.xml"
"bílik","para_b_2785.xml"
"bilíkis","para_b_2786.xml"
"bilin","para_b_2787.xml"
"bílin","para_b_2788.xml"
"bil-is","para_b_2789.xml"
"biliyun","para_b_2790.xml"
"bilt-in","para_b_2791.xml"
"biltubil","para_b_2792.xml"
"bílu","para_b_2793.xml"
"bilug, bílug","para_b_2794.xml"
"bilungbilung","para_b_2795.xml"
"bílus","para_b_2796.xml"
"bilwa","para_b_2797.xml"
"bilya1","para_b_2798.xml"
"bilya2","para_b_2799.xml"
"bilya3","para_b_2800.xml"
"bilyáka","para_b_2801.xml"
"bilyáku","para_b_2802.xml"
"bilyanu","para_b_2803.xml"
"bilyar","para_b_2804.xml"
"bilyíti","para_b_2805.xml"
"bilyu","para_b_2806.xml"
"bilyun","para_b_2807.xml"
"bimul","para_b_2808.xml"
"binag","para_b_2809.xml"
"binagri","para_b_2810.xml"
"binagsáan","para_b_2811.xml"
"binakháwan","para_b_2812.xml"
"binalatung","para_b_2813.xml"
"binangkal","para_b_2814.xml"
"binaw","para_b_2815.xml"
"bindáhi","para_b_2816.xml"
"binday","para_b_2817.xml"
"bindisiyun","para_b_2818.xml"
"bindíta","para_b_2819.xml"
"bindítu","para_b_2820.xml"
"binga, bingà, bingag","para_b_2821.xml"
"bingal","para_b_2822.xml"
"bíngat","para_b_2823.xml"
"bingaw","para_b_2824.xml"
"bingbing","para_b_2825.xml"
"bingga","para_b_2826.xml"
"binggadúra","para_b_2827.xml"
"binggála","para_b_2828.xml"
"binggansa","para_b_2829.xml"
"binggar","para_b_2830.xml"
"binggu","para_b_2831.xml"
"bingit","para_b_2832.xml"
"bingka","para_b_2833.xml"
"bingkas","para_b_2834.xml"
"bingkil","para_b_2835.xml"
"bingkung","para_b_2836.xml"
"bingwit1","para_b_2837.xml"
"bingwit2","para_b_2838.xml"
"binhamin","para_b_2839.xml"
"binhì","para_b_2840.xml"
"binhud","para_b_2841.xml"
"binibuy","para_b_2842.xml"
"binignit","para_b_2843.xml"
"binipisyu","para_b_2844.xml"
"bínit","para_b_2845.xml"
"binlad","para_b_2846.xml"
"binlangan","para_b_2847.xml"
"binlud","para_b_2848.xml"
"binrubyum","para_b_2849.xml"
"binsul","para_b_2850.xml"
"binta1","para_b_2851.xml"
"binta2","para_b_2852.xml"
"binta3","para_b_2853.xml"
"bintáhà","para_b_2854.xml"
"bintánà","para_b_2855.xml"
"bintang1","para_b_2856.xml"
"bintang2","para_b_2857.xml"
"bintanilya","para_b_2858.xml"
"bintarug","para_b_2859.xml"
"binti","para_b_2860.xml"
"bintì1","para_b_2861.xml"
"bintì2","para_b_2862.xml"
"bintiladur","para_b_2863.xml"
"bintilasyun","para_b_2864.xml"
"bintul1","para_b_2865.xml"
"bintuláwu","para_b_2866.xml"
"bintus","para_b_2867.xml"
"bintúsà","para_b_2868.xml"
"bínu","para_b_2869.xml"
"bínug","para_b_2870.xml"
"binulábid","para_b_2871.xml"
"binúnga","para_b_2872.xml"
"binyal","para_b_2873.xml"
"bipíay","para_b_2874.xml"
"bip-istik","para_b_2875.xml"
"bir1","para_b_2876.xml"
"bir2","para_b_2877.xml"
"bira1","para_b_2878.xml"
"bira2","para_b_2879.xml"
"biradur","para_b_2880.xml"
"biranda","para_b_2881.xml"
"biránu","para_b_2882.xml"
"birbal","para_b_2883.xml"
"birbiki","para_b_2884.xml"
"birbína","para_b_2885.xml"
"birbu","para_b_2886.xml"
"birdadíru","para_b_2887.xml"
"birdi","para_b_2888.xml"
"birds-ay","para_b_2889.xml"
"bird ub paradáyis","para_b_2890.xml"
"birdúgu","para_b_2891.xml"
"birgansúsa","para_b_2892.xml"
"birgat","para_b_2893.xml"
"birgatinya","para_b_2894.xml"
"birgum kárum","para_b_2895.xml"
"birha","para_b_2896.xml"
"birhin","para_b_2897.xml"
"biribiki","para_b_2898.xml"
"biribiri, biribíri","para_b_2899.xml"
"bírig","para_b_2900.xml"
"biriking","para_b_2901.xml"
"bíring","para_b_2902.xml"
"birisbiris","para_b_2903.xml"
"birlína","para_b_2904.xml"
"birmúda1","para_b_2905.xml"
"birmúda2","para_b_2906.xml"
"birnakular, birnakyular","para_b_2907.xml"
"birnis","para_b_2908.xml"
"birsikulu","para_b_2909.xml"
"birsiyun","para_b_2910.xml"
"birsu1","para_b_2911.xml"
"birsu2","para_b_2912.xml"
"birsus","para_b_2913.xml"
"birta","para_b_2914.xml"
"birtdi","para_b_2915.xml"
"birtibra","para_b_2916.xml"
"birtikal","para_b_2917.xml"
"birtkuntrul","para_b_2918.xml"
"birtud","para_b_2919.xml"
"birtúsu","para_b_2920.xml"
"bírù","para_b_2921.xml"
"bíruk1","para_b_2922.xml"
"bíruk2","para_b_2923.xml"
"bís1","para_b_2924.xml"
"bísa","para_b_2925.xml"
"bisagak","para_b_2926.xml"
"bisagra","para_b_2927.xml"
"bisan, bísan","para_b_2928.xml"
"bísap","para_b_2929.xml"
"bisayà","para_b_2930.xml"
"bisbis","para_b_2931.xml"
"bisbul","para_b_2932.xml"
"bisgù","para_b_2933.xml"
"bísi1","para_b_2934.xml"
"bísi2","para_b_2935.xml"
"bisíbis","para_b_2936.xml"
"bisiklíta","para_b_2937.xml"
"bísis","para_b_2938.xml"
"bisíta","para_b_2939.xml"
"biskù","para_b_2940.xml"
"biskundi","para_b_2941.xml"
"biskutsu","para_b_2942.xml"
"biskwit","para_b_2943.xml"
"bisnis","para_b_2944.xml"
"bispiras","para_b_2945.xml"
"bista1","para_b_2946.xml"
"bista2","para_b_2947.xml"
"bisti","para_b_2948.xml"
"bistída, bistídu","para_b_2949.xml"
"bistig","para_b_2950.xml"
"bistipul","para_b_2951.xml"
"bistu","para_b_2952.xml"
"*bísug","para_b_2953.xml"
"bisukut","para_b_2954.xml"
"bisul","para_b_2955.xml"
"bisung","para_b_2956.xml"
"bisyu","para_b_2957.xml"
"bítad","para_b_2958.xml"
"bitaki","para_b_2959.xml"
"bitamin, bitamína","para_b_2960.xml"
"bitan-ag","para_b_2961.xml"
"bitang","para_b_2962.xml"
"bítas","para_b_2963.xml"
"bitaug","para_b_2964.xml"
"bítaw","para_b_2965.xml"
"bítàw","para_b_2966.xml"
"bítay","para_b_2967.xml"
"bitbit","para_b_2968.xml"
"bitì","para_b_2969.xml"
"bitíis","para_b_2970.xml"
"bitik","para_b_2971.xml"
"bitikbitik","para_b_2972.xml"
"bitin","para_b_2973.xml"
"bítin","para_b_2974.xml"
"bitiránu","para_b_2975.xml"
"bitirinaryu","para_b_2976.xml"
"bitlì","para_b_2977.xml"
"bitlig","para_b_2978.xml"
"bits1","para_b_2979.xml"
"bits2","para_b_2980.xml"
"bitsikurnu","para_b_2981.xml"
"bitsin","para_b_2982.xml"
"bitsubitsu","para_b_2983.xml"
"bitsukuy","para_b_2984.xml"
"bitsuylas","para_b_2985.xml"
"bítu","para_b_2986.xml"
"bitudbitud","para_b_2987.xml"
"bitugul","para_b_2988.xml"
"bítuk","para_b_2989.xml"
"bitulbitul","para_b_2990.xml"
"bítuls","para_b_2991.xml"
"bitun","para_b_2992.xml"
"bitut","para_b_2993.xml"
"bitúun","para_b_2994.xml"
"bíu","para_b_2995.xml"
"biúung","para_b_2996.xml"
"bíyà","para_b_2997.xml"
"biyaw","para_b_2998.xml"
"biyin","para_b_2999.xml"
"bíyu","para_b_3000.xml"
"blag","para_b_3001.xml"
"blak-anwayit","para_b_3002.xml"
"blak-áwut","para_b_3003.xml"
"blak-ay","para_b_3004.xml"
"blakbins","para_b_3005.xml"
"blakbur, blakburd","para_b_3006.xml"
"blakbúting","para_b_3007.xml"
"blakdyak","para_b_3008.xml"
"blakhart","para_b_3009.xml"
"bláking","para_b_3010.xml"
"blakmarkit","para_b_3011.xml"
"blakmil, blakmíling","para_b_3012.xml"
"blak plin","para_b_3013.xml"
"blakrámi","para_b_3014.xml"
"blaktin","para_b_3015.xml"
"blangku","para_b_3016.xml"
"blap","para_b_3017.xml"
"blátir","para_b_3018.xml"
"bláwus","para_b_3019.xml"
"blid","para_b_3020.xml"
"blíd","para_b_3021.xml"
"blits","para_b_3022.xml"
"blú","para_b_3023.xml"
"bluáwut","para_b_3024.xml"
"blúbuk","para_b_3025.xml"
"blúki","para_b_3026.xml"
"blúmir","para_b_3027.xml"
"blúsa","para_b_3028.xml"
"blúsil","para_b_3029.xml"
"blúwir","para_b_3030.xml"
"bra","para_b_3031.xml"
"brad","para_b_3032.xml"
"brádir","para_b_3033.xml"
"brandi","para_b_3034.xml"
"brandilya, brandilyas","para_b_3035.xml"
"bras, brás","para_b_3036.xml"
"brása, brásas","para_b_3037.xml"
"brásu","para_b_3038.xml"
"*brásus","para_b_3039.xml"
"bráwun","para_b_3040.xml"
"brayids míd","para_b_3041.xml"
"brayit","para_b_3042.xml"
"bríd","para_b_3043.xml"
"*brid","para_b_3044.xml"
"brids","para_b_3045.xml"
"brik","para_b_3046.xml"
"brík1","para_b_3047.xml"
"brík2","para_b_3048.xml"
"brík3","para_b_3049.xml"
"brík4","para_b_3050.xml"
"brík5","para_b_3051.xml"
"brikdáwun","para_b_3052.xml"
"brilyanti","para_b_3053.xml"
"brilyantin","para_b_3054.xml"
"brilyu","para_b_3055.xml"
"brinda","para_b_3056.xml"
"bringhawus","para_b_3057.xml"
"bríp","para_b_3058.xml"
"bris, brís","para_b_3059.xml"
"briskas","para_b_3060.xml"
"brislit","para_b_3061.xml"
"britsis","para_b_3062.xml"
"brudkas","para_b_3063.xml"
"brudklut","para_b_3064.xml"
"brunda","para_b_3065.xml"
"brungkítis","para_b_3066.xml"
"brungkurab","para_b_3067.xml"
"brunsi","para_b_3068.xml"
"brutsa","para_b_3069.xml"
"brútu","para_b_3070.xml"
"brúwa, brúwas","para_b_3071.xml"
"bú1","para_b_3072.xml"
"bú2","para_b_3073.xml"
"buad","para_b_3074.xml"
"buágas","para_b_3075.xml"
"buagsa, buagsà","para_b_3076.xml"
"buagya","para_b_3077.xml"
"buak","para_b_3078.xml"
"búang","para_b_3079.xml"
"buaw","para_b_3080.xml"
"búaw","para_b_3081.xml"
"buáya","para_b_3082.xml"
"búba","para_b_3083.xml"
"bubhu","para_b_3084.xml"
"bubhuan","para_b_3085.xml"
"búbu1","para_b_3086.xml"
"búbu2, búbù","para_b_3087.xml"
"bùbù","para_b_3088.xml"
"búbud","para_b_3089.xml"
"bubun","para_b_3090.xml"
"bubung","para_b_3091.xml"
"búd1","para_b_3092.xml"
"búd2","para_b_3093.xml"
"búda","para_b_3094.xml"
"budabil","para_b_3095.xml"
"búdas diúru, pláta","para_b_3096.xml"
"budbud","para_b_3097.xml"
"budhì1","para_b_3098.xml"
"budhì2","para_b_3099.xml"
"budíding","para_b_3100.xml"
"budíga","para_b_3101.xml"
"budígus","para_b_3102.xml"
"budlat","para_b_3103.xml"
"budlay","para_b_3104.xml"
"budlis","para_b_3105.xml"
"budlísiw","para_b_3106.xml"
"budlung1","para_b_3107.xml"
"budlung2","para_b_3108.xml"
"budlut","para_b_3109.xml"
"budluy","para_b_3110.xml"
"búdu","para_b_3111.xml"
"budyas","para_b_3112.xml"
"budyung","para_b_3113.xml"
"búg","para_b_3114.xml"
"buga","para_b_3115.xml"
"búgà","para_b_3116.xml"
"bugaguy","para_b_3117.xml"
"bugáis","para_b_3118.xml"
"bugal","para_b_3119.xml"
"búgan","para_b_3120.xml"
"bugang","para_b_3121.xml"
"bugarak","para_b_3122.xml"
"bugarut","para_b_3123.xml"
"bugas","para_b_3124.xml"
"bug-at","para_b_3125.xml"
"bug-átan","para_b_3126.xml"
"bugáud","para_b_3127.xml"
"bugáung","para_b_3128.xml"
"búgaw","para_b_3129.xml"
"bugawísan","para_b_3130.xml"
"bugay1","para_b_3131.xml"
"bugay2","para_b_3132.xml"
"bugbug","para_b_3133.xml"
"bugdu","para_b_3134.xml"
"bughà","para_b_3135.xml"
"bughat","para_b_3136.xml"
"bughaw","para_b_3137.xml"
"bughuan","para_b_3138.xml"
"búgi","para_b_3139.xml"
"bugì","para_b_3140.xml"
"bugimbilya, buginbilya","para_b_3141.xml"
"buging","para_b_3142.xml"
"bugírit","para_b_3143.xml"
"bugkas","para_b_3144.xml"
"bugkus1","para_b_3145.xml"
"bugkus2","para_b_3146.xml"
"bugkut","para_b_3147.xml"
"bugnà1","para_b_3148.xml"
"bugnà2","para_b_3149.xml"
"bugnaw","para_b_3150.xml"
"bugnay","para_b_3151.xml"
"bugnù","para_b_3152.xml"
"bugnúsun","para_b_3153.xml"
"bugnut","para_b_3154.xml"
"bugsay","para_b_3155.xml"
"bugsù1","para_b_3156.xml"
"bugsù2","para_b_3157.xml"
"bugsuk","para_b_3158.xml"
"bugtai","para_b_3159.xml"
"bugtak","para_b_3160.xml"
"bugtas","para_b_3161.xml"
"bugtaw1","para_b_3162.xml"
"bugtaw2","para_b_3163.xml"
"bugtaw3","para_b_3164.xml"
"bugtaw4","para_b_3165.xml"
"bugtì","para_b_3166.xml"
"bugtik","para_b_3167.xml"
"bugtù","para_b_3168.xml"
"bugtuk","para_b_3169.xml"
"bugtung","para_b_3170.xml"
"bugtus","para_b_3171.xml"
"bugu","para_b_3172.xml"
"búgù1","para_b_3173.xml"
"búgù2","para_b_3174.xml"
"buguk1, -in-","para_b_3175.xml"
"*buguk2","para_b_3176.xml"
"buguk3, búguk1","para_b_3177.xml"
"búguk2","para_b_3178.xml"
"bugul, búgul","para_b_3179.xml"
"bugun","para_b_3180.xml"
"bugung","para_b_3181.xml"
"bug-us1","para_b_3182.xml"
"bug-us2","para_b_3183.xml"
"buguy","para_b_3184.xml"
"bugwad","para_b_3185.xml"
"bugwak","para_b_3186.xml"
"bugwal","para_b_3187.xml"
"bugway","para_b_3188.xml"
"bugyas","para_b_3189.xml"
"bugyung","para_b_3190.xml"
"búha","para_b_3191.xml"
"buhágay","para_b_3192.xml"
"buhahà, buhàhà","para_b_3193.xml"
"buhakhak","para_b_3194.xml"
"buhalhal1","para_b_3195.xml"
"buhalhal2","para_b_3196.xml"
"buhang","para_b_3197.xml"
"buhanghang","para_b_3198.xml"
"búhat1","para_b_3199.xml"
"búhat2","para_b_3200.xml"
"buháwi, buháwì","para_b_3201.xml"
"búhay","para_b_3202.xml"
"búhì1","para_b_3203.xml"
"búhì2","para_b_3204.xml"
"buhiláman","para_b_3205.xml"
"buhimyu","para_b_3206.xml"
"buhis","para_b_3207.xml"
"buhíyas","para_b_3208.xml"
"buhù1","para_b_3209.xml"
"buhù2, búhù","para_b_3210.xml"
"buhuk","para_b_3211.xml"
"Buhul","para_b_3212.xml"
"buhunbúhun","para_b_3213.xml"
"buhung","para_b_3214.xml"
"buhus, búhus","para_b_3215.xml"
"búhut","para_b_3216.xml"
"buka","para_b_3217.xml"
"búka","para_b_3218.xml"
"bukabularyu","para_b_3219.xml"
"bukabyirta","para_b_3220.xml"
"bukabyirtu","para_b_3221.xml"
"bukad","para_b_3222.xml"
"búkad1","para_b_3223.xml"
"búkad2","para_b_3224.xml"
"bukádu1","para_b_3225.xml"
"bukag","para_b_3226.xml"
"búkag","para_b_3227.xml"
"bukagay, bukaghay","para_b_3228.xml"
"bukagkag","para_b_3229.xml"
"bukàkà","para_b_3230.xml"
"bukal","para_b_3231.xml"
"búkal1","para_b_3232.xml"
"búkal2","para_b_3233.xml"
"bukána","para_b_3234.xml"
"bukarilyu","para_b_3235.xml"
"bukas1","para_b_3236.xml"
"bukas2, búkas","para_b_3237.xml"
"bukasyun","para_b_3238.xml"
"bukasyunal","para_b_3239.xml"
"bukatut1","para_b_3240.xml"
"bukatut2","para_b_3241.xml"
"búkaw1","para_b_3242.xml"
"búkaw2","para_b_3243.xml"
"bukáwi","para_b_3244.xml"
"búkay","para_b_3245.xml"
"bukáyù","para_b_3246.xml"
"bukbuk","para_b_3247.xml"
"bukdu","para_b_3248.xml"
"bukgay","para_b_3249.xml"
"bukhad","para_b_3250.xml"
"bukháyù","para_b_3251.xml"
"buki","para_b_3252.xml"
"búkì","para_b_3253.xml"
"búki digíra","para_b_3254.xml"
"búkid","para_b_3255.xml"
"bukìkì","para_b_3256.xml"
"bukilya","para_b_3257.xml"
"buking","para_b_3258.xml"
"búking úpis","para_b_3259.xml"
"bukinggan","para_b_3260.xml"
"bukiskis1","para_b_3261.xml"
"bukiskis2","para_b_3262.xml"
"bukisyunal","para_b_3263.xml"
"bukitkit","para_b_3264.xml"
"bukitlà","para_b_3265.xml"
"buklad1","para_b_3266.xml"
"*buklad2","para_b_3267.xml"
"buklas","para_b_3268.xml"
"buklat","para_b_3269.xml"
"bukni","para_b_3270.xml"
"buknul","para_b_3271.xml"
"buksidur","para_b_3272.xml"
"buksing","para_b_3273.xml"
"buksiyadur","para_b_3274.xml"
"buktu","para_b_3275.xml"
"buktun","para_b_3276.xml"
"buktut","para_b_3277.xml"
"buku1","para_b_3278.xml"
"buku2","para_b_3279.xml"
"bukubar","para_b_3280.xml"
"bukùbúkù","para_b_3281.xml"
"búkud","para_b_3282.xml"
"bukug","para_b_3283.xml"
"bukul, búkul","para_b_3284.xml"
"búkung1","para_b_3285.xml"
"búkung2","para_b_3286.xml"
"bukut","para_b_3287.xml"
"búkut","para_b_3288.xml"
"bukwas","para_b_3289.xml"
"bukway","para_b_3290.xml"
"bukya","para_b_3291.xml"
"bukyàbukyà","para_b_3292.xml"
"búl","para_b_3293.xml"
"búla1","para_b_3294.xml"
"búla2","para_b_3295.xml"
"búla3","para_b_3296.xml"
"búla4","para_b_3297.xml"
"bulà","para_b_3298.xml"
"bul-a","para_b_3299.xml"
"bulábid","para_b_3300.xml"
"bulábung","para_b_3301.xml"
"bulad","para_b_3302.xml"
"buláda1","para_b_3303.xml"
"buláda2, 3","para_b_3304.xml"
"buladur","para_b_3305.xml"
"bulag","para_b_3306.xml"
"bulagaw","para_b_3307.xml"
"bulagsak","para_b_3308.xml"
"buláhan1","para_b_3309.xml"
"buláhan2","para_b_3310.xml"
"bulahug","para_b_3311.xml"
"búlak","para_b_3312.xml"
"bulákaw","para_b_3313.xml"
"bulakbul","para_b_3314.xml"
"bulalakaw","para_b_3315.xml"
"bulalákaw","para_b_3316.xml"
"bulalhug","para_b_3317.xml"
"bulálu, bulálù1","para_b_3318.xml"
"bulálù2","para_b_3319.xml"
"bulálung","para_b_3320.xml"
"búlan","para_b_3321.xml"
"bul-an","para_b_3322.xml"
"bulandus","para_b_3323.xml"
"búlang1","para_b_3324.xml"
"búlang2","para_b_3325.xml"
"bulanghug","para_b_3326.xml"
"bulanghuy","para_b_3327.xml"
"bulanglang","para_b_3328.xml"
"bulangsud","para_b_3329.xml"
"bulanit, bulánit","para_b_3330.xml"
"bulansud","para_b_3331.xml"
"bulanti","para_b_3332.xml"
"bulanting","para_b_3333.xml"
"bulantis","para_b_3334.xml"
"bularat","para_b_3335.xml"
"búlas","para_b_3336.xml"
"bulásut","para_b_3337.xml"
"bulátik","para_b_3338.xml"
"bulatsíra","para_b_3339.xml"
"bulatsíru","para_b_3340.xml"
"bulaus, buláus","para_b_3341.xml"
"bulaw","para_b_3342.xml"
"buláwis","para_b_3343.xml"
"bulay","para_b_3344.xml"
"bulay-ug","para_b_3345.xml"
"bulbug","para_b_3346.xml"
"bulbul","para_b_3347.xml"
"buldu","para_b_3348.xml"
"buldug","para_b_3349.xml"
"buldúsir","para_b_3350.xml"
"buldyak","para_b_3351.xml"
"bulgan","para_b_3352.xml"
"bulgar","para_b_3353.xml"
"bulhang","para_b_3354.xml"
"bulhay","para_b_3355.xml"
"bulhug","para_b_3356.xml"
"bulhun","para_b_3357.xml"
"bulhut","para_b_3358.xml"
"buli","para_b_3359.xml"
"bulì","para_b_3360.xml"
"bulibard","para_b_3361.xml"
"bulíbud1, 2","para_b_3362.xml"
"bulibul","para_b_3363.xml"
"bulíbul","para_b_3364.xml"
"bulíbuy","para_b_3365.xml"
"búlig1","para_b_3366.xml"
"búlig2","para_b_3367.xml"
"bulíkat","para_b_3368.xml"
"bulílis","para_b_3369.xml"
"bulilit","para_b_3370.xml"
"bulilyus","para_b_3371.xml"
"bulimánu","para_b_3372.xml"
"bulinaw","para_b_3373.xml"
"buling","para_b_3374.xml"
"búling","para_b_3375.xml"
"bulinga","para_b_3376.xml"
"bulinggit","para_b_3377.xml"
"bulingit","para_b_3378.xml"
"bulingut","para_b_3379.xml"
"buliníyu","para_b_3380.xml"
"bulintang","para_b_3381.xml"
"bulíraw","para_b_3382.xml"
"bulíring","para_b_3383.xml"
"bulíru","para_b_3384.xml"
"búlis","para_b_3385.xml"
"buliskad","para_b_3386.xml"
"búlit1","para_b_3387.xml"
"búlit2","para_b_3388.xml"
"bulítas","para_b_3389.xml"
"bulitik","para_b_3390.xml"
"bulitin","para_b_3391.xml"
"bulitsi","para_b_3392.xml"
"bulíyus","para_b_3393.xml"
"bulkan","para_b_3394.xml"
"bulkas","para_b_3395.xml"
"bulpin","para_b_3396.xml"
"bulsa","para_b_3397.xml"
"buls-ay","para_b_3398.xml"
"bulsíta","para_b_3399.xml"
"bult","para_b_3400.xml"
"bultáhi","para_b_3401.xml"
"bultimitru","para_b_3402.xml"
"bultu","para_b_3403.xml"
"búlu1","para_b_3404.xml"
"búlu2, búlù1","para_b_3405.xml"
"búlù2","para_b_3406.xml"
"bulúbud","para_b_3407.xml"
"búlù","para_b_3408.xml"
"búlud","para_b_3409.xml"
"bulug1","para_b_3410.xml"
"bulug2","para_b_3411.xml"
"bulug3","para_b_3412.xml"
"bulug4","para_b_3413.xml"
"bul-ug","para_b_3414.xml"
"bulúgan","para_b_3415.xml"
"buluk1","para_b_3416.xml"
"buluk2","para_b_3417.xml"
"buluk3","para_b_3418.xml"
"buluk4, búluk","para_b_3419.xml"
"bulukbuluk","para_b_3420.xml"
"bulúkut","para_b_3421.xml"
"bulung, búlung1","para_b_3422.xml"
"búlung2","para_b_3423.xml"
"*búlung3","para_b_3424.xml"
"búlung4","para_b_3425.xml"
"búlung5","para_b_3426.xml"
"bulúngan","para_b_3427.xml"
"buluníyu","para_b_3428.xml"
"buluntǎd","para_b_3429.xml"
"buluntǎr","para_b_3430.xml"
"buluntǐr","para_b_3431.xml"
"bulus1","para_b_3432.xml"
"bulus2","para_b_3433.xml"
"bulut","para_b_3434.xml"
"buluungun","para_b_3435.xml"
"búluy","para_b_3436.xml"
"bulwang1","para_b_3437.xml"
"bulwang2","para_b_3438.xml"
"bulyum","para_b_3439.xml"
"búm","para_b_3440.xml"
"bumba1","para_b_3441.xml"
"bumba2","para_b_3442.xml"
"bumbardíyu","para_b_3443.xml"
"bumbay","para_b_3444.xml"
"bumbil","para_b_3445.xml"
"bumbilya","para_b_3446.xml"
"bumbu","para_b_3447.xml"
"buna","para_b_3448.xml"
"bun-ag","para_b_3449.xml"
"búnak","para_b_3450.xml"
"búnal","para_b_3451.xml"
"búnaw","para_b_3452.xml"
"bunáyus","para_b_3453.xml"
"bunbun","para_b_3454.xml"
"bun buyids","para_b_3455.xml"
"bundak","para_b_3456.xml"
"bundù1, 2","para_b_3457.xml"
"bundul","para_b_3458.xml"
"búng","para_b_3459.xml"
"búnga1","para_b_3460.xml"
"búnga2","para_b_3461.xml"
"bungabung, bungábung","para_b_3462.xml"
"bungàbungà","para_b_3463.xml"
"búngad","para_b_3464.xml"
"bungag","para_b_3465.xml"
"bungáhuy","para_b_3466.xml"
"bungálun","para_b_3467.xml"
"búngan","para_b_3468.xml"
"bungánga","para_b_3469.xml"
"bungarul","para_b_3470.xml"
"bungat","para_b_3471.xml"
"bungatngat","para_b_3472.xml"
"bungátud","para_b_3473.xml"
"bungaw","para_b_3474.xml"
"bung-aw","para_b_3475.xml"
"bungáwu","para_b_3476.xml"
"bungáwuy","para_b_3477.xml"
"bungay","para_b_3478.xml"
"bungbung1","para_b_3479.xml"
"*bungbung2","para_b_3480.xml"
"bungdù1","para_b_3481.xml"
"bungdù2","para_b_3482.xml"
"bungdul","para_b_3483.xml"
"bunggalu","para_b_3484.xml"
"bunggu","para_b_3485.xml"
"bunggù","para_b_3486.xml"
"bunghan","para_b_3487.xml"
"bungháyag","para_b_3488.xml"
"bunghug","para_b_3489.xml"
"bungì","para_b_3490.xml"
"bungíngi","para_b_3491.xml"
"bungìngì","para_b_3492.xml"
"bungisngis","para_b_3493.xml"
"bungiut, bungíut","para_b_3494.xml"
"bungkag","para_b_3495.xml"
"bungkal","para_b_3496.xml"
"bungkaliw","para_b_3497.xml"
"bungkas","para_b_3498.xml"
"bungkawil","para_b_3499.xml"
"bungkig","para_b_3500.xml"
"bungkug","para_b_3501.xml"
"bungkul","para_b_3502.xml"
"bungkut","para_b_3503.xml"
"bunglay","para_b_3504.xml"
"bungsì","para_b_3505.xml"
"bungsud","para_b_3506.xml"
"bungtud","para_b_3507.xml"
"búngug","para_b_3508.xml"
"bungul1","para_b_3509.xml"
"bungul2","para_b_3510.xml"
"bungul3","para_b_3511.xml"
"bungulan, bungúlan","para_b_3512.xml"
"búngun","para_b_3513.xml"
"búngut","para_b_3514.xml"
"bunguy","para_b_3515.xml"
"bunhayag","para_b_3516.xml"
"bunhuk","para_b_3517.xml"
"búni","para_b_3518.xml"
"bun-i","para_b_3519.xml"
"buníta","para_b_3520.xml"
"bunítu","para_b_3521.xml"
"bunkawil","para_b_3522.xml"
"bunkul","para_b_3523.xml"
"bunlaw","para_b_3524.xml"
"bunlay","para_b_3525.xml"
"bunlud","para_b_3526.xml"
"bunlut","para_b_3527.xml"
"bunsákà, bunsíkà","para_b_3528.xml"
"bunsálù","para_b_3529.xml"
"bunsù","para_b_3530.xml"
"bunsud","para_b_3531.xml"
"bunsudbunsud","para_b_3532.xml"
"buntag","para_b_3533.xml"
"buntal","para_b_3534.xml"
"buntas","para_b_3535.xml"
"buntaug","para_b_3536.xml"
"buntaw","para_b_3537.xml"
"buntay","para_b_3538.xml"
"buntis1","para_b_3539.xml"
"buntis2","para_b_3540.xml"
"buntud","para_b_3541.xml"
"buntug1","para_b_3542.xml"
"buntug2","para_b_3543.xml"
"buntug3","para_b_3544.xml"
"buntúgun","para_b_3545.xml"
"buntul1","para_b_3546.xml"
"buntul2","para_b_3547.xml"
"buntul3","para_b_3548.xml"
"buntung","para_b_3549.xml"
"bunù1","para_b_3550.xml"
"bunù2","para_b_3551.xml"
"bun-u","para_b_3552.xml"
"búnug","para_b_3553.xml"
"bun-ug1","para_b_3554.xml"
"bun-ug2","para_b_3555.xml"
"búnuk","para_b_3556.xml"
"búnul","para_b_3557.xml"
"bunulun","para_b_3558.xml"
"búnus1","para_b_3559.xml"
"búnus2","para_b_3560.xml"
"búnus3","para_b_3561.xml"
"bunut","para_b_3562.xml"
"búnut","para_b_3563.xml"
"bunyag","para_b_3564.xml"
"bunyun","para_b_3565.xml"
"bupanda","para_b_3566.xml"
"bupíti","para_b_3567.xml"
"burábug1","para_b_3568.xml"
"burábug2","para_b_3569.xml"
"buradur","para_b_3570.xml"
"burak","para_b_3571.xml"
"burakburak","para_b_3572.xml"
"burarà","para_b_3573.xml"
"buraska","para_b_3574.xml"
"buraw","para_b_3575.xml"
"buraybúray","para_b_3576.xml"
"burd1","para_b_3577.xml"
"burd2","para_b_3578.xml"
"burda","para_b_3579.xml"
"burdag","para_b_3580.xml"
"burdáhi","para_b_3581.xml"
"burd pit","para_b_3582.xml"
"burdu","para_b_3583.xml"
"burdug","para_b_3584.xml"
"burdun","para_b_3585.xml"
"burgahuy","para_b_3586.xml"
"burgis","para_b_3587.xml"
"burídu","para_b_3588.xml"
"burilyus","para_b_3589.xml"
"buringug","para_b_3590.xml"
"buringut","para_b_3591.xml"
"buríring","para_b_3592.xml"
"buriskas","para_b_3593.xml"
"búrit","para_b_3594.xml"
"burlas","para_b_3595.xml"
"burlis","para_b_3596.xml"
"burnay","para_b_3597.xml"
"burnir","para_b_3598.xml"
"burniyu","para_b_3599.xml"
"bursa","para_b_3600.xml"
"bursigi","para_b_3601.xml"
"búru1","para_b_3602.xml"
"búru2","para_b_3603.xml"
"burud","para_b_3604.xml"
"burúka","para_b_3605.xml"
"burukburuk","para_b_3606.xml"
"burukinta","para_b_3607.xml"
"burukintu","para_b_3608.xml"
"burul1","para_b_3609.xml"
"burul2, búrul","para_b_3610.xml"
"burunda","para_b_3611.xml"
"burung","para_b_3612.xml"
"buruníyu","para_b_3613.xml"
"burus","para_b_3614.xml"
"búrut","para_b_3615.xml"
"burúwas","para_b_3616.xml"
"búruy","para_b_3617.xml"
"bus1","para_b_3618.xml"
"bus2","para_b_3619.xml"
"bus3, bús","para_b_3620.xml"
"bús2","para_b_3621.xml"
"búsa, búsà","para_b_3622.xml"
"busagak, buságak","para_b_3623.xml"
"busak","para_b_3624.xml"
"busal","para_b_3625.xml"
"busaug","para_b_3626.xml"
"búsaw1","para_b_3627.xml"
"búsaw2","para_b_3628.xml"
"bus-aw","para_b_3629.xml"
"busáwus","para_b_3630.xml"
"busay","para_b_3631.xml"
"busbus1","para_b_3632.xml"
"busbus2","para_b_3633.xml"
"busdak","para_b_3634.xml"
"busdik","para_b_3635.xml"
"busdù","para_b_3636.xml"
"búsi","para_b_3637.xml"
"busíad, busíkad","para_b_3638.xml"
"busílak","para_b_3639.xml"
"busína","para_b_3640.xml"
"*búsing","para_b_3641.xml"
"busing-ut","para_b_3642.xml"
"busíru","para_b_3643.xml"
"busìsì","para_b_3644.xml"
"buskad1","para_b_3645.xml"
"buskad2","para_b_3646.xml"
"buskag","para_b_3647.xml"
"busla","para_b_3648.xml"
"buslung","para_b_3649.xml"
"buslut","para_b_3650.xml"
"busngal","para_b_3651.xml"
"busngì","para_b_3652.xml"
"bustipul","para_b_3653.xml"
"bustu","para_b_3654.xml"
"búsu","para_b_3655.xml"
"busug1","para_b_3656.xml"
"busug2","para_b_3657.xml"
"búsug","para_b_3658.xml"
"bus-uk","para_b_3659.xml"
"busun","para_b_3660.xml"
"búsung","para_b_3661.xml"
"buswak","para_b_3662.xml"
"buswang","para_b_3663.xml"
"buswat","para_b_3664.xml"
"busyad","para_b_3665.xml"
"busyu","para_b_3666.xml"
"bút","para_b_3667.xml"
"búta","para_b_3668.xml"
"bútad","para_b_3669.xml"
"butáka1","para_b_3670.xml"
"butakal","para_b_3671.xml"
"butalhag","para_b_3672.xml"
"butalid","para_b_3673.xml"
"butálid","para_b_3674.xml"
"butaltal","para_b_3675.xml"
"butalù","para_b_3676.xml"
"butang1","para_b_3677.xml"
"butang2","para_b_3678.xml"
"butanika","para_b_3679.xml"
"butaniku","para_b_3680.xml"
"butanti","para_b_3681.xml"
"butar","para_b_3682.xml"
"bútas1","para_b_3683.xml"
"bútas2","para_b_3684.xml"
"butasiyun","para_b_3685.xml"
"butay1","para_b_3686.xml"
"butay2","para_b_3687.xml"
"butay-ad","para_b_3688.xml"
"butbut1","para_b_3689.xml"
"butbut2","para_b_3690.xml"
"butbut3","para_b_3691.xml"
"buthù","para_b_3692.xml"
"buti","para_b_3693.xml"
"búti1","para_b_3694.xml"
"búti2","para_b_3695.xml"
"butíbut","para_b_3696.xml"
"butig1","para_b_3697.xml"
"butig2","para_b_3698.xml"
"butígis","para_b_3699.xml"
"butíka","para_b_3700.xml"
"butikaryu","para_b_3701.xml"
"butíkug","para_b_3702.xml"
"butíkul","para_b_3703.xml"
"bútil","para_b_3704.xml"
"butilus","para_b_3705.xml"
"butilya","para_b_3706.xml"
"búting","para_b_3707.xml"
"butingting","para_b_3708.xml"
"butírik","para_b_3709.xml"
"butirus","para_b_3710.xml"
"butíti","para_b_3711.xml"
"butku","para_b_3712.xml"
"butkun","para_b_3713.xml"
"butlig","para_b_3714.xml"
"butlug","para_b_3715.xml"
"butsáka","para_b_3716.xml"
"butsi","para_b_3717.xml"
"butsing","para_b_3718.xml"
"butsir","para_b_3719.xml"
"butsu","para_b_3720.xml"
"butsukuy","para_b_3721.xml"
"butu1","para_b_3722.xml"
"butu2","para_b_3723.xml"
"bútu","para_b_3724.xml"
"bútù","para_b_3725.xml"
"butùbútù","para_b_3726.xml"
"bútud","para_b_3727.xml"
"butuk1","para_b_3728.xml"
"butuk2","para_b_3729.xml"
"bútuk","para_b_3730.xml"
"but-uk1","para_b_3731.xml"
"but-uk2","para_b_3732.xml"
"butul","para_b_3733.xml"
"butun","para_b_3734.xml"
"butung1","para_b_3735.xml"
"butung2","para_b_3736.xml"
"butúnis","para_b_3737.xml"
"bútuy","para_b_3738.xml"
"butyag","para_b_3739.xml"
"búud","para_b_3740.xml"
"búug","para_b_3741.xml"
"buuk","para_b_3742.xml"
"buulbúul","para_b_3743.xml"
"buun","para_b_3744.xml"
"buung","para_b_3745.xml"
"búung","para_b_3746.xml"
"buungun, buúngun","para_b_3747.xml"
"búus","para_b_3748.xml"
"buut","para_b_3749.xml"
"búut","para_b_3750.xml"
"buútan1","para_b_3751.xml"
"buútan2","para_b_3752.xml"
"buúti","para_b_3753.xml"
"buwa","para_b_3754.xml"
"buwa-","para_b_3755.xml"
"búwà1","para_b_3756.xml"
"búwà2","para_b_3757.xml"
"búwà3","para_b_3758.xml"
"buwal","para_b_3759.xml"
"buwang1","para_b_3760.xml"
"buwang2, búwang","para_b_3761.xml"
"buway","para_b_3762.xml"
"búy1","para_b_3763.xml"
"búy2","para_b_3764.xml"
"búya1","para_b_3765.xml"
"búya2","para_b_3766.xml"
"buyag","para_b_3767.xml"
"buyagan","para_b_3768.xml"
"buyang","para_b_3769.xml"
"buyang-ang","para_b_3770.xml"
"buyangyang","para_b_3771.xml"
"buyasyas","para_b_3772.xml"
"buybuy","para_b_3773.xml"
"buyinggit","para_b_3774.xml"
"buykutíyu","para_b_3775.xml"
"*buylas","para_b_3776.xml"
"buylu","para_b_3777.xml"
"buylug","para_b_3778.xml"
"*buyna1","para_b_3779.xml"
"buynas","para_b_3780.xml"
"buynu","para_b_3781.xml"
"buyprind","para_b_3782.xml"
"buysit","para_b_3783.xml"
"buyu, buyù","para_b_3784.xml"
"búyù","para_b_3785.xml"
"búyud","para_b_3786.xml"
"buy-ud","para_b_3787.xml"
"buyug1","para_b_3788.xml"
"buyug2","para_b_3789.xml"
"búyuk1","para_b_3790.xml"
"búyuk2","para_b_3791.xml"
"buy-uk","para_b_3792.xml"
"buyun","para_b_3793.xml"
"búyun","para_b_3794.xml"
"buy-un","para_b_3795.xml"
"buyung","para_b_3796.xml"
"búyung","para_b_3797.xml"
"búyut","para_b_3798.xml"
"bwabuwa","para_b_3799.xml"
"bwágas","para_b_3800.xml"
"bwáhan","para_b_3801.xml"
"bwáhat","para_b_3802.xml"
"bwanbúwan","para_b_3803.xml"
"bwáus","para_b_3804.xml"
"bwi-","para_b_3805.xml"
"bwilta","para_b_3806.xml"
"bwinggit","para_b_3807.xml"
"byábas","para_b_3808.xml"
"byáhi","para_b_3809.xml"
"byakrúsis","para_b_3810.xml"
"byamban","para_b_3811.xml"
"byanggas","para_b_3812.xml"
"byantì","para_b_3813.xml"
"byásung","para_b_3814.xml"
"byáta","para_b_3815.xml"
"byatiku","para_b_3816.xml"
"byatilis","para_b_3817.xml"
"byátu","para_b_3818.xml"
"byinbinída","para_b_3819.xml"
"byínis","para_b_3820.xml"
"byintus","para_b_3821.xml"
"byirnis","para_b_3822.xml"
"byú","para_b_3823.xml"
"byúda","para_b_3824.xml"
"byúdu","para_b_3825.xml"
"byugul, byúgul","para_b_3826.xml"
"byulin","para_b_3827.xml"
"byulíta","para_b_3828.xml"
"byumbu","para_b_3829.xml"
"byúti parlur","para_b_3830.xml"
"byúuk","para_b_3831.xml"
"byúus","para_b_3832.xml"
"da","para_d_3833.xml"
"dá","para_d_3834.xml"
"dà","para_d_3835.xml"
"dâ","para_d_3836.xml"
"daabdaab","para_d_3837.xml"
"dáan","para_d_3838.xml"
"daánà","para_d_3839.xml"
"daáni","para_d_3840.xml"
"dáat","para_d_3841.xml"
"daay","para_d_3842.xml"
"dába","para_d_3843.xml"
"dabdab","para_d_3844.xml"
"dabudabu, dabudábu","para_d_3845.xml"
"dábuk1","para_d_3846.xml"
"dábuk2","para_d_3847.xml"
"dabul bid","para_d_3848.xml"
"dabung","para_d_3849.xml"
"dádi","para_d_3850.xml"
"dága1","para_d_3851.xml"
"dága2","para_d_3852.xml"
"dagà","para_d_3853.xml"
"dagáang","para_d_3854.xml"
"dagabdab","para_d_3855.xml"
"dagáhay","para_d_3856.xml"
"dagámi","para_d_3857.xml"
"dágan","para_d_3858.xml"
"dagánas","para_d_3859.xml"
"dagandang","para_d_3860.xml"
"dagang","para_d_3861.xml"
"dágang","para_d_3862.xml"
"dagangdang","para_d_3863.xml"
"dagasdas1","para_d_3864.xml"
"dagasdas2","para_d_3865.xml"
"dágat","para_d_3866.xml"
"dagaw","para_d_3867.xml"
"*dagáyà","para_d_3868.xml"
"dagayday","para_d_3869.xml"
"dagdag","para_d_3870.xml"
"daghan","para_d_3871.xml"
"daghung","para_d_3872.xml"
"dagil","para_d_3873.xml"
"daging","para_d_3874.xml"
"dagínut","para_d_3875.xml"
"dágir","para_d_3876.xml"
"dágit","para_d_3877.xml"
"dagítab","para_d_3878.xml"
"dagkut","para_d_3879.xml"
"dagmà","para_d_3880.xml"
"dagmal","para_d_3881.xml"
"dagmuk","para_d_3882.xml"
"dagnay","para_d_3883.xml"
"dagpak","para_d_3884.xml"
"dagpal1","para_d_3885.xml"
"dagpal2","para_d_3886.xml"
"dagpas","para_d_3887.xml"
"dagpì","para_d_3888.xml"
"dagsà","para_d_3889.xml"
"dagsang","para_d_3890.xml"
"dagsay","para_d_3891.xml"
"dagtum","para_d_3892.xml"
"dagubdub","para_d_3893.xml"
"dagúhub","para_d_3894.xml"
"dagúhung","para_d_3895.xml"
"dagukduk1","para_d_3896.xml"
"dagul","para_d_3897.xml"
"dágum","para_d_3898.xml"
"dag-um","para_d_3899.xml"
"dagun","para_d_3900.xml"
"dagundagun","para_d_3901.xml"
"dagundun1","para_d_3902.xml"
"dagundun2","para_d_3903.xml"
"dagundung, dagungdung","para_d_3904.xml"
"dágut","para_d_3905.xml"
"dagúuk","para_d_3906.xml"
"dagway","para_d_3907.xml"
"dagyaw","para_d_3908.xml"
"dahan","para_d_3909.xml"
"dahay","para_d_3910.xml"
"dáhig","para_d_3911.xml"
"dahik","para_d_3912.xml"
"dahil","para_d_3913.xml"
"dahilì","para_d_3914.xml"
"dahílì","para_d_3915.xml"
"dahilug","para_d_3916.xml"
"dahílug","para_d_3917.xml"
"dahílus","para_d_3918.xml"
"dahinggay","para_d_3919.xml"
"dahiraw","para_d_3920.xml"
"dahis","para_d_3921.xml"
"dahug","para_d_3922.xml"
"dáhug","para_d_3923.xml"
"dahul","para_d_3924.xml"
"dahúlug","para_d_3925.xml"
"dahum","para_d_3926.xml"
"dáhun","para_d_3927.xml"
"dahúnug","para_d_3928.xml"
"dáhup","para_d_3929.xml"
"dahut","para_d_3930.xml"
"dahúyag","para_d_3931.xml"
"dáig","para_d_3932.xml"
"dáik","para_d_3933.xml"
"dail","para_d_3934.xml"
"daílus","para_d_3935.xml"
"daít","para_d_3936.xml"
"daitul, daítul","para_d_3937.xml"
"*daiya","para_d_3938.xml"
"dak","para_d_3939.xml"
"dakaldakal","para_d_3940.xml"
"dakan","para_d_3941.xml"
"dakbálay","para_d_3942.xml"
"dakbayan","para_d_3943.xml"
"dakbut","para_d_3944.xml"
"dakdak","para_d_3945.xml"
"dakdákan","para_d_3946.xml"
"dakinas, dakin-as","para_d_3947.xml"
"dákit","para_d_3948.xml"
"daklap","para_d_3949.xml"
"daklit","para_d_3950.xml"
"dakrun","para_d_3951.xml"
"daktil","para_d_3952.xml"
"daktul","para_d_3953.xml"
"dakù","para_d_3954.xml"
"dakul","para_d_3955.xml"
"dákun","para_d_3956.xml"
"dakung","para_d_3957.xml"
"dakup","para_d_3958.xml"
"dakúyung","para_d_3959.xml"
"dakyup","para_d_3960.xml"
"dál","para_d_3961.xml"
"dala","para_d_3962.xml"
"dalag1","para_d_3963.xml"
"dalag2","para_d_3964.xml"
"dalága1","para_d_3965.xml"
"*dalága2","para_d_3966.xml"
"dalágan","para_d_3967.xml"
"dalagangdang","para_d_3968.xml"
"daláhig","para_d_3969.xml"
"dalahik","para_d_3970.xml"
"dalakit","para_d_3971.xml"
"dálam","para_d_3972.xml"
"dalambà","para_d_3973.xml"
"dálan","para_d_3974.xml"
"dalángin","para_d_3975.xml"
"dálap","para_d_3976.xml"
"dalapúgan","para_d_3977.xml"
"dalaput","para_d_3978.xml"
"dálar","para_d_3979.xml"
"dalaurà","para_d_3980.xml"
"daláyig","para_d_3981.xml"
"daldag","para_d_3982.xml"
"daldal","para_d_3983.xml"
"dalhap","para_d_3984.xml"
"dalhig","para_d_3985.xml"
"dalhug","para_d_3986.xml"
"dáli","para_d_3987.xml"
"dalì1","para_d_3988.xml"
"dalì2","para_d_3989.xml"
"dalid","para_d_3990.xml"
"dalidáli","para_d_3991.xml"
"daligdig","para_d_3992.xml"
"dalikdik","para_d_3993.xml"
"dalikyat","para_d_3994.xml"
"dalílang","para_d_3995.xml"
"dalin-as","para_d_3996.xml"
"dalinúan","para_d_3997.xml"
"dalínug","para_d_3998.xml"
"dalipanus, dalipánus","para_d_3999.xml"
"dalipsang","para_d_4000.xml"
"dalipsù","para_d_4001.xml"
"dalipsut síhì","para_d_4002.xml"
"dalipunga, dalipungà","para_d_4003.xml"
"dalísay","para_d_4004.xml"
"dalispang","para_d_4005.xml"
"dalispù","para_d_4006.xml"
"dálit","para_d_4007.xml"
"dalítik","para_d_4008.xml"
"dalius-us","para_d_4009.xml"
"dalù","para_d_4010.xml"
"daludalu","para_d_4011.xml"
"dalugdug","para_d_4012.xml"
"daluk-an","para_d_4013.xml"
"dálum","para_d_4014.xml"
"dalundalun","para_d_4015.xml"
"dalundun","para_d_4016.xml"
"dalungdung","para_d_4017.xml"
"dalunggan","para_d_4018.xml"
"dalúpang","para_d_4019.xml"
"dalupápa","para_d_4020.xml"
"dalupúgan","para_d_4021.xml"
"dal-us","para_d_4022.xml"
"dalus-us","para_d_4023.xml"
"daluyduy","para_d_4024.xml"
"dalwak","para_d_4025.xml"
"dalyang","para_d_4026.xml"
"dam","para_d_4027.xml"
"dáma1","para_d_4028.xml"
"dáma2","para_d_4029.xml"
"dáma3","para_d_4030.xml"
"dáma dinutsi","para_d_4031.xml"
"dámag1","para_d_4032.xml"
"dámag2","para_d_4033.xml"
"dam-ag","para_d_4034.xml"
"damagan1","para_d_4035.xml"
"damagan2","para_d_4036.xml"
"damahwána","para_d_4037.xml"
"damak","para_d_4038.xml"
"daman1","para_d_4039.xml"
"daman2","para_d_4040.xml"
"dámas","para_d_4041.xml"
"dambà","para_d_4042.xml"
"dambil","para_d_4043.xml"
"damgu","para_d_4044.xml"
"damhuy","para_d_4045.xml"
"dámids","para_d_4046.xml"
"damig","para_d_4047.xml"
"damikà, damíkà","para_d_4048.xml"
"damili","para_d_4049.xml"
"damlag","para_d_4050.xml"
"dampilas","para_d_4051.xml"
"dampiyas","para_d_4052.xml"
"dampug","para_d_4053.xml"
"damput1","para_d_4054.xml"
"damput2","para_d_4055.xml"
"dampuug","para_d_4056.xml"
"damù","para_d_4057.xml"
"dámù","para_d_4058.xml"
"dam-ug","para_d_4059.xml"
"dam-uk","para_d_4060.xml"
"damulmug, damulug","para_d_4061.xml"
"dámung","para_d_4062.xml"
"damurhaw","para_d_4063.xml"
"damúsing","para_d_4064.xml"
"dam-ut","para_d_4065.xml"
"damyang","para_d_4066.xml"
"damyu","para_d_4067.xml"
"dan","para_d_4068.xml"
"dán","para_d_4069.xml"
"dánag","para_d_4070.xml"
"dan-ag","para_d_4071.xml"
"danakit","para_d_4072.xml"
"dánas","para_d_4073.xml"
"danasdánas","para_d_4074.xml"
"dánaw","para_d_4075.xml"
"danay","para_d_4076.xml"
"danga","para_d_4077.xml"
"dangàdangà","para_d_4078.xml"
"dangag","para_d_4079.xml"
"dángan1","para_d_4080.xml"
"dángan2","para_d_4081.xml"
"dangarag","para_d_4082.xml"
"dangarang","para_d_4083.xml"
"dangas1","para_d_4084.xml"
"dangas2","para_d_4085.xml"
"dángas, dangás","para_d_4086.xml"
"dángat","para_d_4087.xml"
"dángaw","para_d_4088.xml"
"dangay","para_d_4089.xml"
"dángay","para_d_4090.xml"
"dangdang","para_d_4091.xml"
"danggà1","para_d_4092.xml"
"danggà2","para_d_4093.xml"
"danggas","para_d_4094.xml"
"danggit","para_d_4095.xml"
"danghag","para_d_4096.xml"
"danghal","para_d_4097.xml"
"danghili","para_d_4098.xml"
"dangílag","para_d_4099.xml"
"dangili","para_d_4100.xml"
"dangka","para_d_4101.xml"
"dangkalan","para_d_4102.xml"
"dangkit","para_d_4103.xml"
"dangkúlus","para_d_4104.xml"
"danglas","para_d_4105.xml"
"danglay","para_d_4106.xml"
"danglug","para_d_4107.xml"
"dangput","para_d_4108.xml"
"dangs","para_d_4109.xml"
"dangug, dángug","para_d_4110.xml"
"dangulngul","para_d_4111.xml"
"dangup","para_d_4112.xml"
"danguynguy","para_d_4113.xml"
"dani","para_d_4114.xml"
"danlak","para_d_4115.xml"
"danlug","para_d_4116.xml"
"dansbul","para_d_4117.xml"
"dansir","para_d_4118.xml"
"dansuy","para_d_4119.xml"
"danug","para_d_4120.xml"
"dan-uk","para_d_4121.xml"
"danyus","para_d_4122.xml"
"dáp","para_d_4123.xml"
"dapà1","para_d_4124.xml"
"dapà2","para_d_4125.xml"
"dapà3","para_d_4126.xml"
"dap-ag","para_d_4127.xml"
"dapak","para_d_4128.xml"
"dápak","para_d_4129.xml"
"dápal","para_d_4130.xml"
"dap-as1","para_d_4131.xml"
"dap-as2","para_d_4132.xml"
"dápat","para_d_4133.xml"
"dápaw1","para_d_4134.xml"
"dápaw2","para_d_4135.xml"
"dapay","para_d_4136.xml"
"dapdap","para_d_4137.xml"
"dapì","para_d_4138.xml"
"dápig","para_d_4139.xml"
"dap-ig","para_d_4140.xml"
"dapigas","para_d_4141.xml"
"dapilus, dapílus","para_d_4142.xml"
"dápit","para_d_4143.xml"
"dapíyas","para_d_4144.xml"
"dapíyu","para_d_4145.xml"
"daplà","para_d_4146.xml"
"daplak","para_d_4147.xml"
"daplas","para_d_4148.xml"
"daplay","para_d_4149.xml"
"daplin","para_d_4150.xml"
"daplus","para_d_4151.xml"
"dapsut","para_d_4152.xml"
"dapu, dapù","para_d_4153.xml"
"dapug1","para_d_4154.xml"
"dapug2","para_d_4155.xml"
"dápug","para_d_4156.xml"
"dapúgan","para_d_4157.xml"
"dápul","para_d_4158.xml"
"dapúlas","para_d_4159.xml"
"dapya","para_d_4160.xml"
"dapyas","para_d_4161.xml"
"darámi","para_d_4162.xml"
"dariyut","para_d_4163.xml"
"darling","para_d_4164.xml"
"dáru","para_d_4165.xml"
"darudaru","para_d_4166.xml"
"das","para_d_4167.xml"
"dasà","para_d_4168.xml"
"dasag","para_d_4169.xml"
"das-ag","para_d_4170.xml"
"dasdas","para_d_4171.xml"
"dásig","para_d_4172.xml"
"dasmag","para_d_4173.xml"
"dasngag1","para_d_4174.xml"
"dasngag2","para_d_4175.xml"
"daspan","para_d_4176.xml"
"dastir","para_d_4177.xml"
"das-ug","para_d_4178.xml"
"dasuk","para_d_4179.xml"
"dasun","para_d_4180.xml"
"dáta1","para_d_4181.xml"
"*dáta2","para_d_4182.xml"
"datag","para_d_4183.xml"
"dáti","para_d_4184.xml"
"dáting","para_d_4185.xml"
"datslan","para_d_4186.xml"
"dátu","para_d_4187.xml"
"dátù1","para_d_4188.xml"
"dátù2","para_d_4189.xml"
"dat-ug","para_d_4190.xml"
"dat-ul","para_d_4191.xml"
"dátum","para_d_4192.xml"
"datung1","para_d_4193.xml"
"datung2","para_d_4194.xml"
"dátus","para_d_4195.xml"
"dau","para_d_4196.xml"
"dáub","para_d_4197.xml"
"daug","para_d_4198.xml"
"dául","para_d_4199.xml"
"dáup","para_d_4200.xml"
"daurà","para_d_4201.xml"
"daúrus","para_d_4202.xml"
"daus-us","para_d_4203.xml"
"dáut","para_d_4204.xml"
"daw","para_d_4205.xml"
"dáwa","para_d_4206.xml"
"dawal","para_d_4207.xml"
"dáwat","para_d_4208.xml"
"dawdaw1","para_d_4209.xml"
"dawdaw2","para_d_4210.xml"
"dawhug","para_d_4211.xml"
"dáwi","para_d_4212.xml"
"dawin","para_d_4213.xml"
"dawíraw","para_d_4214.xml"
"dawpang","para_d_4215.xml"
"dawu-","para_d_4216.xml"
"dáwun1","para_d_4217.xml"
"dáwun2","para_d_4218.xml"
"dawuntawun","para_d_4219.xml"
"day","para_d_4220.xml"
"day-a","para_d_4221.xml"
"dayabítis","para_d_4222.xml"
"dayag","para_d_4223.xml"
"dayagnus","para_d_4224.xml"
"dayagram","para_d_4225.xml"
"dáyak","para_d_4226.xml"
"dáyal","para_d_4227.xml"
"dáyal tun","para_d_4228.xml"
"dayalug","para_d_4229.xml"
"dayalugu","para_d_4230.xml"
"dayamanti","para_d_4231.xml"
"dayamitru","para_d_4232.xml"
"dayamun","para_d_4233.xml"
"dayan","para_d_4234.xml"
"dayána","para_d_4235.xml"
"dáyang","para_d_4236.xml"
"dáyap","para_d_4237.xml"
"dayapir","para_d_4238.xml"
"dayari","para_d_4239.xml"
"dayaríya","para_d_4240.xml"
"day-as","para_d_4241.xml"
"dáyaw","para_d_4242.xml"
"dayban","para_d_4243.xml"
"dayday","para_d_4244.xml"
"daygun","para_d_4245.xml"
"dayhag","para_d_4246.xml"
"dayhard","para_d_4247.xml"
"dáyib","para_d_4248.xml"
"dáyig","para_d_4249.xml"
"dáyik","para_d_4250.xml"
"dáyis","para_d_4251.xml"
"dayis-ul","para_d_4252.xml"
"dáyit","para_d_4253.xml"
"daylang","para_d_4254.xml"
"daynámu","para_d_4255.xml"
"daysik","para_d_4256.xml"
"day-u","para_d_4257.xml"
"dayugdug","para_d_4258.xml"
"dayuk","para_d_4259.xml"
"dáyun","para_d_4260.xml"
"dáyung","para_d_4261.xml"
"dayungyung","para_d_4262.xml"
"Dga.","para_d_4263.xml"
"di","para_d_4264.xml"
"dì","para_d_4265.xml"
"di-","para_d_4266.xml"
"día","para_d_4267.xml"
"diadtu","para_d_4268.xml"
"dialta","para_d_4269.xml"
"dialtamar","para_d_4270.xml"
"diánà","para_d_4271.xml"
"diáni","para_d_4272.xml"
"diay","para_d_4273.xml"
"díbal","para_d_4274.xml"
"dibaldi","para_d_4275.xml"
"díban","para_d_4276.xml"
"dibáti","para_d_4277.xml"
"dibaydibay","para_d_4278.xml"
"dibaydir","para_d_4279.xml"
"dibayid","para_d_4280.xml"
"dibidind","para_d_4281.xml"
"dibidindu","para_d_4282.xml"
"dibílap","para_d_4283.xml"
"dibilapir","para_d_4284.xml"
"dibílup","para_d_4285.xml"
"dibirsiyun","para_d_4286.xml"
"dibisiyun","para_d_4287.xml"
"dibisyun","para_d_4288.xml"
"dibítir","para_d_4289.xml"
"dibu","para_d_4290.xml"
"dibúhu","para_d_4291.xml"
"dibultu","para_d_4292.xml"
"dibumba","para_d_4293.xml"
"dibursiyáda, dibursiyádu","para_d_4294.xml"
"dibursiyu","para_d_4295.xml"
"dibusiyun","para_d_4296.xml"
"dibutanti","para_d_4297.xml"
"dibútu, dibútus","para_d_4298.xml"
"dibuynas","para_d_4299.xml"
"didak","para_d_4300.xml"
"didaksiyun","para_d_4301.xml"
"didal","para_d_4302.xml"
"didbul","para_d_4303.xml"
"dídi","para_d_4304.xml"
"dìdì","para_d_4305.xml"
"didikisyun","para_d_4306.xml"
"didikit","para_d_4307.xml"
"didiyut","para_d_4308.xml"
"didlayin","para_d_4309.xml"
"didtu","para_d_4310.xml"
"diduksiyun","para_d_4311.xml"
"didúsu","para_d_4312.xml"
"díga","para_d_4313.xml"
"dig-ab","para_d_4314.xml"
"digámu","para_d_4315.xml"
"digása","para_d_4316.xml"
"digastu","para_d_4317.xml"
"digkit","para_d_4318.xml"
"digmì","para_d_4319.xml"
"dignidad","para_d_4320.xml"
"dígù","para_d_4321.xml"
"dígum","para_d_4322.xml"
"digwà","para_d_4323.xml"
"digwat","para_d_4324.xml"
"digyas","para_d_4325.xml"
"digyù","para_d_4326.xml"
"digyut","para_d_4327.xml"
"dihà","para_d_4328.xml"
"dihádu","para_d_4329.xml"
"díhin gúli","para_d_4330.xml"
"díhug","para_d_4331.xml"
"diin1","para_d_4332.xml"
"diin2","para_d_4333.xml"
"diíni","para_d_4334.xml"
"dík","para_d_4335.xml"
"dikabra","para_d_4336.xml"
"dikakaw","para_d_4337.xml"
"dikampána","para_d_4338.xml"
"dikánu","para_d_4339.xml"
"*diki, *dikì","para_d_4340.xml"
"díki","para_d_4341.xml"
"dikit","para_d_4342.xml"
"díkit","para_d_4343.xml"
"diklamar","para_d_4344.xml"
"diklamasiyun","para_d_4345.xml"
"diklarar","para_d_4346.xml"
"diklarasiyun","para_d_4347.xml"
"diklim","para_d_4348.xml"
"diklímir","para_d_4349.xml"
"diklimisyun","para_d_4350.xml"
"dikstrus","para_d_4351.xml"
"diksiyunaryu","para_d_4352.xml"
"dikta","para_d_4353.xml"
"diktadur","para_d_4354.xml"
"diktadúra","para_d_4355.xml"
"diktǎr","para_d_4356.xml"
"dikulúris","para_d_4357.xml"
"díkun","para_d_4358.xml"
"dikurar","para_d_4359.xml"
"dikurisyun","para_d_4360.xml"
"dílà","para_d_4361.xml"
"diláab","para_d_4362.xml"
"dilabári","para_d_4363.xml"
"dilamíta","para_d_4364.xml"
"dilána","para_d_4365.xml"
"dilantádu","para_d_4366.xml"
"dilantar","para_d_4367.xml"
"dilantáwu","para_d_4368.xml"
"dilantíra","para_d_4369.xml"
"dilantu","para_d_4370.xml"
"dilap","para_d_4371.xml"
"dilatar","para_d_4372.xml"
"dílì","para_d_4373.xml"
"dilíbir","para_d_4374.xml"
"dilibiri buy","para_d_4375.xml"
"diligádu","para_d_4376.xml"
"diligar","para_d_4377.xml"
"diligasiyun, diligisyun","para_d_4378.xml"
"dilihinsiya","para_d_4379.xml"
"dilikáda","para_d_4380.xml"
"dilikadísa","para_d_4381.xml"
"dilikádu","para_d_4382.xml"
"dilikinti","para_d_4383.xml"
"dilinyadur","para_d_4384.xml"
"dilinyanti","para_d_4385.xml"
"dílir","para_d_4386.xml"
"diliryu","para_d_4387.xml"
"dilitayim","para_d_4388.xml"
"dilítu","para_d_4389.xml"
"dilútu","para_d_4390.xml"
"dilyábi","para_d_4391.xml"
"dím","para_d_4392.xml"
"dimálas","para_d_4393.xml"
"dimanda","para_d_4394.xml"
"dimangga","para_d_4395.xml"
"dimánu1","para_d_4396.xml"
"dimánu2","para_d_4397.xml"
"dímas","para_d_4398.xml"
"*dimáu","para_d_4399.xml"
"dimdim","para_d_4400.xml"
"dimírit","para_d_4401.xml"
"dimisiyun","para_d_4402.xml"
"dimitir","para_d_4403.xml"
"dimitudu","para_d_4404.xml"
"dimúdu","para_d_4405.xml"
"dimukrasya","para_d_4406.xml"
"dimukrata","para_d_4407.xml"
"dimukratika","para_d_4408.xml"
"dimukratiku","para_d_4409.xml"
"dimul1","para_d_4410.xml"
"dimul2","para_d_4411.xml"
"dimul3","para_d_4412.xml"
"dímul","para_d_4413.xml"
"dimungkug","para_d_4414.xml"
"dimunstradur","para_d_4415.xml"
"dimunstrasiyun","para_d_4416.xml"
"dimunstrit","para_d_4417.xml"
"dimuntris","para_d_4418.xml"
"dimunyu","para_d_4419.xml"
"dimusdímus","para_d_4420.xml"
"dinágum","para_d_4421.xml"
"dinamíta","para_d_4422.xml"
"dingag","para_d_4423.xml"
"dingas","para_d_4424.xml"
"díngat, díngaw","para_d_4425.xml"
"dingding1","para_d_4426.xml"
"dingding2","para_d_4427.xml"
"dinghal","para_d_4428.xml"
"dingíli","para_d_4429.xml"
"dinguldingul, dinguldíngul","para_d_4430.xml"
"dinhà","para_d_4431.xml"
"dinhi","para_d_4432.xml"
"diníru","para_d_4433.xml"
"dintist, dintista","para_d_4434.xml"
"dintistri","para_d_4435.xml"
"dintru","para_d_4436.xml"
"dinuminasiyun","para_d_4437.xml"
"díp","para_d_4438.xml"
"dipalíta","para_d_4439.xml"
"dipapil","para_d_4440.xml"
"dipara, diparal, diparar","para_d_4441.xml"
"dipartamintu","para_d_4442.xml"
"dipásit","para_d_4443.xml"
"dipdip","para_d_4444.xml"
"dipi","para_d_4445.xml"
"dip-ig","para_d_4446.xml"
"dipiktádu","para_d_4447.xml"
"dipiktu","para_d_4448.xml"
"dipindi","para_d_4449.xml"
"dipindǐr1","para_d_4450.xml"
"dipindǐr2","para_d_4451.xml"
"dipinsa","para_d_4452.xml"
"dipirinsiya","para_d_4453.xml"
"dipísit","para_d_4454.xml"
"dip-it","para_d_4455.xml"
"dipiyi","para_d_4456.xml"
"diplúma","para_d_4457.xml"
"diplumasíya, diplumasya","para_d_4458.xml"
"diplumatiku","para_d_4459.xml"
"dipluy","para_d_4460.xml"
"diprimíra","para_d_4461.xml"
"diprinsiya","para_d_4462.xml"
"diprisisiyun","para_d_4463.xml"
"dipudáta","para_d_4464.xml"
"dipudipu","para_d_4465.xml"
"dípung","para_d_4466.xml"
"dipurt","para_d_4467.xml"
"dipúsit","para_d_4468.xml"
"dipusitu","para_d_4469.xml"
"diputádu","para_d_4470.xml"
"dipwat","para_d_4471.xml"
"dirà","para_d_4472.xml"
"dirámi","para_d_4473.xml"
"diri1","para_d_4474.xml"
"diri2","para_d_4475.xml"
"dirihir","para_d_4476.xml"
"diriksiyun","para_d_4477.xml"
"dirikta","para_d_4478.xml"
"diriktíba","para_d_4479.xml"
"diriktu","para_d_4480.xml"
"diriktǔr","para_d_4481.xml"
"diriktúri, dirikturyu","para_d_4482.xml"
"diris","para_d_4483.xml"
"díris","para_d_4484.xml"
"dir-is","para_d_4485.xml"
"diritsu","para_d_4486.xml"
"dirúsas","para_d_4487.xml"
"Dis.","para_d_4488.xml"
"dís","para_d_4489.xml"
"dis-a","para_d_4490.xml"
"disapíyu","para_d_4491.xml"
"dis-arma","para_d_4492.xml"
"disbár","para_d_4493.xml"
"disdi","para_d_4494.xml"
"disdis","para_d_4495.xml"
"disgáyis","para_d_4496.xml"
"disgrasya","para_d_4497.xml"
"disgustádu","para_d_4498.xml"
"disgustáwu","para_d_4499.xml"
"disgustu","para_d_4500.xml"
"disgwápa, disgwápu","para_d_4501.xml"
"disi","para_d_4502.xml"
"dísi","para_d_4503.xml"
"disibi","para_d_4504.xml"
"disidídu","para_d_4505.xml"
"disidir","para_d_4506.xml"
"dísil","para_d_4507.xml"
"disilya","para_d_4508.xml"
"disimal","para_d_4509.xml"
"Disimbri","para_d_4510.xml"
"disimitru, disimitrus","para_d_4511.xml"
"dis-impikta, disimpiktǎr","para_d_4512.xml"
"Disimri","para_d_4513.xml"
"disimuladu","para_d_4514.xml"
"dis-inpikta","para_d_4515.xml"
"disinti","para_d_4516.xml"
"disintiríya","para_d_4517.xml"
"disintralisasiyun, disintralisisyun","para_d_4518.xml"
"disinuybi","para_d_4519.xml"
"disinyu","para_d_4520.xml"
"disiplína","para_d_4521.xml"
"disipulu","para_d_4522.xml"
"dis-iridar","para_d_4523.xml"
"disirt","para_d_4524.xml"
"disisayis","para_d_4525.xml"
"disispirádu","para_d_4526.xml"
"disisyíti","para_d_4527.xml"
"disisyun","para_d_4528.xml"
"disiutsu","para_d_4529.xml"
"disíyu","para_d_4530.xml"
"disk","para_d_4531.xml"
"diskansǎr","para_d_4532.xml"
"diskansu","para_d_4533.xml"
"diskarga","para_d_4534.xml"
"diskárids","para_d_4535.xml"
"diskaril","para_d_4536.xml"
"diskarni","para_d_4537.xml"
"diskás","para_d_4538.xml"
"diskási1","para_d_4539.xml"
"diskási2","para_d_4540.xml"
"diskasyun","para_d_4541.xml"
"diskitar","para_d_4542.xml"
"diskrayib, diskribir","para_d_4543.xml"
"diskubri","para_d_4544.xml"
"diskumpiyar","para_d_4545.xml"
"diskuntintu","para_d_4546.xml"
"diskursu","para_d_4547.xml"
"diskusyun","para_d_4548.xml"
"diskutik","para_d_4549.xml"
"diskutir","para_d_4550.xml"
"diskuwalipáyid","para_d_4551.xml"
"diskuwintu","para_d_4552.xml"
"dismayar","para_d_4553.xml"
"dismáyu","para_d_4554.xml"
"dismǐs","para_d_4555.xml"
"dismísal","para_d_4556.xml"
"dismular","para_d_4557.xml"
"dispalku","para_d_4558.xml"
"dispanta","para_d_4559.xml"
"dispasir","para_d_4560.xml"
"dispatsadur","para_d_4561.xml"
"dispatsadúra","para_d_4562.xml"
"dispatsǎr","para_d_4563.xml"
"dispatsir","para_d_4564.xml"
"dispatsu","para_d_4565.xml"
"dispidir","para_d_4566.xml"
"dispinsa1","para_d_4567.xml"
"dispinsa2","para_d_4568.xml"
"dispinsaryu","para_d_4569.xml"
"dispinsasiyun","para_d_4570.xml"
"dispinsisyun","para_d_4571.xml"
"dispiráda","para_d_4572.xml"
"dispirádu","para_d_4573.xml"
"dispiras","para_d_4574.xml"
"dispirinsiya, disprinsiya","para_d_4575.xml"
"dispisiyar","para_d_4576.xml"
"dispras","para_d_4577.xml"
"dispuga","para_d_4578.xml"
"dispunir","para_d_4579.xml"
"dispusisiyun","para_d_4580.xml"
"dispuwis","para_d_4581.xml"
"distansiya","para_d_4582.xml"
"distiliríya","para_d_4583.xml"
"distinádu","para_d_4584.xml"
"distinasiyun","para_d_4585.xml"
"distínu","para_d_4586.xml"
"distiyíru","para_d_4587.xml"
"distribuwir","para_d_4588.xml"
"distribyútur","para_d_4589.xml"
"distrítu","para_d_4590.xml"
"distrusar","para_d_4591.xml"
"distrúsu","para_d_4592.xml"
"distsards","para_d_4593.xml"
"disturbǎr","para_d_4594.xml"
"disturbu","para_d_4595.xml"
"disturnilyadur","para_d_4596.xml"
"distursiyun","para_d_4597.xml"
"dis-ug","para_d_4598.xml"
"dis-úras","para_d_4599.xml"
"diswildu","para_d_4600.xml"
"Disyimbri","para_d_4601.xml"
"disyirtu","para_d_4602.xml"
"dit.","para_d_4603.xml"
"dít","para_d_4604.xml"
"dità","para_d_4605.xml"
"ditalyi","para_d_4606.xml"
"ditiktib","para_d_4607.xml"
"ditirminasiyun","para_d_4608.xml"
"ditsu","para_d_4609.xml"
"díwà","para_d_4610.xml"
"díwal","para_d_4611.xml"
"diwalwal","para_d_4612.xml"
"diwánag","para_d_4613.xml"
"diwáta","para_d_4614.xml"
"diwindi","para_d_4615.xml"
"díwit","para_d_4616.xml"
"díya","para_d_4617.xml"
"diyabítis","para_d_4618.xml"
"diyablu","para_d_4619.xml"
"diyakunu","para_d_4620.xml"
"diyamanti","para_d_4621.xml"
"diyamitru","para_d_4622.xml"
"diyána","para_d_4623.xml"
"diyaryu1","para_d_4624.xml"
"diyaryu2","para_d_4625.xml"
"diyaryu3","para_d_4626.xml"
"díyas","para_d_4627.xml"
"diyatilis","para_d_4628.xml"
"diyíta","para_d_4629.xml"
"diyù","para_d_4630.xml"
"díyung","para_d_4631.xml"
"diyus","para_d_4632.xml"
"diyúsa","para_d_4633.xml"
"diyusísis","para_d_4634.xml"
"diyut","para_d_4635.xml"
"diyuy","para_d_4636.xml"
"Dr.","para_d_4637.xml"
"Dra.","para_d_4638.xml"
"drágun","para_d_4639.xml"
"dram1","para_d_4640.xml"
"dram2, drám","para_d_4641.xml"
"dráma","para_d_4642.xml"
"dramátik","para_d_4643.xml"
"dramaturga","para_d_4644.xml"
"dramaturgu","para_d_4645.xml"
"drámir","para_d_4646.xml"
"drams","para_d_4647.xml"
"dráp","para_d_4648.xml"
"drap-awut","para_d_4649.xml"
"drápir","para_d_4650.xml"
"drayib","para_d_4651.xml"
"dráyir","para_d_4652.xml"
"dri","para_d_4653.xml"
"dríbul","para_d_4654.xml"
"dríl1","para_d_4655.xml"
"dríl2","para_d_4656.xml"
"dripwud","para_d_4657.xml"
"drísing rum","para_d_4658.xml"
"drísir","para_d_4659.xml"
"drismíking","para_d_4660.xml"
"drisrihirsal","para_d_4661.xml"
"dristukil","para_d_4662.xml"
"drú","para_d_4663.xml"
"drúwing","para_d_4664.xml"
"drúwir","para_d_4665.xml"
"du","para_d_4666.xml"
"dù","para_d_4667.xml"
"duas","para_d_4668.xml"
"dúaw","para_d_4669.xml"
"dúay","para_d_4670.xml"
"duay-ay","para_d_4671.xml"
"dubdub","para_d_4672.xml"
"dubla","para_d_4673.xml"
"dubli","para_d_4674.xml"
"dubudúbu","para_d_4675.xml"
"dubuk","para_d_4676.xml"
"dúbul","para_d_4677.xml"
"dúbun","para_d_4678.xml"
"dúda","para_d_4679.xml"
"dudhu","para_d_4680.xml"
"dùdù","para_d_4681.xml"
"dúdung","para_d_4682.xml"
"dudúsu","para_d_4683.xml"
"dū́g","para_d_4684.xml"
"dugà, dúgà","para_d_4685.xml"
"dug-ab","para_d_4686.xml"
"dugámis","para_d_4687.xml"
"dúgang","para_d_4688.xml"
"dugap","para_d_4689.xml"
"dúgay","para_d_4690.xml"
"dugbak","para_d_4691.xml"
"dugdug","para_d_4692.xml"
"dughan","para_d_4693.xml"
"dughang","para_d_4694.xml"
"dughit","para_d_4695.xml"
"dughù1","para_d_4696.xml"
"dughù2","para_d_4697.xml"
"dugkal","para_d_4698.xml"
"dugmak","para_d_4699.xml"
"dugmil","para_d_4700.xml"
"dugmù1","para_d_4701.xml"
"dugmù2","para_d_4702.xml"
"dugmuk","para_d_4703.xml"
"dugmun","para_d_4704.xml"
"dugnas","para_d_4705.xml"
"dug payit","para_d_4706.xml"
"dugsak","para_d_4707.xml"
"dugsang","para_d_4708.xml"
"dugsib","para_d_4709.xml"
"dugsù","para_d_4710.xml"
"dugtà","para_d_4711.xml"
"dugtung","para_d_4712.xml"
"dugù","para_d_4713.xml"
"dúguk","para_d_4714.xml"
"dúgung","para_d_4715.xml"
"dugus","para_d_4716.xml"
"dugwà","para_d_4717.xml"
"dugwat","para_d_4718.xml"
"duha","para_d_4719.xml"
"duhadúha","para_d_4720.xml"
"duhal","para_d_4721.xml"
"duháwit","para_d_4722.xml"
"dúhig","para_d_4723.xml"
"duhiras","para_d_4724.xml"
"duhiraw","para_d_4725.xml"
"dúhul","para_d_4726.xml"
"dū́k","para_d_4727.xml"
"dukà","para_d_4728.xml"
"dukandukan","para_d_4729.xml"
"dukduk1","para_d_4730.xml"
"dukduk2","para_d_4731.xml"
"dúki","para_d_4732.xml"
"dukìdukì, dukìdúkì","para_d_4733.xml"
"dukiruk","para_d_4734.xml"
"dukísa","para_d_4735.xml"
"dukla, duklà","para_d_4736.xml"
"duklap","para_d_4737.xml"
"duktrína","para_d_4738.xml"
"duktur","para_d_4739.xml"
"duktúra","para_d_4740.xml"
"dukù","para_d_4741.xml"
"dukul","para_d_4742.xml"
"dukumintu","para_d_4743.xml"
"dukung","para_d_4744.xml"
"dukut","para_d_4745.xml"
"dula","para_d_4746.xml"
"dúlà","para_d_4747.xml"
"dulámug","para_d_4748.xml"
"dúlang","para_d_4749.xml"
"dular1","para_d_4750.xml"
"dular2, dúlar","para_d_4751.xml"
"dulaw","para_d_4752.xml"
"*dúlaw","para_d_4753.xml"
"dul-ay","para_d_4754.xml"
"duldug","para_d_4755.xml"
"duldul","para_d_4756.xml"
"dulhug","para_d_4757.xml"
"duling","para_d_4758.xml"
"dulipanus","para_d_4759.xml"
"dul-it","para_d_4760.xml"
"duliyar","para_d_4761.xml"
"dulsi","para_d_4762.xml"
"dul-u","para_d_4763.xml"
"dulug","para_d_4764.xml"
"dul-ug","para_d_4765.xml"
"dúluk","para_d_4766.xml"
"dulum","para_d_4767.xml"
"dulun","para_d_4768.xml"
"dúlun","para_d_4769.xml"
"dulúnà","para_d_4770.xml"
"dúlung","para_d_4771.xml"
"dul-ung","para_d_4772.xml"
"dulurúsa","para_d_4773.xml"
"dulurúsu","para_d_4774.xml"
"dulut","para_d_4775.xml"
"dúlut","para_d_4776.xml"
"dulyum","para_d_4777.xml"
"dúm","para_d_4778.xml"
"dúma","para_d_4779.xml"
"dumágat","para_d_4780.xml"
"dumagsà","para_d_4781.xml"
"dumála","para_d_4782.xml"
"dumalága","para_d_4783.xml"
"dumálig","para_d_4784.xml"
"dumaligyut","para_d_4785.xml"
"dumánu","para_d_4786.xml"
"dumar","para_d_4787.xml"
"dumay","para_d_4788.xml"
"dumbay","para_d_4789.xml"
"dumbul","para_d_4790.xml"
"dumdum","para_d_4791.xml"
"dumílì","para_d_4792.xml"
"duminar","para_d_4793.xml"
"Duminggu","para_d_4794.xml"
"duminu","para_d_4795.xml"
"dumísing","para_d_4796.xml"
"dumistik sáyans","para_d_4797.xml"
"dumpaug","para_d_4798.xml"
"dumpil","para_d_4799.xml"
"dumpu, dumpul","para_d_4800.xml"
"dúmug1","para_d_4801.xml"
"dúmug2","para_d_4802.xml"
"dum-ug","para_d_4803.xml"
"dúmul","para_d_4804.xml"
"dumut","para_d_4805.xml"
"dumyang","para_d_4806.xml"
"dun1","para_d_4807.xml"
"dun2","para_d_4808.xml"
"dún","para_d_4809.xml"
"dúna","para_d_4810.xml"
"dun-ag1","para_d_4811.xml"
"dun-ag2","para_d_4812.xml"
"dunar1","para_d_4813.xml"
"dunar2","para_d_4814.xml"
"dunasiyun","para_d_4815.xml"
"dúnat","para_d_4816.xml"
"dunat intir","para_d_4817.xml"
"*dundi","para_d_4818.xml"
"dundun1","para_d_4819.xml"
"dundun2","para_d_4820.xml"
"dundúnay","para_d_4821.xml"
"dung","para_d_4822.xml"
"dúng","para_d_4823.xml"
"dúngag","para_d_4824.xml"
"dung-ag","para_d_4825.xml"
"dungálig","para_d_4826.xml"
"dúngan","para_d_4827.xml"
"dungandúngan","para_d_4828.xml"
"dungas","para_d_4829.xml"
"dúngaw","para_d_4830.xml"
"dung-aw","para_d_4831.xml"
"dungáwug","para_d_4832.xml"
"dungdung1","para_d_4833.xml"
"dungdung2","para_d_4834.xml"
"dunggab","para_d_4835.xml"
"dunggan","para_d_4836.xml"
"dunggù","para_d_4837.xml"
"dunggut","para_d_4838.xml"
"dunghay","para_d_4839.xml"
"dungilù","para_d_4840.xml"
"dungkà1","para_d_4841.xml"
"dungkà2","para_d_4842.xml"
"dungkul","para_d_4843.xml"
"dungluy","para_d_4844.xml"
"dungpul","para_d_4845.xml"
"dungsul","para_d_4846.xml"
"dungù","para_d_4847.xml"
"dungug","para_d_4848.xml"
"dúnguk","para_d_4849.xml"
"dúnguy","para_d_4850.xml"
"dunluk1","para_d_4851.xml"
"dunluk2","para_d_4852.xml"
"dunsal","para_d_4853.xml"
"dunsilya","para_d_4854.xml"
"dunsul","para_d_4855.xml"
"dúnul","para_d_4856.xml"
"dúnut","para_d_4857.xml"
"dunya","para_d_4858.xml"
"dunyang","para_d_4859.xml"
"dupa","para_d_4860.xml"
"dup-ádik","para_d_4861.xml"
"dupang","para_d_4862.xml"
"duplikádu","para_d_4863.xml"
"duplikit","para_d_4864.xml"
"dupung","para_d_4865.xml"
"duput","para_d_4866.xml"
"durabli","para_d_4867.xml"
"durádu","para_d_4868.xml"
"duranti","para_d_4869.xml"
"durar1","para_d_4870.xml"
"durar2","para_d_4871.xml"
"duraw","para_d_4872.xml"
"durbil","para_d_4873.xml"
"durmilúna","para_d_4874.xml"
"durmituryána","para_d_4875.xml"
"durmituryu","para_d_4876.xml"
"*dúru1","para_d_4877.xml"
"dúru2","para_d_4878.xml"
"dúrug","para_d_4879.xml"
"duruha","para_d_4880.xml"
"duruk1","para_d_4881.xml"
"duruk2","para_d_4882.xml"
"dúrul","para_d_4883.xml"
"duryan","para_d_4884.xml"
"dus","para_d_4885.xml"
"dusáus, dusáhus, dusáwus","para_d_4886.xml"
"dusdus","para_d_4887.xml"
"dúsi","para_d_4888.xml"
"dusib","para_d_4889.xml"
"dusil","para_d_4890.xml"
"dusína","para_d_4891.xml"
"*dusíngut","para_d_4892.xml"
"dusipil","para_d_4893.xml"
"duslak","para_d_4894.xml"
"duslib","para_d_4895.xml"
"duslit","para_d_4896.xml"
"duslug","para_d_4897.xml"
"dusmù","para_d_4898.xml"
"dusmug","para_d_4899.xml"
"dusù","para_d_4900.xml"
"dusud","para_d_4901.xml"
"dus-ug","para_d_4902.xml"
"dusul","para_d_4903.xml"
"dút","para_d_4904.xml"
"dútà","para_d_4905.xml"
"dutdut","para_d_4906.xml"
"dutù","para_d_4907.xml"
"dut-uy","para_d_4908.xml"
"dúug","para_d_4909.xml"
"duugduug","para_d_4910.xml"
"duuk, dúuk","para_d_4911.xml"
"dúul1","para_d_4912.xml"
"dúul2","para_d_4913.xml"
"duum","para_d_4914.xml"
"duun","para_d_4915.xml"
"dúung","para_d_4916.xml"
"duut","para_d_4917.xml"
"duwa-","para_d_4918.xml"
"duwahug","para_d_4919.xml"
"duwáhut","para_d_4920.xml"
"dúwal","para_d_4921.xml"
"duwílu","para_d_4922.xml"
"dúwit","para_d_4923.xml"
"duy","para_d_4924.xml"
"dúy","para_d_4925.xml"
"duyà","para_d_4926.xml"
"dúyan","para_d_4927.xml"
"duyas","para_d_4928.xml"
"duyduy","para_d_4929.xml"
"duydúy","para_d_4930.xml"
"dúyug","para_d_4931.xml"
"duyum, dúyum","para_d_4932.xml"
"dúyung","para_d_4933.xml"
"dwindi","para_d_4934.xml"
"dwítu","para_d_4935.xml"
"dy-","para_d_4936.xml"
"dya-","para_d_4937.xml"
"dyà","para_d_4938.xml"
"dyáb","para_d_4939.xml"
"dyába","para_d_4940.xml"
"dyablis","para_d_4941.xml"
"dyáds","para_d_4942.xml"
"dyadyis","para_d_4943.xml"
"dyag","para_d_4944.xml"
"dyag-aw","para_d_4945.xml"
"dyáging","para_d_4946.xml"
"dyak","para_d_4947.xml"
"dyáki","para_d_4948.xml"
"dyakimpuy, dyakinpuy","para_d_4949.xml"
"dyákit","para_d_4950.xml"
"dyakpat","para_d_4951.xml"
"dyakstun","para_d_4952.xml"
"dyalusi","para_d_4953.xml"
"dyam","para_d_4954.xml"
"dyambul","para_d_4955.xml"
"dyamburi","para_d_4956.xml"
"dyáming","para_d_4957.xml"
"dyamp daspáyin","para_d_4958.xml"
"dyamp dispáyin","para_d_4959.xml"
"dyampingkuy","para_d_4960.xml"
"dyampir","para_d_4961.xml"
"dyamsisyun","para_d_4962.xml"
"dyamu","para_d_4963.xml"
"dyamuntris","para_d_4964.xml"
"dyanà","para_d_4965.xml"
"dyandi","para_d_4966.xml"
"dyángk","para_d_4967.xml"
"dyangkimpuy","para_d_4968.xml"
"dyanitur","para_d_4969.xml"
"*dyapan","para_d_4970.xml"
"dyapinis","para_d_4971.xml"
"dyár","para_d_4972.xml"
"dyás","para_d_4973.xml"
"dyaski","para_d_4974.xml"
"dyatilis","para_d_4975.xml"
"dyíd","para_d_4976.xml"
"dyikni","para_d_4977.xml"
"dyiktin","para_d_4978.xml"
"dyíli","para_d_4979.xml"
"dyilirul","para_d_4980.xml"
"dyilusi","para_d_4981.xml"
"dyím","para_d_4982.xml"
"dyimnastiks","para_d_4983.xml"
"dyimnasyum","para_d_4984.xml"
"*dyiniral","para_d_4985.xml"
"dyíns","para_d_4986.xml"
"dyintul man","para_d_4987.xml"
"dyinuwin","para_d_4988.xml"
"dyíp","para_d_4989.xml"
"dyipni","para_d_4990.xml"
"dyip-ut","para_d_4991.xml"
"dyirk","para_d_4992.xml"
"dyirman kat","para_d_4993.xml"
"dyirsi","para_d_4994.xml"
"dyíru","para_d_4995.xml"
"dyís1","para_d_4996.xml"
"dyís2","para_d_4997.xml"
"dyisinuybi","para_d_4998.xml"
"dyismus","para_d_4999.xml"
"dyít","para_d_5000.xml"
"dyitplin","para_d_5001.xml"
"dyíwil","para_d_5002.xml"
"dyúbus","para_d_5003.xml"
"dyuditsu","para_d_5004.xml"
"dyúdu","para_d_5005.xml"
"dyúk","para_d_5006.xml"
"dyukbaks","para_d_5007.xml"
"dyúkir","para_d_5008.xml"
"dyúlin","para_d_5009.xml"
"Dyún","para_d_5010.xml"
"dyunbráyid","para_d_5011.xml"
"dyunsun","para_d_5012.xml"
"dyunyur","para_d_5013.xml"
"dyús","para_d_5014.xml"
"dyúti","para_d_5015.xml"
"dyúwil","para_d_5016.xml"
"dyúwit","para_d_5017.xml"
"dyuy rayding","para_d_5018.xml"
"G.","para_g_5019.xml"
"-g-","para_g_5020.xml"
"ga","para_g_5021.xml"
"ga-","para_g_5022.xml"
"gā́","para_g_5023.xml"
"gà1","para_g_5024.xml"
"gà2","para_g_5025.xml"
"gâ","para_g_5026.xml"
"gáab","para_g_5027.xml"
"gaak","para_g_5028.xml"
"gaan","para_g_5029.xml"
"gáang","para_g_5030.xml"
"gáay","para_g_5031.xml"
"gáb1","para_g_5032.xml"
"gáb2","para_g_5033.xml"
"gábà","para_g_5034.xml"
"gaban","para_g_5035.xml"
"gabang","para_g_5036.xml"
"gabardin","para_g_5037.xml"
"gabas1","para_g_5038.xml"
"gabas2","para_g_5039.xml"
"gábas","para_g_5040.xml"
"gábat","para_g_5041.xml"
"gabay","para_g_5042.xml"
"gabhang","para_g_5043.xml"
"gabhut","para_g_5044.xml"
"gábi","para_g_5045.xml"
"gabíi","para_g_5046.xml"
"gabing1","para_g_5047.xml"
"gabiníti","para_g_5048.xml"
"gabling","para_g_5049.xml"
"gabnut","para_g_5050.xml"
"gabù, gábù1","para_g_5051.xml"
"gábù2","para_g_5052.xml"
"gabuk1","para_g_5053.xml"
"gabuk2","para_g_5054.xml"
"gab-ul","para_g_5055.xml"
"gabun1","para_g_5056.xml"
"gabun2, gábun1","para_g_5057.xml"
"gábun2","para_g_5058.xml"
"gábut","para_g_5059.xml"
"gádim","para_g_5060.xml"
"gadímit","para_g_5061.xml"
"gadlas","para_g_5062.xml"
"gága","para_g_5063.xml"
"gagmáting","para_g_5064.xml"
"gagmátuy","para_g_5065.xml"
"gagmay","para_g_5066.xml"
"gagming","para_g_5067.xml"
"gagmítuy","para_g_5068.xml"
"gágu","para_g_5069.xml"
"gaguy","para_g_5070.xml"
"gáhab","para_g_5071.xml"
"gahad","para_g_5072.xml"
"gahápun","para_g_5073.xml"
"gahas, gáhas1","para_g_5074.xml"
"gáhas2","para_g_5075.xml"
"gáhì","para_g_5076.xml"
"gahid","para_g_5077.xml"
"gahin","para_g_5078.xml"
"gahit1, gáhit","para_g_5079.xml"
"*gahit2","para_g_5080.xml"
"gáhù","para_g_5081.xml"
"gáhub","para_g_5082.xml"
"gahuk","para_g_5083.xml"
"gahum","para_g_5084.xml"
"gáhung","para_g_5085.xml"
"gahut","para_g_5086.xml"
"gáid","para_g_5087.xml"
"gáka","para_g_5088.xml"
"gak-ang","para_g_5089.xml"
"gákit","para_g_5090.xml"
"gakud","para_g_5091.xml"
"gakus","para_g_5092.xml"
"gakut","para_g_5093.xml"
"gákut","para_g_5094.xml"
"gála1","para_g_5095.xml"
"gála2","para_g_5096.xml"
"galà","para_g_5097.xml"
"galab, gálab","para_g_5098.xml"
"galam","para_g_5099.xml"
"*gálam hi-/ha-","para_g_5100.xml"
"galangan","para_g_5101.xml"
"galansíyang","para_g_5102.xml"
"galanti","para_g_5103.xml"
"galas, gálas","para_g_5104.xml"
"galaw","para_g_5105.xml"
"galawgaw","para_g_5106.xml"
"gálay","para_g_5107.xml"
"galbanisádu","para_g_5108.xml"
"galgal","para_g_5109.xml"
"galhà","para_g_5110.xml"
"galhab","para_g_5111.xml"
"gálì","para_g_5112.xml"
"galihíra","para_g_5113.xml"
"galing","para_g_5114.xml"
"gáling1","para_g_5115.xml"
"gáling2","para_g_5116.xml"
"galiríya","para_g_5117.xml"
"galmù","para_g_5118.xml"
"galù1","para_g_5119.xml"
"galù2","para_g_5120.xml"
"galun1","para_g_5121.xml"
"galun2","para_g_5122.xml"
"gálung","para_g_5123.xml"
"galusgálus","para_g_5124.xml"
"galut1","para_g_5125.xml"
"galut2","para_g_5126.xml"
"galyíra, galyirahan","para_g_5127.xml"
"galyíta, galyítas","para_g_5128.xml"
"galyu","para_g_5129.xml"
"*gam babul —","para_g_5130.xml"
"gám","para_g_5131.xml"
"gamà","para_g_5132.xml"
"gámà","para_g_5133.xml"
"gámat","para_g_5134.xml"
"gamáting","para_g_5135.xml"
"gamátuy","para_g_5136.xml"
"gámaw","para_g_5137.xml"
"gamay","para_g_5138.xml"
"gambálay","para_g_5139.xml"
"gambat","para_g_5140.xml"
"gaming","para_g_5141.xml"
"gaminggaming","para_g_5142.xml"
"gámit","para_g_5143.xml"
"gamíting","para_g_5144.xml"
"gamítuy","para_g_5145.xml"
"gamlù","para_g_5146.xml"
"gamu","para_g_5147.xml"
"gamù","para_g_5148.xml"
"gam-ul","para_g_5149.xml"
"gamus","para_g_5150.xml"
"gamúsa","para_g_5151.xml"
"gamut","para_g_5152.xml"
"gána","para_g_5153.xml"
"ganà","para_g_5154.xml"
"ganansiya","para_g_5155.xml"
"ganas","para_g_5156.xml"
"gánas","para_g_5157.xml"
"gánay1","para_g_5158.xml"
"gánay2","para_g_5159.xml"
"ganda","para_g_5160.xml"
"gáng","para_g_5161.xml"
"gangad","para_g_5162.xml"
"gángan","para_g_5163.xml"
"gangay","para_g_5164.xml"
"ganggang","para_g_5165.xml"
"ganggáng","para_g_5166.xml"
"ganggrína","para_g_5167.xml"
"ganghà","para_g_5168.xml"
"gangì","para_g_5169.xml"
"gángì","para_g_5170.xml"
"gangis","para_g_5171.xml"
"gángis","para_g_5172.xml"
"gangkap","para_g_5173.xml"
"gangkay","para_g_5174.xml"
"gangking","para_g_5175.xml"
"gangrína","para_g_5176.xml"
"gangsà","para_g_5177.xml"
"gángu1","para_g_5178.xml"
"gángu2","para_g_5179.xml"
"gangù","para_g_5180.xml"
"gangut1","para_g_5181.xml"
"gangut2","para_g_5182.xml"
"gángut","para_g_5183.xml"
"gánì","para_g_5184.xml"
"gánid1","para_g_5185.xml"
"gánid2","para_g_5186.xml"
"ganíha","para_g_5187.xml"
"ganína","para_g_5188.xml"
"gánir","para_g_5189.xml"
"gansà","para_g_5190.xml"
"gansal","para_g_5191.xml"
"*gansang","para_g_5192.xml"
"gansilyu","para_g_5193.xml"
"gansíyang","para_g_5194.xml"
"gansu","para_g_5195.xml"
"gansung","para_g_5196.xml"
"ganta","para_g_5197.xml"
"*gantaaw","para_g_5198.xml"
"gantang","para_g_5199.xml"
"ganti","para_g_5200.xml"
"ganting","para_g_5201.xml"
"gantsilyu","para_g_5202.xml"
"gantun","para_g_5203.xml"
"gantuung","para_g_5204.xml"
"ganus-a","para_g_5205.xml"
"gánut","para_g_5206.xml"
"gánuy","para_g_5207.xml"
"gap-ak","para_g_5208.xml"
"gapang","para_g_5209.xml"
"gápas","para_g_5210.xml"
"gápì1","para_g_5211.xml"
"gápì2","para_g_5212.xml"
"gápin","para_g_5213.xml"
"gapnud","para_g_5214.xml"
"gapù","para_g_5215.xml"
"gapud1","para_g_5216.xml"
"gapud2","para_g_5217.xml"
"gapud3, gápud","para_g_5218.xml"
"gapugapu","para_g_5219.xml"
"gápung","para_g_5220.xml"
"gápus","para_g_5221.xml"
"gárà","para_g_5222.xml"
"gárab","para_g_5223.xml"
"garába","para_g_5224.xml"
"garábi","para_g_5225.xml"
"garábu","para_g_5226.xml"
"garáhi","para_g_5227.xml"
"garakgarak","para_g_5228.xml"
"garal","para_g_5229.xml"
"garamal","para_g_5230.xml"
"garan, gáran","para_g_5231.xml"
"garang, gárang","para_g_5232.xml"
"garanggarang","para_g_5233.xml"
"garanil1","para_g_5234.xml"
"garanil2","para_g_5235.xml"
"garantisádu","para_g_5236.xml"
"garantíya","para_g_5237.xml"
"garápa","para_g_5238.xml"
"garapinyíra","para_g_5239.xml"
"garapun","para_g_5240.xml"
"garas","para_g_5241.xml"
"gáray","para_g_5242.xml"
"garbansus, garbantus","para_g_5243.xml"
"garbu","para_g_5244.xml"
"gardába","para_g_5245.xml"
"gardin","para_g_5246.xml"
"gardiyan","para_g_5247.xml"
"gáring","para_g_5248.xml"
"garípu","para_g_5249.xml"
"garisun","para_g_5250.xml"
"garmint bag","para_g_5251.xml"
"garnalda","para_g_5252.xml"
"garnáti1","para_g_5253.xml"
"garnáti2","para_g_5254.xml"
"gartir","para_g_5255.xml"
"garù","para_g_5256.xml"
"garud","para_g_5257.xml"
"garus","para_g_5258.xml"
"garúti","para_g_5259.xml"
"gás","para_g_5260.xml"
"gása1","para_g_5261.xml"
"gása2","para_g_5262.xml"
"gasang","para_g_5263.xml"
"gásang","para_g_5264.xml"
"gásap","para_g_5265.xml"
"gasbut","para_g_5266.xml"
"gasgas","para_g_5267.xml"
"gaskit","para_g_5268.xml"
"gaslì1","para_g_5269.xml"
"gaslì2, gasling","para_g_5270.xml"
"gas mask","para_g_5271.xml"
"gaspang","para_g_5272.xml"
"gaspin","para_g_5273.xml"
"gastádu","para_g_5274.xml"
"gastadur","para_g_5275.xml"
"gasti","para_g_5276.xml"
"gastruintiraytis","para_g_5277.xml"
"gastu","para_g_5278.xml"
"gastub","para_g_5279.xml"
"gasulína","para_g_5280.xml"
"gatà","para_g_5281.xml"
"gátal","para_g_5282.xml"
"gatang, gátang","para_g_5283.xml"
"gátas","para_g_5284.xml"
"gátaw","para_g_5285.xml"
"gatilyu","para_g_5286.xml"
"gátu1","para_g_5287.xml"
"gátu2","para_g_5288.xml"
"gátud","para_g_5289.xml"
"gátung","para_g_5290.xml"
"gatus","para_g_5291.xml"
"gaud1","para_g_5292.xml"
"gaud2, gáud","para_g_5293.xml"
"gaugáu","para_g_5294.xml"
"gáung","para_g_5295.xml"
"gáuy","para_g_5296.xml"
"gáw","para_g_5297.xml"
"*gáwad1","para_g_5298.xml"
"gáwad2","para_g_5299.xml"
"gawal, gáwal","para_g_5300.xml"
"gawang","para_g_5301.xml"
"gawas","para_g_5302.xml"
"gaway","para_g_5303.xml"
"gawaygáway","para_g_5304.xml"
"gawgaw","para_g_5305.xml"
"gáwì","para_g_5306.xml"
"gawù","para_g_5307.xml"
"gā́y","para_g_5308.xml"
"gayang","para_g_5309.xml"
"gayhab","para_g_5310.xml"
"gáyì","para_g_5311.xml"
"gáyid","para_g_5312.xml"
"gayud","para_g_5313.xml"
"gayúma","para_g_5314.xml"
"gayun","para_g_5315.xml"
"gáyun","para_g_5316.xml"
"gáyung","para_g_5317.xml"
"gay-ut","para_g_5318.xml"
"gi, gí","para_g_5319.xml"
"gi-","para_g_5320.xml"
"gíak","para_g_5321.xml"
"gi-an","para_g_5322.xml"
"gib-an tik","para_g_5323.xml"
"gíbang","para_g_5324.xml"
"gibhang","para_g_5325.xml"
"giblang","para_g_5326.xml"
"gidlak","para_g_5327.xml"
"*gidlay","para_g_5328.xml"
"gigming","para_g_5329.xml"
"gigulu","para_g_5330.xml"
"gihang","para_g_5331.xml"
"gihápun","para_g_5332.xml"
"gihay","para_g_5333.xml"
"gihì","para_g_5334.xml"
"gíhu","para_g_5335.xml"
"gika-","para_g_5336.xml"
"gíkan","para_g_5337.xml"
"gílak","para_g_5338.xml"
"gilang","para_g_5339.xml"
"gil-as","para_g_5340.xml"
"gílaw","para_g_5341.xml"
"gilay","para_g_5342.xml"
"gilayun","para_g_5343.xml"
"gilhang","para_g_5344.xml"
"gílis","para_g_5345.xml"
"gilit","para_g_5346.xml"
"gil-it","para_g_5347.xml"
"gil-ud","para_g_5348.xml"
"giluk","para_g_5349.xml"
"gím","para_g_5350.xml"
"gimat1","para_g_5351.xml"
"gimat2","para_g_5352.xml"
"gímaw","para_g_5353.xml"
"gim-aw","para_g_5354.xml"
"giming","para_g_5355.xml"
"gímuk","para_g_5356.xml"
"gim-ut","para_g_5357.xml"
"gina-","para_g_5358.xml"
"gina-an","para_g_5359.xml"
"ginábut","para_g_5360.xml"
"ginahapun","para_g_5361.xml"
"Gínang","para_g_5362.xml"
"ginansiya","para_g_5363.xml"
"gínga","para_g_5364.xml"
"gingà","para_g_5365.xml"
"gingging1","para_g_5366.xml"
"gingging2","para_g_5367.xml"
"ginggun","para_g_5368.xml"
"gingì","para_g_5369.xml"
"ginhápun","para_g_5370.xml"
"ginháwa","para_g_5371.xml"
"Gíning","para_g_5372.xml"
"gínit","para_g_5373.xml"
"ginlaw","para_g_5374.xml"
"ginsud","para_g_5375.xml"
"ginta","para_g_5376.xml"
"gintang","para_g_5377.xml"
"ginting","para_g_5378.xml"
"gin-u","para_g_5379.xml"
"ginuk","para_g_5380.xml"
"gin-ut","para_g_5381.xml"
"ginúu","para_g_5382.xml"
"gíp","para_g_5383.xml"
"gipak","para_g_5384.xml"
"gipakig-an","para_g_5385.xml"
"gipang","para_g_5386.xml"
"giping","para_g_5387.xml"
"giprap","para_g_5388.xml"
"giplud, gípud","para_g_5389.xml"
"gípung","para_g_5390.xml"
"gip-ut","para_g_5391.xml"
"gíra","para_g_5392.xml"
"giráwut","para_g_5393.xml"
"girdul","para_g_5394.xml"
"girilya","para_g_5395.xml"
"giring","para_g_5396.xml"
"girípu","para_g_5397.xml"
"giríra","para_g_5398.xml"
"girnalda","para_g_5399.xml"
"gisa, gisal","para_g_5400.xml"
"gisantis","para_g_5401.xml"
"gisaw","para_g_5402.xml"
"gísì","para_g_5403.xml"
"gísing1","para_g_5404.xml"
"gísing2","para_g_5405.xml"
"gislang","para_g_5406.xml"
"gisnga","para_g_5407.xml"
"gist","para_g_5408.xml"
"gísu","para_g_5409.xml"
"gísuk","para_g_5410.xml"
"gísung","para_g_5411.xml"
"giswid","para_g_5412.xml"
"gít","para_g_5413.xml"
"gitára","para_g_5414.xml"
"gitgit1","para_g_5415.xml"
"gitgit2","para_g_5416.xml"
"gitì","para_g_5417.xml"
"gítib","para_g_5418.xml"
"gítik","para_g_5419.xml"
"gitinggiting","para_g_5420.xml"
"gitlì","para_g_5421.xml"
"gitlib","para_g_5422.xml"
"gitpas","para_g_5423.xml"
"gitugitu","para_g_5424.xml"
"gítung","para_g_5425.xml"
"giuk, gíuk","para_g_5426.xml"
"gíut","para_g_5427.xml"
"giwang","para_g_5428.xml"
"giwánun","para_g_5429.xml"
"giwatay","para_g_5430.xml"
"gíwit","para_g_5431.xml"
"gíya","para_g_5432.xml"
"giyan","para_g_5433.xml"
"gíyaw","para_g_5434.xml"
"gláb","para_g_5435.xml"
"gladiyúla","para_g_5436.xml"
"glú","para_g_5437.xml"
"glurya","para_g_5438.xml"
"gluryúsu","para_g_5439.xml"
"Gn.","para_g_5440.xml"
"Gng.","para_g_5441.xml"
"grába","para_g_5442.xml"
"grabansus","para_g_5443.xml"
"grábi","para_g_5444.xml"
"grádu","para_g_5445.xml"
"graduwar","para_g_5446.xml"
"graduwit","para_g_5447.xml"
"gráhi","para_g_5448.xml"
"gramatika","para_g_5449.xml"
"grámu","para_g_5450.xml"
"grámus","para_g_5451.xml"
"grána","para_g_5452.xml"
"granáda","para_g_5453.xml"
"granáti1","para_g_5454.xml"
"granáti2","para_g_5455.xml"
"grandi","para_g_5456.xml"
"granil","para_g_5457.xml"
"graníti","para_g_5458.xml"
"granstan","para_g_5459.xml"
"gránu","para_g_5460.xml"
"grap1","para_g_5461.xml"
"grap2","para_g_5462.xml"
"grap3","para_g_5463.xml"
"grápa","para_g_5464.xml"
"grapinyíra","para_g_5465.xml"
"grapupunu","para_g_5466.xml"
"grása","para_g_5467.xml"
"grasya","para_g_5468.xml"
"grasyáda","para_g_5469.xml"
"grasyas","para_g_5470.xml"
"grasyúsa","para_g_5471.xml"
"grasyúsu","para_g_5472.xml"
"grátis","para_g_5473.xml"
"grawundid","para_g_5474.xml"
"gráwun1","para_g_5475.xml"
"gráwun2","para_g_5476.xml"
"gríd","para_g_5477.xml"
"grídir","para_g_5478.xml"
"grín","para_g_5479.xml"
"gríps","para_g_5480.xml"
"grípu","para_g_5481.xml"
"gris, grís","para_g_5482.xml"
"grispul","para_g_5483.xml"
"grumíti","para_g_5484.xml"
"grúpu","para_g_5485.xml"
"grusiri","para_g_5486.xml"
"grusiríya","para_g_5487.xml"
"grútu","para_g_5488.xml"
"gu","para_g_5489.xml"
"gú","para_g_5490.xml"
"guang","para_g_5491.xml"
"gub.","para_g_5492.xml"
"gúb","para_g_5493.xml"
"guba","para_g_5494.xml"
"gubà","para_g_5495.xml"
"gubàgubà","para_g_5496.xml"
"gubana","para_g_5497.xml"
"gúbat","para_g_5498.xml"
"gubhay","para_g_5499.xml"
"gubin","para_g_5500.xml"
"gubirnadur","para_g_5501.xml"
"gubirnu","para_g_5502.xml"
"gubirnur","para_g_5503.xml"
"gúbuk","para_g_5504.xml"
"gúbul","para_g_5505.xml"
"gubut","para_g_5506.xml"
"gubyirnu","para_g_5507.xml"
"gud1","para_g_5508.xml"
"*gud2","para_g_5509.xml"
"gugma","para_g_5510.xml"
"gúgu","para_g_5511.xml"
"gugul, gúgul1","para_g_5512.xml"
"gúgul2","para_g_5513.xml"
"gúgul3, guguls","para_g_5514.xml"
"guhà","para_g_5515.xml"
"guhab, gúhab","para_g_5516.xml"
"guhang1, gúhang","para_g_5517.xml"
"guhang2","para_g_5518.xml"
"guhay","para_g_5519.xml"
"gúhit","para_g_5520.xml"
"gúhù","para_g_5521.xml"
"guitguit","para_g_5522.xml"
"gukam","para_g_5523.xml"
"gukan","para_g_5524.xml"
"gúkang","para_g_5525.xml"
"guknat","para_g_5526.xml"
"gukù","para_g_5527.xml"
"gukud, gúkud","para_g_5528.xml"
"guk-ung","para_g_5529.xml"
"gúl","para_g_5530.xml"
"gúla","para_g_5531.xml"
"gulà","para_g_5532.xml"
"*gúlà ka-","para_g_5533.xml"
"gulam","para_g_5534.xml"
"gulaman, guláman","para_g_5535.xml"
"gúlang","para_g_5536.xml"
"gulasíman","para_g_5537.xml"
"*gúlat","para_g_5538.xml"
"guldígir","para_g_5539.xml"
"guldin syáwir","para_g_5540.xml"
"gulgul","para_g_5541.xml"
"gulhab1","para_g_5542.xml"
"gulhab2","para_g_5543.xml"
"gulhù","para_g_5544.xml"
"gúli","para_g_5545.xml"
"gulímuk","para_g_5546.xml"
"gúlis","para_g_5547.xml"
"*gulíyang ka-","para_g_5548.xml"
"gulpi","para_g_5549.xml"
"gulub","para_g_5550.xml"
"gulubgulub","para_g_5551.xml"
"gulunggulung","para_g_5552.xml"
"gulut","para_g_5553.xml"
"gulwà","para_g_5554.xml"
"gúma","para_g_5555.xml"
"gumbul","para_g_5556.xml"
"gúmù","para_g_5557.xml"
"gumudgumud","para_g_5558.xml"
"gúmuk","para_g_5559.xml"
"gúmun","para_g_5560.xml"
"gumunhap","para_g_5561.xml"
"gum-us","para_g_5562.xml"
"gum-ut","para_g_5563.xml"
"gúna","para_g_5564.xml"
"gunà","para_g_5565.xml"
"gunas","para_g_5566.xml"
"gúnat","para_g_5567.xml"
"gunaw, gúnaw","para_g_5568.xml"
"gundyà","para_g_5569.xml"
"gúnga","para_g_5570.xml"
"gunggung1","para_g_5571.xml"
"gunggung2","para_g_5572.xml"
"gunggung3","para_g_5573.xml"
"gúngì","para_g_5574.xml"
"*gúngis","para_g_5575.xml"
"gúngut","para_g_5576.xml"
"gunhub","para_g_5577.xml"
"gúnit","para_g_5578.xml"
"gúns","para_g_5579.xml"
"gunstabulári","para_g_5580.xml"
"*gunsung","para_g_5581.xml"
"guntang","para_g_5582.xml"
"gunting","para_g_5583.xml"
"guntudguntud","para_g_5584.xml"
"gunù","para_g_5585.xml"
"gun-ub","para_g_5586.xml"
"gunuk","para_g_5587.xml"
"gunung","para_g_5588.xml"
"gunurya","para_g_5589.xml"
"gupak","para_g_5590.xml"
"gúpak","para_g_5591.xml"
"gupang","para_g_5592.xml"
"gúpuk","para_g_5593.xml"
"gupun","para_g_5594.xml"
"guput","para_g_5595.xml"
"gúra","para_g_5596.xml"
"gurámi","para_g_5597.xml"
"guratsa","para_g_5598.xml"
"gurayan","para_g_5599.xml"
"guray-ut","para_g_5600.xml"
"gurdu","para_g_5601.xml"
"gurùgurù","para_g_5602.xml"
"gurumíti","para_g_5603.xml"
"gurung","para_g_5604.xml"
"gurunggurung","para_g_5605.xml"
"*gúrut","para_g_5606.xml"
"gurutgurut","para_g_5607.xml"
"gúruy","para_g_5608.xml"
"guryun","para_g_5609.xml"
"gusa","para_g_5610.xml"
"gusà","para_g_5611.xml"
"gusab, gus-ab","para_g_5612.xml"
"gúsang","para_g_5613.xml"
"gusánu","para_g_5614.xml"
"gus-ap","para_g_5615.xml"
"gusar","para_g_5616.xml"
"gusaw","para_g_5617.xml"
"gusbat","para_g_5618.xml"
"gúsì","para_g_5619.xml"
"guslà","para_g_5620.xml"
"guslab","para_g_5621.xml"
"gusnik","para_g_5622.xml"
"gustu","para_g_5623.xml"
"gúsu","para_g_5624.xml"
"gusù","para_g_5625.xml"
"gúsud","para_g_5626.xml"
"gúsuk","para_g_5627.xml"
"gúsus","para_g_5628.xml"
"*gusúsu","para_g_5629.xml"
"gút","para_g_5630.xml"
"gutab","para_g_5631.xml"
"gutad","para_g_5632.xml"
"gutang","para_g_5633.xml"
"gútas","para_g_5634.xml"
"gutay","para_g_5635.xml"
"gutgut","para_g_5636.xml"
"gutì1","para_g_5637.xml"
"gutíba","para_g_5638.xml"
"gutlab","para_g_5639.xml"
"gutlì","para_g_5640.xml"
"gutling","para_g_5641.xml"
"gutlù","para_g_5642.xml"
"gutlub","para_g_5643.xml"
"gútù","para_g_5644.xml"
"gutub1","para_g_5645.xml"
"gutub2","para_g_5646.xml"
"gut-ub","para_g_5647.xml"
"gutubgutub1","para_g_5648.xml"
"gutubgutub2","para_g_5649.xml"
"gutuk","para_g_5650.xml"
"gutukgutuk2","para_g_5651.xml"
"gútum","para_g_5652.xml"
"gútus","para_g_5653.xml"
"gútut","para_g_5654.xml"
"gúud","para_g_5655.xml"
"guuk","para_g_5656.xml"
"guul","para_g_5657.xml"
"gúum","para_g_5658.xml"
"guun","para_g_5659.xml"
"guut","para_g_5660.xml"
"gúwa","para_g_5661.xml"
"gúwing","para_g_5662.xml"
"guyabana, guyabanu","para_g_5663.xml"
"guyam-ut","para_g_5664.xml"
"guy-ang","para_g_5665.xml"
"guyku","para_g_5666.xml"
"guyud","para_g_5667.xml"
"gúyud","para_g_5668.xml"
"guyuguyu","para_g_5669.xml"
"guyungguyung","para_g_5670.xml"
"gwabana","para_g_5671.xml"
"gwantis","para_g_5672.xml"
"gwánu","para_g_5673.xml"
"gwápa","para_g_5674.xml"
"gwapíta","para_g_5675.xml"
"gwapítu","para_g_5676.xml"
"gwápu","para_g_5677.xml"
"*gwarda","para_g_5678.xml"
"gwardiya","para_g_5679.xml"
"gwarnasiyun","para_g_5680.xml"
"gwarni","para_g_5681.xml"
"gwatsi","para_g_5682.xml"
"gwayabanu","para_g_5683.xml"
"gyíra","para_g_5684.xml"
"ha","para_h_5685.xml"
"ha-1","para_h_5686.xml"
"ha-2","para_h_5687.xml"
"háa","para_h_5688.xml"
"háb","para_h_5689.xml"
"hába","para_h_5690.xml"
"hábà","para_h_5691.xml"
"hábag","para_h_5692.xml"
"habágat","para_h_5693.xml"
"habáhab","para_h_5694.xml"
"habak, hábak1","para_h_5695.xml"
"hábak2","para_h_5696.xml"
"hábal","para_h_5697.xml"
"hábas1","para_h_5698.xml"
"hábas2","para_h_5699.xml"
"habasan","para_h_5700.xml"
"habásan","para_h_5701.xml"
"hábaw","para_h_5702.xml"
"habay","para_h_5703.xml"
"hábay","para_h_5704.xml"
"habhab","para_h_5705.xml"
"hábi","para_h_5706.xml"
"habig","para_h_5707.xml"
"habilhábil","para_h_5708.xml"
"habitsuylas","para_h_5709.xml"
"habluk","para_h_5710.xml"
"hablun","para_h_5711.xml"
"*hablus","para_h_5712.xml"
"habù","para_h_5713.xml"
"habubuyna","para_h_5714.xml"
"hábug","para_h_5715.xml"
"habuhábu","para_h_5716.xml"
"hábuk","para_h_5717.xml"
"habul1","para_h_5718.xml"
"habul2","para_h_5719.xml"
"hábul2","para_h_5720.xml"
"habun","para_h_5721.xml"
"habwà, habwas","para_h_5722.xml"
"habyug","para_h_5723.xml"
"hád","para_h_5724.xml"
"hadag","para_h_5725.xml"
"hadaw","para_h_5726.xml"
"hadígi","para_h_5727.xml"
"hadiyung","para_h_5728.xml"
"hadlà","para_h_5729.xml"
"hadluk","para_h_5730.xml"
"hádung","para_h_5731.xml"
"hadus","para_h_5732.xml"
"hág","para_h_5733.xml"
"hagà","para_h_5734.xml"
"hagabhab1","para_h_5735.xml"
"hagabhab2","para_h_5736.xml"
"hagad1","para_h_5737.xml"
"hagad2","para_h_5738.xml"
"hágad2","para_h_5739.xml"
"hagakhak","para_h_5740.xml"
"hagal","para_h_5741.xml"
"hágal","para_h_5742.xml"
"hagálam","para_h_5743.xml"
"hagalhal","para_h_5744.xml"
"hagánas","para_h_5745.xml"
"haganhágan","para_h_5746.xml"
"hágard","para_h_5747.xml"
"hagas","para_h_5748.xml"
"hag-as1","para_h_5749.xml"
"hag-as2","para_h_5750.xml"
"hagashas","para_h_5751.xml"
"hagawhaw","para_h_5752.xml"
"hagbà","para_h_5753.xml"
"hagbanan","para_h_5754.xml"
"hagbas","para_h_5755.xml"
"hagbay, hagbáya","para_h_5756.xml"
"hagbunan","para_h_5757.xml"
"hagbung","para_h_5758.xml"
"hagdan","para_h_5759.xml"
"hagdaw","para_h_5760.xml"
"haghag","para_h_5761.xml"
"hagid","para_h_5762.xml"
"hagikhik","para_h_5763.xml"
"hagílis","para_h_5764.xml"
"hagímit","para_h_5765.xml"
"hagip-ut","para_h_5766.xml"
"hágis","para_h_5767.xml"
"hágit","para_h_5768.xml"
"hagiyung, hagíyung","para_h_5769.xml"
"hagíyus","para_h_5770.xml"
"hagkik","para_h_5771.xml"
"hagkut","para_h_5772.xml"
"hagmang","para_h_5773.xml"
"hagmángun","para_h_5774.xml"
"hagmun","para_h_5775.xml"
"hagmuyù","para_h_5776.xml"
"hagnaw","para_h_5777.xml"
"hagnáya","para_h_5778.xml"
"hagpà","para_h_5779.xml"
"hagpak","para_h_5780.xml"
"hagpat","para_h_5781.xml"
"hagpik","para_h_5782.xml"
"hagpù","para_h_5783.xml"
"hagsà","para_h_5784.xml"
"hagsak","para_h_5785.xml"
"hagtak","para_h_5786.xml"
"hagtik","para_h_5787.xml"
"hagtub","para_h_5788.xml"
"hagtuk","para_h_5789.xml"
"hagtus","para_h_5790.xml"
"hagu","para_h_5791.xml"
"hágù","para_h_5792.xml"
"hagubhub","para_h_5793.xml"
"hágud","para_h_5794.xml"
"hagudilà","para_h_5795.xml"
"hagugma","para_h_5796.xml"
"háguk","para_h_5797.xml"
"hagukà","para_h_5798.xml"
"hagulhul","para_h_5799.xml"
"hagumáa","para_h_5800.xml"
"hagung, hágung","para_h_5801.xml"
"hagúnub","para_h_5802.xml"
"hagúnus","para_h_5803.xml"
"hagúnuy","para_h_5804.xml"
"hagupaas","para_h_5805.xml"
"hagupit","para_h_5806.xml"
"hagurilà","para_h_5807.xml"
"hagúrub","para_h_5808.xml"
"hagúrus","para_h_5809.xml"
"hagus","para_h_5810.xml"
"hágus","para_h_5811.xml"
"hagusáhis","para_h_5812.xml"
"hag-ut","para_h_5813.xml"
"haguyag","para_h_5814.xml"
"hagwà","para_h_5815.xml"
"hagwásun","para_h_5816.xml"
"hagyung","para_h_5817.xml"
"ha ha","para_h_5818.xml"
"háhay","para_h_5819.xml"
"hái","para_h_5820.xml"
"háil","para_h_5821.xml"
"háin","para_h_5822.xml"
"háit","para_h_5823.xml"
"hákà1","para_h_5824.xml"
"hákà2","para_h_5825.xml"
"hákab","para_h_5826.xml"
"hak-ab","para_h_5827.xml"
"hakad","para_h_5828.xml"
"hákad","para_h_5829.xml"
"hak-ang","para_h_5830.xml"
"hakap","para_h_5831.xml"
"hakayhakay","para_h_5832.xml"
"hakbang","para_h_5833.xml"
"hakgum","para_h_5834.xml"
"hakhak1","para_h_5835.xml"
"hakhak2","para_h_5836.xml"
"haklap","para_h_5837.xml"
"haklup","para_h_5838.xml"
"hakmal","para_h_5839.xml"
"haknut","para_h_5840.xml"
"hakùhakù","para_h_5841.xml"
"hakug","para_h_5842.xml"
"hakuhak","para_h_5843.xml"
"hakup1","para_h_5844.xml"
"hakup2","para_h_5845.xml"
"hakut1","para_h_5846.xml"
"hákut","para_h_5847.xml"
"hakwat","para_h_5848.xml"
"Hal.","para_h_5849.xml"
"hala","para_h_5850.xml"
"halá","para_h_5851.xml"
"hálà","para_h_5852.xml"
"halab","para_h_5853.xml"
"hálab","para_h_5854.xml"
"halábas","para_h_5855.xml"
"hálad","para_h_5856.xml"
"hálag","para_h_5857.xml"
"halaghag","para_h_5858.xml"
"hálang","para_h_5859.xml"
"halanghag","para_h_5860.xml"
"halangdun","para_h_5861.xml"
"halanggup","para_h_5862.xml"
"halanguhag","para_h_5863.xml"
"halap","para_h_5864.xml"
"hálas1","para_h_5865.xml"
"*hálas2","para_h_5866.xml"
"haláwig","para_h_5867.xml"
"halay","para_h_5868.xml"
"halayhálay","para_h_5869.xml"
"halayhay","para_h_5870.xml"
"halbù","para_h_5871.xml"
"halhag","para_h_5872.xml"
"halhal1","para_h_5873.xml"
"halhal2","para_h_5874.xml"
"háli","para_h_5875.xml"
"halígi","para_h_5876.xml"
"halìhalì","para_h_5877.xml"
"halíli","para_h_5878.xml"
"halimbawà","para_h_5879.xml"
"halilib-un","para_h_5880.xml"
"halin","para_h_5881.xml"
"hálin","para_h_5882.xml"
"halindánaw","para_h_5883.xml"
"haling","para_h_5884.xml"
"háling","para_h_5885.xml"
"halinub-un","para_h_5886.xml"
"haliphip","para_h_5887.xml"
"halithálit","para_h_5888.xml"
"halla","para_h_5889.xml"
"halsi","para_h_5890.xml"
"halu","para_h_5891.xml"
"halù","para_h_5892.xml"
"hálù","para_h_5893.xml"
"hal-u","para_h_5894.xml"
"haluan","para_h_5895.xml"
"halub1, hálub1","para_h_5896.xml"
"halub2, hálub2","para_h_5897.xml"
"hálu blak","para_h_5898.xml"
"halug","para_h_5899.xml"
"halughug1","para_h_5900.xml"
"halughug2","para_h_5901.xml"
"haluk","para_h_5902.xml"
"halukhuk1","para_h_5903.xml"
"halukhuk2","para_h_5904.xml"
"hálum","para_h_5905.xml"
"halumhum","para_h_5906.xml"
"halung1","para_h_5907.xml"
"halung2, hálung1","para_h_5908.xml"
"halung3, hálung2","para_h_5909.xml"
"halup","para_h_5910.xml"
"hal-up","para_h_5911.xml"
"halupúwint","para_h_5912.xml"
"hálus","para_h_5913.xml"
"halushus","para_h_5914.xml"
"hálut","para_h_5915.xml"
"haluthut","para_h_5916.xml"
"halwa","para_h_5917.xml"
"halwan","para_h_5918.xml"
"halwut","para_h_5919.xml"
"hámag","para_h_5920.xml"
"ham-ak","para_h_5921.xml"
"hamangpang","para_h_5922.xml"
"hamayhámay1","para_h_5923.xml"
"hamayhámay2","para_h_5924.xml"
"hambabálud","para_h_5925.xml"
"hambabayaw","para_h_5926.xml"
"hambag","para_h_5927.xml"
"hambat","para_h_5928.xml"
"hambaw","para_h_5929.xml"
"hambil1","para_h_5930.xml"
"hambil2","para_h_5931.xml"
"hambilika","para_h_5932.xml"
"hambin","para_h_5933.xml"
"hambubúkag","para_h_5934.xml"
"hambubuyna","para_h_5935.xml"
"hambug","para_h_5936.xml"
"hambugírit","para_h_5937.xml"
"hambuk","para_h_5938.xml"
"hambun","para_h_5939.xml"
"hamburdyir","para_h_5940.xml"
"hambuy","para_h_5941.xml"
"hamì","para_h_5942.xml"
"hamil","para_h_5943.xml"
"hamílì","para_h_5944.xml"
"hamilsing1","para_h_5945.xml"
"hámir","para_h_5946.xml"
"hámis","para_h_5947.xml"
"hamlag","para_h_5948.xml"
"hamlig, hamlug","para_h_5949.xml"
"hamluy","para_h_5950.xml"
"hampak","para_h_5951.xml"
"hampang","para_h_5952.xml"
"hampid","para_h_5953.xml"
"hampil1","para_h_5954.xml"
"hampil2","para_h_5955.xml"
"hampílù","para_h_5956.xml"
"hampul","para_h_5957.xml"
"hampuug","para_h_5958.xml"
"hamtang","para_h_5959.xml"
"hamtung","para_h_5960.xml"
"hamù","para_h_5961.xml"
"hamug","para_h_5962.xml"
"hámug","para_h_5963.xml"
"ham-ug","para_h_5964.xml"
"hamugáway","para_h_5965.xml"
"hamuk","para_h_5966.xml"
"hámuk","para_h_5967.xml"
"hamun1","para_h_5968.xml"
"hamun2, hámun","para_h_5969.xml"
"*hamung1","para_h_5970.xml"
"hamung2","para_h_5971.xml"
"hámus","para_h_5972.xml"
"hamútan","para_h_5973.xml"
"hamuy1","para_h_5974.xml"
"hamyang","para_h_5975.xml"
"haN-","para_h_5976.xml"
"hana","para_h_5977.xml"
"hanà","para_h_5978.xml"
"hanab","para_h_5979.xml"
"hanagdung","para_h_5980.xml"
"hanap","para_h_5981.xml"
"hanas","para_h_5982.xml"
"hánaw1","para_h_5983.xml"
"hánaw2","para_h_5984.xml"
"hanay","para_h_5985.xml"
"han-ay","para_h_5986.xml"
"hanayak","para_h_5987.xml"
"hanayhay","para_h_5988.xml"
"hanayun","para_h_5989.xml"
"hanbag","para_h_5990.xml"
"handà","para_h_5991.xml"
"handag","para_h_5992.xml"
"handalamay, handalámay","para_h_5993.xml"
"handalanaw","para_h_5994.xml"
"handalas","para_h_5995.xml"
"handalítik","para_h_5996.xml"
"handámay","para_h_5997.xml"
"handánaw","para_h_5998.xml"
"handay","para_h_5999.xml"
"handig","para_h_6000.xml"
"handilib-un","para_h_6001.xml"
"handilika","para_h_6002.xml"
"handilítik","para_h_6003.xml"
"handul1","para_h_6004.xml"
"handul2","para_h_6005.xml"
"handum","para_h_6006.xml"
"handunguy","para_h_6007.xml"
"handúraw","para_h_6008.xml"
"handus","para_h_6009.xml"
"hang","para_h_6010.xml"
"háng","para_h_6011.xml"
"hangad","para_h_6012.xml"
"hangag","para_h_6013.xml"
"hangahang","para_h_6014.xml"
"hángak","para_h_6015.xml"
"hangal","para_h_6016.xml"
"hangas","para_h_6017.xml"
"hangáwa","para_h_6018.xml"
"hangay, hángay","para_h_6019.xml"
"hangbat","para_h_6020.xml"
"hanggà","para_h_6021.xml"
"hanggab","para_h_6022.xml"
"hanggap","para_h_6023.xml"
"hanggat","para_h_6024.xml"
"hanggaw","para_h_6025.xml"
"hanggrinid","para_h_6026.xml"
"hanggup1","para_h_6027.xml"
"hanggup2","para_h_6028.xml"
"hanggus","para_h_6029.xml"
"hanghang","para_h_6030.xml"
"hángin","para_h_6031.xml"
"hángir","para_h_6032.xml"
"hangit","para_h_6033.xml"
"hangitan","para_h_6034.xml"
"hangkab","para_h_6035.xml"
"hangkub1","para_h_6036.xml"
"hangkub2","para_h_6037.xml"
"hanglas","para_h_6038.xml"
"han-grinid","para_h_6039.xml"
"hangtud","para_h_6040.xml"
"hanguhag","para_h_6041.xml"
"hangul","para_h_6042.xml"
"hangup","para_h_6043.xml"
"hángus","para_h_6044.xml"
"hangut","para_h_6045.xml"
"hangwat","para_h_6046.xml"
"hangyù","para_h_6047.xml"
"háni1","para_h_6048.xml"
"háni2","para_h_6049.xml"
"hánib","para_h_6050.xml"
"hanig","para_h_6051.xml"
"hanimun","para_h_6052.xml"
"hánip","para_h_6053.xml"
"haníti","para_h_6054.xml"
"hanlag","para_h_6055.xml"
"hanlas","para_h_6056.xml"
"hanlilibun","para_h_6057.xml"
"hanlilika","para_h_6058.xml"
"hanlilítik","para_h_6059.xml"
"hanlulúkay","para_h_6060.xml"
"hansak","para_h_6061.xml"
"hantak","para_h_6062.xml"
"hantánà","para_h_6063.xml"
"hantatalu","para_h_6064.xml"
"hantatamsi, hantatansi","para_h_6065.xml"
"hantik","para_h_6066.xml"
"hanting","para_h_6067.xml"
"hantuk","para_h_6068.xml"
"hantung","para_h_6069.xml"
"hanu","para_h_6070.xml"
"hanubuy","para_h_6071.xml"
"hanúgun","para_h_6072.xml"
"han-uk","para_h_6073.xml"
"hanum-u","para_h_6074.xml"
"hanunum-u","para_h_6075.xml"
"hanut1","para_h_6076.xml"
"hanut2","para_h_6077.xml"
"hanuy, hánuy","para_h_6078.xml"
"hanyag","para_h_6079.xml"
"hanyù","para_h_6080.xml"
"hā́p","para_h_6081.xml"
"hapà","para_h_6082.xml"
"hapag","para_h_6083.xml"
"hapak","para_h_6084.xml"
"hapas","para_h_6085.xml"
"hapathapat","para_h_6086.xml"
"hapaw","para_h_6087.xml"
"hápay","para_h_6088.xml"
"hapdus","para_h_6089.xml"
"hápì","para_h_6090.xml"
"hapihápi","para_h_6091.xml"
"hapíhip","para_h_6092.xml"
"hapin","para_h_6093.xml"
"hapit","para_h_6094.xml"
"hápit","para_h_6095.xml"
"haplà","para_h_6096.xml"
"haplak","para_h_6097.xml"
"haplas","para_h_6098.xml"
"haplù","para_h_6099.xml"
"haplus","para_h_6100.xml"
"haplut","para_h_6101.xml"
"hapluy","para_h_6102.xml"
"hapnig","para_h_6103.xml"
"hapnut","para_h_6104.xml"
"hapsà","para_h_6105.xml"
"hapsay","para_h_6106.xml"
"hapslip","para_h_6107.xml"
"hapù","para_h_6108.xml"
"hápù","para_h_6109.xml"
"hapúhap","para_h_6110.xml"
"hapúlas","para_h_6111.xml"
"hapun","para_h_6112.xml"
"hápun","para_h_6113.xml"
"hapus","para_h_6114.xml"
"hapuy, hápuy","para_h_6115.xml"
"hapuyhápuy","para_h_6116.xml"
"hapyud","para_h_6117.xml"
"hára","para_h_6118.xml"
"hárab","para_h_6119.xml"
"harabharab","para_h_6120.xml"
"harábi","para_h_6121.xml"
"harag","para_h_6122.xml"
"harána","para_h_6123.xml"
"hárang1","para_h_6124.xml"
"hárang2","para_h_6125.xml"
"háras","para_h_6126.xml"
"harasharas","para_h_6127.xml"
"hárat","para_h_6128.xml"
"haraw","para_h_6129.xml"
"harayháray","para_h_6130.xml"
"harbas","para_h_6131.xml"
"hardin","para_h_6132.xml"
"hardul","para_h_6133.xml"
"hardwir","para_h_6134.xml"
"hari","para_h_6135.xml"
"hári, hárì1","para_h_6136.xml"
"hárì2","para_h_6137.xml"
"hárì3","para_h_6138.xml"
"hárim","para_h_6139.xml"
"harína","para_h_6140.xml"
"haríning","para_h_6141.xml"
"harsi","para_h_6142.xml"
"harsiya","para_h_6143.xml"
"harug1","para_h_6144.xml"
"haruhas","para_h_6145.xml"
"harúhay","para_h_6146.xml"
"harun","para_h_6147.xml"
"hárung","para_h_6148.xml"
"harus","para_h_6149.xml"
"haruyháruy","para_h_6150.xml"
"hás","para_h_6151.xml"
"hasag","para_h_6152.xml"
"hásag","para_h_6153.xml"
"hasàhásà","para_h_6154.xml"
"hásan","para_h_6155.xml"
"hasang","para_h_6156.xml"
"hásang","para_h_6157.xml"
"hashas","para_h_6158.xml"
"hásì","para_h_6159.xml"
"hasindíru","para_h_6160.xml"
"haskan","para_h_6161.xml"
"haslag","para_h_6162.xml"
"haslir","para_h_6163.xml"
"haslù1","para_h_6164.xml"
"haslù2","para_h_6165.xml"
"haslù3","para_h_6166.xml"
"hasmag","para_h_6167.xml"
"haspi","para_h_6168.xml"
"hasta","para_h_6169.xml"
"hastilan","para_h_6170.xml"
"hasù1","para_h_6171.xml"
"hasù2","para_h_6172.xml"
"hasug","para_h_6173.xml"
"hasuk1","para_h_6174.xml"
"hasuk2","para_h_6175.xml"
"hásul","para_h_6176.xml"
"haswà","para_h_6177.xml"
"hasyinda","para_h_6178.xml"
"hát","para_h_6179.xml"
"hatà","para_h_6180.xml"
"hátag","para_h_6181.xml"
"hátak","para_h_6182.xml"
"hátaw","para_h_6183.xml"
"hatay","para_h_6184.xml"
"hátay","para_h_6185.xml"
"hatdug","para_h_6186.xml"
"hátì","para_h_6187.xml"
"hat kík","para_h_6188.xml"
"hatsa1","para_h_6189.xml"
"hatsa2","para_h_6190.xml"
"hatsit","para_h_6191.xml"
"hatsuy","para_h_6192.xml"
"hátub","para_h_6193.xml"
"hatud","para_h_6194.xml"
"hatùhatù","para_h_6195.xml"
"hátul","para_h_6196.xml"
"hátum","para_h_6197.xml"
"haud","para_h_6198.xml"
"haum","para_h_6199.xml"
"háun","para_h_6200.xml"
"hawà","para_h_6201.xml"
"háwak1","para_h_6202.xml"
"háwak2","para_h_6203.xml"
"háwan","para_h_6204.xml"
"haw-ang","para_h_6205.xml"
"háwas","para_h_6206.xml"
"haw-as","para_h_6207.xml"
"haway","para_h_6208.xml"
"hawáyà","para_h_6209.xml"
"hawáyan","para_h_6210.xml"
"hawhaw1","para_h_6211.xml"
"hawhaw2","para_h_6212.xml"
"hawid, háwid1","para_h_6213.xml"
"háwid2","para_h_6214.xml"
"hawin, háwin","para_h_6215.xml"
"hawla","para_h_6216.xml"
"hawlut","para_h_6217.xml"
"hawsir","para_h_6218.xml"
"hawu-","para_h_6219.xml"
"hawud","para_h_6220.xml"
"hawughug","para_h_6221.xml"
"hawulháwul","para_h_6222.xml"
"hawus","para_h_6223.xml"
"háwut","para_h_6224.xml"
"hawuy","para_h_6225.xml"
"háy1","para_h_6226.xml"
"háy2","para_h_6227.xml"
"háy3","para_h_6228.xml"
"hayà","para_h_6229.xml"
"háyà","para_h_6230.xml"
"hayabhayab","para_h_6231.xml"
"hay-ad","para_h_6232.xml"
"háyag","para_h_6233.xml"
"hayaghag","para_h_6234.xml"
"hayáhay","para_h_6235.xml"
"hay-alay","para_h_6236.xml"
"háyan","para_h_6237.xml"
"hayang","para_h_6238.xml"
"háyaw","para_h_6239.xml"
"hayblad","para_h_6240.xml"
"haybul","para_h_6241.xml"
"haybuy","para_h_6242.xml"
"haydyam, haydyamp","para_h_6243.xml"
"hayhat","para_h_6244.xml"
"hayhay1","para_h_6245.xml"
"*hayhay2","para_h_6246.xml"
"hayhil","para_h_6247.xml"
"háyis","para_h_6248.xml"
"hayiskul","para_h_6249.xml"
"háyit","para_h_6250.xml"
"haylu","para_h_6251.xml"
"haypay1","para_h_6252.xml"
"haypay2","para_h_6253.xml"
"hayun, háyun","para_h_6254.xml"
"hayung","para_h_6255.xml"
"háyup","para_h_6256.xml"
"haywi","para_h_6257.xml"
"haywis","para_h_6258.xml"
"hi1","para_h_6259.xml"
"hi2, hì","para_h_6260.xml"
"hi-","para_h_6261.xml"
"hi-(→)","para_h_6262.xml"
"hi-an(→)","para_h_6263.xml"
"hiay","para_h_6264.xml"
"hibabuyna","para_h_6265.xml"
"híbag","para_h_6266.xml"
"hibág","para_h_6267.xml"
"híbal","para_h_6268.xml"
"hibálag","para_h_6269.xml"
"hibalu","para_h_6270.xml"
"hibangkaágan","para_h_6271.xml"
"híbat","para_h_6272.xml"
"hibawu","para_h_6273.xml"
"híbi1","para_h_6274.xml"
"híbi2","para_h_6275.xml"
"hibì, híbì","para_h_6276.xml"
"hibi dyúti","para_h_6277.xml"
"hibìhibì","para_h_6278.xml"
"hibilya","para_h_6279.xml"
"hibiwit","para_h_6280.xml"
"hibubuyna","para_h_6281.xml"
"híbuk","para_h_6282.xml"
"híbul","para_h_6283.xml"
"hibúlung","para_h_6284.xml"
"hibulus","para_h_6285.xml"
"híbun","para_h_6286.xml"
"hibung","para_h_6287.xml"
"*hibunghibung","para_h_6288.xml"
"híbus","para_h_6289.xml"
"hibuylas","para_h_6290.xml"
"híd","para_h_6291.xml"
"hidban","para_h_6292.xml"
"hidhid1","para_h_6293.xml"
"hidhid2","para_h_6294.xml"
"hidkwartir","para_h_6295.xml"
"hidlaw","para_h_6296.xml"
"hidlayit","para_h_6297.xml"
"hígà","para_h_6298.xml"
"higad","para_h_6299.xml"
"higal, hígal","para_h_6300.xml"
"higála","para_h_6301.xml"
"higálam, higám","para_h_6302.xml"
"higanti","para_h_6303.xml"
"higasbut","para_h_6304.xml"
"hígaw","para_h_6305.xml"
"higayun","para_h_6306.xml"
"higdà","para_h_6307.xml"
"higkù","para_h_6308.xml"
"higmuyù","para_h_6309.xml"
"higpit","para_h_6310.xml"
"hígup","para_h_6311.xml"
"higus, hígus","para_h_6312.xml"
"higut","para_h_6313.xml"
"higwaus","para_h_6314.xml"
"hi hi","para_h_6315.xml"
"hihin","para_h_6316.xml"
"Hihúba","para_h_6317.xml"
"hik","para_h_6318.xml"
"hikabhikab","para_h_6319.xml"
"híkad","para_h_6320.xml"
"hikadhikad","para_h_6321.xml"
"híkap","para_h_6322.xml"
"hikat","para_h_6323.xml"
"híkaw1","para_h_6324.xml"
"híkaw2","para_h_6325.xml"
"híkay","para_h_6326.xml"
"hikdat","para_h_6327.xml"
"hikìhíkì","para_h_6328.xml"
"hiklad","para_h_6329.xml"
"hiklin, hikling","para_h_6330.xml"
"hiklùhiklù","para_h_6331.xml"
"hiknat, hiknit","para_h_6332.xml"
"hiktarya","para_h_6333.xml"
"hiktin","para_h_6334.xml"
"híkug","para_h_6335.xml"
"hikùhíkù","para_h_6336.xml"
"híkum","para_h_6337.xml"
"hikut1","para_h_6338.xml"
"hikut2","para_h_6339.xml"
"hikutar","para_h_6340.xml"
"hikuy","para_h_6341.xml"
"hikyad","para_h_6342.xml"
"hílà1","para_h_6343.xml"
"hílà2","para_h_6344.xml"
"hilab, hílab1","para_h_6345.xml"
"hílab2","para_h_6346.xml"
"hilabut","para_h_6347.xml"
"hiláda","para_h_6348.xml"
"hílak","para_h_6349.xml"
"hílam","para_h_6350.xml"
"hilamun","para_h_6351.xml"
"hilam-us","para_h_6352.xml"
"hílan","para_h_6353.xml"
"hilánat","para_h_6354.xml"
"hilang","para_h_6355.xml"
"hilangyud","para_h_6356.xml"
"hílap","para_h_6357.xml"
"hilas","para_h_6358.xml"
"hílas","para_h_6359.xml"
"hilaw","para_h_6360.xml"
"*hílay","para_h_6361.xml"
"hilbas","para_h_6362.xml"
"hilhig","para_h_6363.xml"
"hilhil","para_h_6364.xml"
"hilíbis","para_h_6365.xml"
"hílig","para_h_6366.xml"
"hilihud","para_h_6367.xml"
"hilikuptir","para_h_6368.xml"
"hilimásaw","para_h_6369.xml"
"hiling","para_h_6370.xml"
"hilíra","para_h_6371.xml"
"hílis","para_h_6372.xml"
"hilit","para_h_6373.xml"
"hilmit","para_h_6374.xml"
"hilt sintir","para_h_6375.xml"
"hilu","para_h_6376.xml"
"hílu","para_h_6377.xml"
"hilú","para_h_6378.xml"
"hílug","para_h_6379.xml"
"hílum","para_h_6380.xml"
"hilus","para_h_6381.xml"
"hílut","para_h_6382.xml"
"hiluy","para_h_6383.xml"
"hilwas1","para_h_6384.xml"
"hilwas2","para_h_6385.xml"
"himábaw","para_h_6386.xml"
"hímag","para_h_6387.xml"
"himalang","para_h_6388.xml"
"himalingka","para_h_6389.xml"
"himámat","para_h_6390.xml"
"híman1","para_h_6391.xml"
"híman2","para_h_6392.xml"
"him-an(→)","para_h_6393.xml"
"himangnù","para_h_6394.xml"
"himangud","para_h_6395.xml"
"himanhíman","para_h_6396.xml"
"*himaráut","para_h_6397.xml"
"himásaw","para_h_6398.xml"
"himáyà","para_h_6399.xml"
"himbà","para_h_6400.xml"
"himbangkaágan","para_h_6401.xml"
"himbay","para_h_6402.xml"
"himbis","para_h_6403.xml"
"himì1","para_h_6404.xml"
"hímì","para_h_6405.xml"
"himidyà","para_h_6406.xml"
"hímil","para_h_6407.xml"
"himílu","para_h_6408.xml"
"himisik","para_h_6409.xml"
"himnu","para_h_6410.xml"
"himpit","para_h_6411.xml"
"himpus","para_h_6412.xml"
"himsug","para_h_6413.xml"
"hímu, hímù","para_h_6414.xml"
"himughat","para_h_6415.xml"
"himugsù","para_h_6416.xml"
"himul","para_h_6417.xml"
"himulálung","para_h_6418.xml"
"himuláut","para_h_6419.xml"
"himúlus","para_h_6420.xml"
"himungà","para_h_6421.xml"
"himungáwung","para_h_6422.xml"
"himungáyà","para_h_6423.xml"
"himungsíyù","para_h_6424.xml"
"himurids","para_h_6425.xml"
"himus","para_h_6426.xml"
"himutákal","para_h_6427.xml"
"himut-uk","para_h_6428.xml"
"himuylas","para_h_6429.xml"
"Hin.","para_h_6430.xml"
"hiN-1","para_h_6431.xml"
"hiN-2","para_h_6432.xml"
"hinabdus, hinablus","para_h_6433.xml"
"hinabù","para_h_6434.xml"
"hínag","para_h_6435.xml"
"hinagdung","para_h_6436.xml"
"hinagiban","para_h_6437.xml"
"*hináhin","para_h_6438.xml"
"hinalam, hinálam","para_h_6439.xml"
"hínam","para_h_6440.xml"
"hin-an(→)","para_h_6441.xml"
"hinangiban","para_h_6442.xml"
"hinangkan","para_h_6443.xml"
"hinánib","para_h_6444.xml"
"hinánuk","para_h_6445.xml"
"hínas","para_h_6446.xml"
"hinásà","para_h_6447.xml"
"*hináut","para_h_6448.xml"
"hinaw","para_h_6449.xml"
"hinawnaw","para_h_6450.xml"
"hínay1","para_h_6451.xml"
"hínay2","para_h_6452.xml"
"hinayak","para_h_6453.xml"
"hinayhay","para_h_6454.xml"
"hinayun","para_h_6455.xml"
"hindà","para_h_6456.xml"
"hindang","para_h_6457.xml"
"hindian","para_h_6458.xml"
"hindik","para_h_6459.xml"
"híngag","para_h_6460.xml"
"hingahinga","para_h_6461.xml"
"híngak","para_h_6462.xml"
"hingalhingal","para_h_6463.xml"
"híngan","para_h_6464.xml"
"hing-an(→)","para_h_6465.xml"
"hingaphingap","para_h_6466.xml"
"hingári","para_h_6467.xml"
"hingatag","para_h_6468.xml"
"hingáwa, hingáwà","para_h_6469.xml"
"hingbangkaágan","para_h_6470.xml"
"hingbis","para_h_6471.xml"
"hingì","para_h_6472.xml"
"hingílin","para_h_6473.xml"
"hingiting","para_h_6474.xml"
"hingkud","para_h_6475.xml"
"hinglit","para_h_6476.xml"
"hinglù","para_h_6477.xml"
"hingpit","para_h_6478.xml"
"híngù","para_h_6479.xml"
"hínguk","para_h_6480.xml"
"híngus","para_h_6481.xml"
"hingushingus","para_h_6482.xml"
"hinguy","para_h_6483.xml"
"hinhin1","para_h_6484.xml"
"hinibra","para_h_6485.xml"
"hiniral","para_h_6486.xml"
"hiniru","para_h_6487.xml"
"hínis","para_h_6488.xml"
"hiníti1","para_h_6489.xml"
"hiníti2","para_h_6490.xml"
"hinlas","para_h_6491.xml"
"hinlawan","para_h_6492.xml"
"hinlit","para_h_6493.xml"
"hinlù","para_h_6494.xml"
"hintil","para_h_6495.xml"
"hintulhintul","para_h_6496.xml"
"hinù","para_h_6497.xml"
"hinug","para_h_6498.xml"
"hinúgan","para_h_6499.xml"
"hinúgay","para_h_6500.xml"
"hinug-u","para_h_6501.xml"
"hinúgun","para_h_6502.xml"
"hínuk1","para_h_6503.xml"
"hínuk2","para_h_6504.xml"
"hinuklug","para_h_6505.xml"
"hinuktuk","para_h_6506.xml"
"hínul","para_h_6507.xml"
"hinulsul","para_h_6508.xml"
"hinultul","para_h_6509.xml"
"hinulung, hinúlung","para_h_6510.xml"
"hinumdum","para_h_6511.xml"
"hinungdan","para_h_6512.xml"
"hinunúa","para_h_6513.xml"
"hinúun","para_h_6514.xml"
"hinyu","para_h_6515.xml"
"hip","para_h_6516.xml"
"hipálag","para_h_6517.xml"
"hipanhipan","para_h_6518.xml"
"hiphip","para_h_6519.xml"
"hípi1","para_h_6520.xml"
"hípi2","para_h_6521.xml"
"hipì","para_h_6522.xml"
"hipíhip","para_h_6523.xml"
"hiplì","para_h_6524.xml"
"hiplig","para_h_6525.xml"
"hiplus","para_h_6526.xml"
"hiplut","para_h_6527.xml"
"hipnù","para_h_6528.xml"
"hipsut","para_h_6529.xml"
"hípun","para_h_6530.xml"
"hípus","para_h_6531.xml"
"hip-ut","para_h_6532.xml"
"hiráda","para_h_6533.xml"
"hirag","para_h_6534.xml"
"híral","para_h_6535.xml"
"híram","para_h_6536.xml"
"hiraminta, hiramintas, hiramyinta, hiramyintas","para_h_6537.xml"
"hirbabuyna","para_h_6538.xml"
"hirbubuyna","para_h_6539.xml"
"hirbularyu","para_h_6540.xml"
"hirdu","para_h_6541.xml"
"hirig","para_h_6542.xml"
"hiringga","para_h_6543.xml"
"hiringgilya","para_h_6544.xml"
"hiringgíru","para_h_6545.xml"
"hiringhiring","para_h_6546.xml"
"hírit","para_h_6547.xml"
"hirniya","para_h_6548.xml"
"hirpin","para_h_6549.xml"
"hirsáyans","para_h_6550.xml"
"híru","para_h_6551.xml"
"hirushirus","para_h_6552.xml"
"hisà","para_h_6553.xml"
"hísà","para_h_6554.xml"
"hísang","para_h_6555.xml"
"hisgut","para_h_6556.xml"
"hisi","para_h_6557.xml"
"*hislung","para_h_6558.xml"
"hislut","para_h_6559.xml"
"hísù","para_h_6560.xml"
"Hisukristu","para_h_6561.xml"
"hisúpu","para_h_6562.xml"
"Hisus","para_h_6563.xml"
"Hisusmaryusip","para_h_6564.xml"
"hiswíta, hiswítas","para_h_6565.xml"
"hit","para_h_6566.xml"
"hitabù","para_h_6567.xml"
"hítad","para_h_6568.xml"
"hítak","para_h_6569.xml"
"hital","para_h_6570.xml"
"hit-anmis","para_h_6571.xml"
"hit-anran","para_h_6572.xml"
"hiting","para_h_6573.xml"
"hitsas","para_h_6574.xml"
"hitsu","para_h_6575.xml"
"hitsúra","para_h_6576.xml"
"hitudhítud","para_h_6577.xml"
"híwà","para_h_6578.xml"
"híwal","para_h_6579.xml"
"hiwasa, hiwasà","para_h_6580.xml"
"hiwátid","para_h_6581.xml"
"hiwaus","para_h_6582.xml"
"hiwì","para_h_6583.xml"
"híwid","para_h_6584.xml"
"hiyá","para_h_6585.xml"
"híyà","para_h_6586.xml"
"hiyak","para_h_6587.xml"
"híyas","para_h_6588.xml"
"hiyawasa","para_h_6589.xml"
"Hiyúba","para_h_6590.xml"
"híyud1","para_h_6591.xml"
"híyud2","para_h_6592.xml"
"híyum","para_h_6593.xml"
"híyung","para_h_6594.xml"
"híyus","para_h_6595.xml"
"hiyut","para_h_6596.xml"
"hmm1","para_h_6597.xml"
"hmm2, hmp","para_h_6598.xml"
"hú","para_h_6599.xml"
"húbad","para_h_6600.xml"
"hubag","para_h_6601.xml"
"húbak","para_h_6602.xml"
"hubas","para_h_6603.xml"
"hubaw","para_h_6604.xml"
"hubhub","para_h_6605.xml"
"húbit","para_h_6606.xml"
"hubkas","para_h_6607.xml"
"hublag","para_h_6608.xml"
"hublut","para_h_6609.xml"
"húbù","para_h_6610.xml"
"hubug","para_h_6611.xml"
"hubun","para_h_6612.xml"
"hubung","para_h_6613.xml"
"húbung","para_h_6614.xml"
"húbut","para_h_6615.xml"
"húbuy","para_h_6616.xml"
"hubyà","para_h_6617.xml"
"hubyas","para_h_6618.xml"
"húd","para_h_6619.xml"
"húdas","para_h_6620.xml"
"hudhud","para_h_6621.xml"
"hudir","para_h_6622.xml"
"Hudíya","para_h_6623.xml"
"hudiyákà","para_h_6624.xml"
"hudíyu","para_h_6625.xml"
"hudlat","para_h_6626.xml"
"hudnu","para_h_6627.xml"
"húg","para_h_6628.xml"
"hū́g","para_h_6629.xml"
"húgà","para_h_6630.xml"
"hugádu","para_h_6631.xml"
"hugadur","para_h_6632.xml"
"hugalbù","para_h_6633.xml"
"hugalbung","para_h_6634.xml"
"hugalbut","para_h_6635.xml"
"hugangkul","para_h_6636.xml"
"hugan-ub","para_h_6637.xml"
"hugar1","para_h_6638.xml"
"hugar2","para_h_6639.xml"
"húgas","para_h_6640.xml"
"húgaw","para_h_6641.xml"
"hugay","para_h_6642.xml"
"hugáyaw","para_h_6643.xml"
"hughug","para_h_6644.xml"
"hugità","para_h_6645.xml"
"hugkal","para_h_6646.xml"
"hugkas","para_h_6647.xml"
"hugkat","para_h_6648.xml"
"hugmad","para_h_6649.xml"
"hugnà","para_h_6650.xml"
"hugnù","para_h_6651.xml"
"hugpà","para_h_6652.xml"
"hugpit","para_h_6653.xml"
"hugpung","para_h_6654.xml"
"hugpuy","para_h_6655.xml"
"hugsaw","para_h_6656.xml"
"hugù","para_h_6657.xml"
"hugung","para_h_6658.xml"
"húgung","para_h_6659.xml"
"hugunhúgun","para_h_6660.xml"
"hugup, húgup","para_h_6661.xml"
"húgus","para_h_6662.xml"
"hugut","para_h_6663.xml"
"húgut","para_h_6664.xml"
"húguy","para_h_6665.xml"
"hugyaw","para_h_6666.xml"
"hugyun","para_h_6667.xml"
"huhungíhung","para_h_6668.xml"
"huhu","para_h_6669.xml"
"hùhù","para_h_6670.xml"
"huk1","para_h_6671.xml"
"huk2","para_h_6672.xml"
"hukà1","para_h_6673.xml"
"hukà2","para_h_6674.xml"
"húkà","para_h_6675.xml"
"hukab","para_h_6676.xml"
"hukabhukab","para_h_6677.xml"
"hukad, húkad","para_h_6678.xml"
"hukahuk","para_h_6679.xml"
"hukal","para_h_6680.xml"
"húkas","para_h_6681.xml"
"hukaw","para_h_6682.xml"
"húkaw","para_h_6683.xml"
"hukbaláhap","para_h_6684.xml"
"hukdung","para_h_6685.xml"
"hukhuk1","para_h_6686.xml"
"hukhuk2","para_h_6687.xml"
"hukhuk3","para_h_6688.xml"
"hukihuk","para_h_6689.xml"
"hukip","para_h_6690.xml"
"húkip","para_h_6691.xml"
"huklub","para_h_6692.xml"
"hukmuy","para_h_6693.xml"
"huks","para_h_6694.xml"
"hukùhúkù","para_h_6695.xml"
"hukum","para_h_6696.xml"
"hukut","para_h_6697.xml"
"*hukyaw","para_h_6698.xml"
"Hul.","para_h_6699.xml"
"húlab","para_h_6700.xml"
"húlad","para_h_6701.xml"
"hulagway","para_h_6702.xml"
"hulahúla","para_h_6703.xml"
"hulahup","para_h_6704.xml"
"húlak","para_h_6705.xml"
"hulam","para_h_6706.xml"
"hulangyud","para_h_6707.xml"
"hul-ap","para_h_6708.xml"
"hular","para_h_6709.xml"
"hulas","para_h_6710.xml"
"hulat","para_h_6711.xml"
"hulaw, húlaw","para_h_6712.xml"
"húlay","para_h_6713.xml"
"huláyà","para_h_6714.xml"
"hulbà","para_h_6715.xml"
"hulbad","para_h_6716.xml"
"hulbaw","para_h_6717.xml"
"hulbù","para_h_6718.xml"
"hulbut","para_h_6719.xml"
"huldam","para_h_6720.xml"
"huld-ap","para_h_6721.xml"
"hulding","para_h_6722.xml"
"huldir","para_h_6723.xml"
"hulgà","para_h_6724.xml"
"hulhug","para_h_6725.xml"
"hulhul","para_h_6726.xml"
"hulì","para_h_6727.xml"
"hulíbis","para_h_6728.xml"
"hulihud","para_h_6729.xml"
"hulíkab","para_h_6730.xml"
"húlin","para_h_6731.xml"
"huling","para_h_6732.xml"
"húlip","para_h_6733.xml"
"hulma","para_h_6734.xml"
"hulmígas","para_h_6735.xml"
"hulpà","para_h_6736.xml"
"hulsil","para_h_6737.xml"
"hult","para_h_6738.xml"
"hulu1","para_h_6739.xml"
"hulu2","para_h_6740.xml"
"hulud, húlud","para_h_6741.xml"
"húlug","para_h_6742.xml"
"húlum","para_h_6743.xml"
"hulunghúlung","para_h_6744.xml"
"hulungíhung","para_h_6745.xml"
"húlup","para_h_6746.xml"
"hulus1","para_h_6747.xml"
"hulus2","para_h_6748.xml"
"húlut","para_h_6749.xml"
"huluy","para_h_6750.xml"
"Hulyu","para_h_6751.xml"
"hulyut","para_h_6752.xml"
"húm","para_h_6753.xml"
"humabdus","para_h_6754.xml"
"humablus, humabus","para_h_6755.xml"
"humad","para_h_6756.xml"
"humagbus","para_h_6757.xml"
"human","para_h_6758.xml"
"humay","para_h_6759.xml"
"humbà","para_h_6760.xml"
"humbíngay","para_h_6761.xml"
"humbíngil","para_h_6762.xml"
"humbis","para_h_6763.xml"
"humhum1","para_h_6764.xml"
"humhum2","para_h_6765.xml"
"humígas","para_h_6766.xml"
"humil","para_h_6767.xml"
"humisayid","para_h_6768.xml"
"humpal","para_h_6769.xml"
"humpay","para_h_6770.xml"
"humpid","para_h_6771.xml"
"humpil","para_h_6772.xml"
"humran","para_h_6773.xml"
"humrum","para_h_6774.xml"
"humtáwun disisyun","para_h_6775.xml"
"humud","para_h_6776.xml"
"húmuk","para_h_6777.xml"
"húmul","para_h_6778.xml"
"humulhúmul","para_h_6779.xml"
"humut","para_h_6780.xml"
"húmut","para_h_6781.xml"
"Hun.","para_h_6782.xml"
"hún","para_h_6783.xml"
"húnad","para_h_6784.xml"
"hun-ag1","para_h_6785.xml"
"hun-ag2","para_h_6786.xml"
"hunàhúnà","para_h_6787.xml"
"hunas","para_h_6788.xml"
"hunat","para_h_6789.xml"
"hunaw","para_h_6790.xml"
"hunda","para_h_6791.xml"
"hundunghundung","para_h_6792.xml"
"hungakhúngak","para_h_6793.xml"
"hungaw","para_h_6794.xml"
"hungay","para_h_6795.xml"
"húngay","para_h_6796.xml"
"hunggal","para_h_6797.xml"
"hunggaw","para_h_6798.xml"
"hunghung","para_h_6799.xml"
"hungíhung","para_h_6800.xml"
"hungit","para_h_6801.xml"
"hungkad","para_h_6802.xml"
"hungkag","para_h_6803.xml"
"hungkagul, hungkarul","para_h_6804.xml"
"hungkiyang","para_h_6805.xml"
"hungkung","para_h_6806.xml"
"hunglus1","para_h_6807.xml"
"hunglus2","para_h_6808.xml"
"hungù","para_h_6809.xml"
"hungug","para_h_6810.xml"
"hungus","para_h_6811.xml"
"hungut","para_h_6812.xml"
"húngut","para_h_6813.xml"
"hunguy","para_h_6814.xml"
"hunhun","para_h_6815.xml"
"húni","para_h_6816.xml"
"húnit","para_h_6817.xml"
"hunlak","para_h_6818.xml"
"hunlus","para_h_6819.xml"
"hunsuy","para_h_6820.xml"
"hunta","para_h_6821.xml"
"huntà","para_h_6822.xml"
"hunub","para_h_6823.xml"
"hunulhúnul","para_h_6824.xml"
"húnung","para_h_6825.xml"
"húnus1","para_h_6826.xml"
"húnus2","para_h_6827.xml"
"Hunyu","para_h_6828.xml"
"húp","para_h_6829.xml"
"hupà","para_h_6830.xml"
"hupak","para_h_6831.xml"
"hup-ak","para_h_6832.xml"
"hupas","para_h_6833.xml"
"*hupaw","para_h_6834.xml"
"hupay","para_h_6835.xml"
"huphup","para_h_6836.xml"
"húping","para_h_6837.xml"
"húpit","para_h_6838.xml"
"hupù","para_h_6839.xml"
"hupukhupuk","para_h_6840.xml"
"hupung, húpung","para_h_6841.xml"
"huput","para_h_6842.xml"
"húpuy","para_h_6843.xml"
"hupyà","para_h_6844.xml"
"hupyak","para_h_6845.xml"
"hurabhurab, hurabhúrab","para_h_6846.xml"
"hurádu","para_h_6847.xml"
"hurahura1","para_h_6848.xml"
"hurahura2","para_h_6849.xml"
"hural","para_h_6850.xml"
"huraminta","para_h_6851.xml"
"huramintádu","para_h_6852.xml"
"huramintu","para_h_6853.xml"
"hurar","para_h_6854.xml"
"húrat","para_h_6855.xml"
"húraw","para_h_6856.xml"
"huríkì","para_h_6857.xml"
"hurimhurim","para_h_6858.xml"
"hurisdiksiyun","para_h_6859.xml"
"hurnáda","para_h_6860.xml"
"hurnu","para_h_6861.xml"
"hurs","para_h_6862.xml"
"hurspáwir","para_h_6863.xml"
"huruhuru","para_h_6864.xml"
"hurung","para_h_6865.xml"
"hurus","para_h_6866.xml"
"hurut","para_h_6867.xml"
"hús1","para_h_6868.xml"
"hús2","para_h_6869.xml"
"husà","para_h_6870.xml"
"húsà","para_h_6871.xml"
"húsay","para_h_6872.xml"
"husgǎr","para_h_6873.xml"
"hushus","para_h_6874.xml"
"húsi","para_h_6875.xml"
"huslà","para_h_6876.xml"
"huslir","para_h_6877.xml"
"huslù","para_h_6878.xml"
"huslut","para_h_6879.xml"
"huspital","para_h_6880.xml"
"hustis","para_h_6881.xml"
"hustisya1","para_h_6882.xml"
"hustisya2","para_h_6883.xml"
"hustiyas","para_h_6884.xml"
"hustu","para_h_6885.xml"
"husù1","para_h_6886.xml"
"husù2","para_h_6887.xml"
"husud","para_h_6888.xml"
"húsud","para_h_6889.xml"
"huswà1","para_h_6890.xml"
"hut","para_h_6891.xml"
"hút","para_h_6892.xml"
"húta","para_h_6893.xml"
"hútak","para_h_6894.xml"
"hutay","para_h_6895.xml"
"hútay","para_h_6896.xml"
"hutbà","para_h_6897.xml"
"hutbaw","para_h_6898.xml"
"huthut1","para_h_6899.xml"
"huthut2","para_h_6900.xml"
"huthut3","para_h_6901.xml"
"huthut4","para_h_6902.xml"
"hutik","para_h_6903.xml"
"hútik2","para_h_6904.xml"
"hutil","para_h_6905.xml"
"hutináni","para_h_6906.xml"
"hutluk","para_h_6907.xml"
"huts","para_h_6908.xml"
"hutúhut","para_h_6909.xml"
"hutukhutuk","para_h_6910.xml"
"hut-ung","para_h_6911.xml"
"hutútay","para_h_6912.xml"
"hútuy1","para_h_6913.xml"
"hutwang1","para_h_6914.xml"
"hutwang2","para_h_6915.xml"
"huum","para_h_6916.xml"
"húum","para_h_6917.xml"
"huung","para_h_6918.xml"
"huut1","para_h_6919.xml"
"huut2","para_h_6920.xml"
"huwà","para_h_6921.xml"
"huwa-","para_h_6922.xml"
"huwad","para_h_6923.xml"
"huwag, huwaghuwag","para_h_6924.xml"
"Huwan","para_h_6925.xml"
"húwap","para_h_6926.xml"
"huwas1","para_h_6927.xml"
"huwas2","para_h_6928.xml"
"huwásay","para_h_6929.xml"
"huwásù","para_h_6930.xml"
"huwat","para_h_6931.xml"
"huwátid","para_h_6932.xml"
"huwi-","para_h_6933.xml"
"huwis","para_h_6934.xml"
"huy1","para_h_6935.xml"
"huy2, hùy","para_h_6936.xml"
"húy","para_h_6937.xml"
"huy-ab","para_h_6938.xml"
"huyad","para_h_6939.xml"
"huyamì1","para_h_6940.xml"
"huyamì2","para_h_6941.xml"
"húyang","para_h_6942.xml"
"huyátid","para_h_6943.xml"
"Huybis","para_h_6944.xml"
"huygu1","para_h_6945.xml"
"huygu2","para_h_6946.xml"
"huygu3","para_h_6947.xml"
"huyhuy1","para_h_6948.xml"
"huyhuy2","para_h_6949.xml"
"huyhúy","para_h_6950.xml"
"huyù","para_h_6951.xml"
"huyúhuy","para_h_6952.xml"
"húyung, huyunghúyung","para_h_6953.xml"
"huyup","para_h_6954.xml"
"huyut","para_h_6955.xml"
"húyut","para_h_6956.xml"
"hwasa, hwasà","para_h_6957.xml"
"hwisyu","para_h_6958.xml"
"i1","para_i_6959.xml"
"i2","para_i_6960.xml"
"i3","para_i_6961.xml"
"í","para_i_6962.xml"
"i-1","para_i_6963.xml"
"i-2(←)","para_i_6964.xml"
"-i","para_i_6965.xml"
"-i(→)","para_i_6966.xml"
"iba","para_i_6967.xml"
"íbà1","para_i_6968.xml"
"íbà2","para_i_6969.xml"
"ibabaw, ibábaw","para_i_6970.xml"
"ibakwisyun","para_i_6971.xml"
"ibakwit","para_i_6972.xml"
"iban","para_i_6973.xml"
"íban","para_i_6974.xml"
"ibang","para_i_6975.xml"
"ibanghilista","para_i_6976.xml"
"ibanghilyu","para_i_6977.xml"
"ibapuráda","para_i_6978.xml"
"ibat","para_i_6979.xml"
"íbay","para_i_6980.xml"
"íbì","para_i_6981.xml"
"ibid","para_i_6982.xml"
"ibid-íbid","para_i_6983.xml"
"ibidinsiya","para_i_6984.xml"
"ibíngan","para_i_6985.xml"
"ibinrud","para_i_6986.xml"
"ibis1","para_i_6987.xml"
"ibis2","para_i_6988.xml"
"íbit","para_i_6989.xml"
"ibud","para_i_6990.xml"
"íbug","para_i_6991.xml"
"ibul","para_i_6992.xml"
"íbus1","para_i_6993.xml"
"íbus2","para_i_6994.xml"
"ibut","para_i_6995.xml"
"ibyuk","para_i_6996.xml"
"ibyus","para_i_6997.xml"
"ída","para_i_6998.xml"
"idad","para_i_6999.xml"
"idag","para_i_7000.xml"
"idang","para_i_7001.xml"
"idar-idar","para_i_7002.xml"
"idibul","para_i_7003.xml"
"id-id","para_i_7004.xml"
"idintipikasiyun","para_i_7005.xml"
"idipisyu","para_i_7006.xml"
"idisyun","para_i_7007.xml"
"iditing","para_i_7008.xml"
"iditur","para_i_7009.xml"
"idituryal","para_i_7010.xml"
"idíya","para_i_7011.xml"
"idiyuluhíya","para_i_7012.xml"
"idlas","para_i_7013.xml"
"idlut","para_i_7014.xml"
"idru","para_i_7015.xml"
"idruhína","para_i_7016.xml"
"idruplánu","para_i_7017.xml"
"ids","para_i_7018.xml"
"idukar","para_i_7019.xml"
"idukasya","para_i_7020.xml"
"idulu","para_i_7021.xml"
"idung","para_i_7022.xml"
"idyaidya","para_i_7023.xml"
"idyap","para_i_7024.xml"
"idyaw","para_i_7025.xml"
"idyuk","para_i_7026.xml"
"idyukisyun","para_i_7027.xml"
"idyus","para_i_7028.xml"
"ig-1","para_i_7029.xml"
"ig-2","para_i_7030.xml"
"ígad","para_i_7031.xml"
"ig-ágaw","para_i_7032.xml"
"igaiga, igà igà","para_i_7033.xml"
"ígang","para_i_7034.xml"
"igat","para_i_7035.xml"
"igbaw","para_i_7036.xml"
"igbítir","para_i_7037.xml"
"igdal","para_i_7038.xml"
"igham","para_i_7039.xml"
"ígi1","para_i_7040.xml"
"*ígi2","para_i_7041.xml"
"ig-ig","para_i_7042.xml"
"igíik","para_i_7043.xml"
"ígik","para_i_7044.xml"
"igip","para_i_7045.xml"
"ígit","para_i_7046.xml"
"igka-","para_i_7047.xml"
"igkam","para_i_7048.xml"
"igking","para_i_7049.xml"
"ig-l-","para_i_7050.xml"
"iglisya","para_i_7051.xml"
"igmat","para_i_7052.xml"
"ignu","para_i_7053.xml"
"ignúdul","para_i_7054.xml"
"ignurámus","para_i_7055.xml"
"ignuranti","para_i_7056.xml"
"ignuy","para_i_7057.xml"
"igput","para_i_7058.xml"
"ig-r-","para_i_7059.xml"
"igsaktu","para_i_7060.xml"
"igsirsáyis","para_i_7061.xml"
"igsù","para_i_7062.xml"
"igsúun","para_i_7063.xml"
"igtam","para_i_7064.xml"
"ígù","para_i_7065.xml"
"Igurut","para_i_7066.xml"
"ígut1","para_i_7067.xml"
"ígut2","para_i_7068.xml"
"igut-igut","para_i_7069.xml"
"igwad","para_i_7070.xml"
"igwális","para_i_7071.xml"
"igwit","para_i_7072.xml"
"íha","para_i_7073.xml"
"iháda","para_i_7074.xml"
"ihádu","para_i_7075.xml"
"ihálas","para_i_7076.xml"
"ihap","para_i_7077.xml"
"ihás","para_i_7078.xml"
"íhaw1","para_i_7079.xml"
"íhaw2","para_i_7080.xml"
"iháyup","para_i_7081.xml"
"ihi","para_i_7082.xml"
"íhi","para_i_7083.xml"
"íhì","para_i_7084.xml"
"ihid1","para_i_7085.xml"
"ihid2","para_i_7086.xml"
"ihikutíbu","para_i_7087.xml"
"ihim","para_i_7088.xml"
"ihimplu","para_i_7089.xml"
"Ihiptu","para_i_7090.xml"
"ihirsisyu1","para_i_7091.xml"
"ihirsisyu2","para_i_7092.xml"
"ihirsitu","para_i_7093.xml"
"íhu1","para_i_7094.xml"
"íhu2","para_i_7095.xml"
"ihud-ihud","para_i_7096.xml"
"íhuy","para_i_7097.xml"
"ii","para_i_7098.xml"
"ì ì","para_i_7099.xml"
"iítu","para_i_7100.xml"
"ík","para_i_7101.xml"
"ika-","para_i_7102.xml"
"íkag","para_i_7103.xml"
"íkat","para_i_7104.xml"
"ikaw","para_i_7105.xml"
"ikgam","para_i_7106.xml"
"ikging","para_i_7107.xml"
"ikibáli","para_i_7108.xml"
"ikid","para_i_7109.xml"
"ikid-íkid1","para_i_7110.xml"
"ikid-íkid2","para_i_7111.xml"
"ik-ik1","para_i_7112.xml"
"ik-ik2","para_i_7113.xml"
"ik-ik3","para_i_7114.xml"
"ikipáhi","para_i_7115.xml"
"ikípu","para_i_7116.xml"
"íkis","para_i_7117.xml"
"íkit","para_i_7118.xml"
"iklas","para_i_7119.xml"
"iklipsi","para_i_7120.xml"
"iklisyastiku","para_i_7121.xml"
"ikmat","para_i_7122.xml"
"iknat","para_i_7123.xml"
"iks","para_i_7124.xml"
"iksahiráda","para_i_7125.xml"
"iksahirádu","para_i_7126.xml"
"iksaktu","para_i_7127.xml"
"iksǎm","para_i_7128.xml"
"iksámin","para_i_7129.xml"
"iksaminádu","para_i_7130.xml"
"iksaminadur","para_i_7131.xml"
"iksaminisyun","para_i_7132.xml"
"iksampul","para_i_7133.xml"
"iksibisiyun","para_i_7134.xml"
"iksíbit","para_i_7135.xml"
"iksihir","para_i_7136.xml"
"iksilinti","para_i_7137.xml"
"iksilsiyur","para_i_7138.xml"
"iksíma","para_i_7139.xml"
"iksimtid","para_i_7140.xml"
"iksirsáyis","para_i_7141.xml"
"iksit","para_i_7142.xml"
"ikskiyus","para_i_7143.xml"
"ikskambik","para_i_7144.xml"
"ikskursiyun","para_i_7145.xml"
"ikspan","para_i_7146.xml"
"ikspidisyun","para_i_7147.xml"
"ikspild","para_i_7148.xml"
"ikspirimin","para_i_7149.xml"
"ikspirimintu","para_i_7150.xml"
"ikspirinsiya","para_i_7151.xml"
"ikspirmin","para_i_7152.xml"
"ikspirmintu","para_i_7153.xml"
"ikspirtu","para_i_7154.xml"
"ikspiryinsádu, ikspiryinsyádu","para_i_7155.xml"
"iksplikar","para_i_7156.xml"
"iksplurasiyun","para_i_7157.xml"
"iksplusíbu","para_i_7158.xml"
"ikspris","para_i_7159.xml"
"ikspurtadur","para_i_7160.xml"
"ikspús","para_i_7161.xml"
"ikspusisiyun","para_i_7162.xml"
"iksri","para_i_7163.xml"
"ikstin","para_i_7164.xml"
"ikstinsiyun","para_i_7165.xml"
"ikstiriyur","para_i_7166.xml"
"ikstra","para_i_7167.xml"
"ikstriyul, ikstriyur","para_i_7168.xml"
"iktarya","para_i_7169.xml"
"iktin","para_i_7170.xml"
"íku1","para_i_7171.xml"
"íku2","para_i_7172.xml"
"ikud","para_i_7173.xml"
"íkud","para_i_7174.xml"
"íkug1","para_i_7175.xml"
"íkug2","para_i_7176.xml"
"kailikgan","para_i_7177.xml"
"ikunumika","para_i_7178.xml"
"ikunumíya","para_i_7179.xml"
"íkus","para_i_7180.xml"
"íkut","para_i_7181.xml"
"ikut-íkut","para_i_7182.xml"
"ikwadur","para_i_7183.xml"
"ikyas","para_i_7184.xml"
"ikyut","para_i_7185.xml"
"ila1","para_i_7186.xml"
"ila2","para_i_7187.xml"
"íla","para_i_7188.xml"
"ilab","para_i_7189.xml"
"ílad","para_i_7190.xml"
"iláda","para_i_7191.xml"
"iládu","para_i_7192.xml"
"iladur","para_i_7193.xml"
"ilag, ílag","para_i_7194.xml"
"ilagà","para_i_7195.xml"
"ilahánun","para_i_7196.xml"
"ilaid","para_i_7197.xml"
"ílak","para_i_7198.xml"
"ilang-ílang","para_i_7199.xml"
"ilap, ílap","para_i_7200.xml"
"ílas","para_i_7201.xml"
"iláwud","para_i_7202.xml"
"ilaya, iláya","para_i_7203.xml"
"ilbu","para_i_7204.xml"
"íli1","para_i_7205.xml"
"*íli2","para_i_7206.xml"
"ilibítur","para_i_7207.xml"
"ilidyibul","para_i_7208.xml"
"ílig","para_i_7209.xml"
"ilígal","para_i_7210.xml"
"iliganti","para_i_7211.xml"
"ilíhan","para_i_7212.xml"
"ílik","para_i_7213.xml"
"iliksiyun","para_i_7214.xml"
"iliktrik","para_i_7215.xml"
"iliktrisidad","para_i_7216.xml"
"iliktrisyan","para_i_7217.xml"
"iliktruniku","para_i_7218.xml"
"iliktur","para_i_7219.xml"
"ilikturáda","para_i_7220.xml"
"iliktural","para_i_7221.xml"
"ilimintári, ilimintarya","para_i_7222.xml"
"ilimintu","para_i_7223.xml"
"iling","para_i_7224.xml"
"ilin-ílin","para_i_7225.xml"
"ilipanti","para_i_7226.xml"
"ilipant wuk","para_i_7227.xml"
"ílis","para_i_7228.xml"
"ilisdan/ilisdi","para_i_7229.xml"
"ilísi","para_i_7230.xml"
"ilitirit","para_i_7231.xml"
"ilitsu dibilin","para_i_7232.xml"
"íliw1","para_i_7233.xml"
"íliw2","para_i_7234.xml"
"iltur","para_i_7235.xml"
"ílu1","para_i_7236.xml"
"ílu2","para_i_7237.xml"
"ílu3","para_i_7238.xml"
"*ílub","para_i_7239.xml"
"ílug","para_i_7240.xml"
"íluk","para_i_7241.xml"
"Ilukánu","para_i_7242.xml"
"ilúku","para_i_7243.xml"
"Ilúkus","para_i_7244.xml"
"ilung","para_i_7245.xml"
"Ilungga","para_i_7246.xml"
"Ilunggu","para_i_7247.xml"
"ilun-ílun","para_i_7248.xml"
"ilustráda","para_i_7249.xml"
"ilustrádu","para_i_7250.xml"
"ilut","para_i_7251.xml"
"imà","para_i_7252.xml"
"imabaw","para_i_7253.xml"
"imáhin","para_i_7254.xml"
"imakuláda kunsipsiyun","para_i_7255.xml"
"imas","para_i_7256.xml"
"imat","para_i_7257.xml"
"imbaháda1","para_i_7258.xml"
"imbaháda2","para_i_7259.xml"
"imbahadur","para_i_7260.xml"
"imbalidu, imbalídu","para_i_7261.xml"
"imbalsamar","para_i_7262.xml"
"imbargu","para_i_7263.xml"
"imbasyun","para_i_7264.xml"
"imbaw","para_i_7265.xml"
"imbay1","para_i_7266.xml"
"imbay2","para_i_7267.xml"
"imbintu","para_i_7268.xml"
"imbǐs","para_i_7269.xml"
"imbistigar","para_i_7270.xml"
"imbistigasyun","para_i_7271.xml"
"imbitar","para_i_7272.xml"
"imbraimatsu","para_i_7273.xml"
"imbúdu","para_i_7274.xml"
"imbukar","para_i_7275.xml"
"imburnal","para_i_7276.xml"
"imbúru","para_i_7277.xml"
"imbus","para_i_7278.xml"
"imbuyis","para_i_7279.xml"
"imbyirnu","para_i_7280.xml"
"ími","para_i_7281.xml"
"imigrant","para_i_7282.xml"
"imirdyinsi","para_i_7283.xml"
"imirhinsiya","para_i_7284.xml"
"imiri — bag, burd","para_i_7285.xml"
"imit","para_i_7286.xml"
"imitasiyun, imitisyun","para_i_7287.xml"
"imnu","para_i_7288.xml"
"impáki","para_i_7289.xml"
"impaktu","para_i_7290.xml"
"impanáda","para_i_7291.xml"
"impantil —","para_i_7292.xml"
"impantiríya","para_i_7293.xml"
"impas","para_i_7294.xml"
"impáti","para_i_7295.xml"
"impatsu","para_i_7296.xml"
"impi","para_i_7297.xml"
"impiksiyun","para_i_7298.xml"
"impiktu","para_i_7299.xml"
"impilya","para_i_7300.xml"
"impiradur","para_i_7301.xml"
"impiratris","para_i_7302.xml"
"impirdibli","para_i_7303.xml"
"impirmaríya, impirmarya","para_i_7304.xml"
"impirnu","para_i_7305.xml"
"impiryu","para_i_7306.xml"
"impisar","para_i_7307.xml"
"impísi","para_i_7308.xml"
"impitu","para_i_7309.xml"
"impiyirnu","para_i_7310.xml"
"implimintar","para_i_7311.xml"
"impliyar","para_i_7312.xml"
"implíyu","para_i_7313.xml"
"impluwinsa","para_i_7314.xml"
"impluwinsiya","para_i_7315.xml"
"imprinta","para_i_7316.xml"
"imprisaryu","para_i_7317.xml"
"imprumtu","para_i_7318.xml"
"*impuntu","para_i_7319.xml"
"impurmǎl","para_i_7320.xml"
"impurmasiyun","para_i_7321.xml"
"impurtansiya","para_i_7322.xml"
"impurtanti","para_i_7323.xml"
"impurtasiyun","para_i_7324.xml"
"impurti","para_i_7325.xml"
"impurtid","para_i_7326.xml"
"impusibli","para_i_7327.xml"
"impuy","para_i_7328.xml"
"impyirnu","para_i_7329.xml"
"imraimatsu","para_i_7330.xml"
"imsi","para_i_7331.xml"
"ímu","para_i_7332.xml"
"imulsiyun","para_i_7333.xml"
"ímung","para_i_7334.xml"
"imurahiya","para_i_7335.xml"
"imuralidad","para_i_7336.xml"
"imut-imut","para_i_7337.xml"
"imyus","para_i_7338.xml"
"in","para_i_7339.xml"
"ín1","para_i_7340.xml"
"ín2","para_i_7341.xml"
"-in-1","para_i_7342.xml"
"-in-2","para_i_7343.xml"
"-in-3","para_i_7344.xml"
"ina","para_i_7345.xml"
"ínà","para_i_7346.xml"
"inagurar","para_i_7347.xml"
"inámil","para_i_7348.xml"
"-in-an","para_i_7349.xml"
"-in-an(→)","para_i_7350.xml"
"-in-ánan","para_i_7351.xml"
"inánay","para_i_7352.xml"
"in-anay","para_i_7353.xml"
"inánu","para_i_7354.xml"
"ínat","para_i_7355.xml"
"ínaw","para_i_7356.xml"
"inawgura","para_i_7357.xml"
"inay1","para_i_7358.xml"
"inay2","para_i_7359.xml"
"inay3","para_i_7360.xml"
"-in-ay","para_i_7361.xml"
"inbíay","para_i_7362.xml"
"inbitisyun kard","para_i_7363.xml"
"inburd","para_i_7364.xml"
"inbuyis","para_i_7365.xml"
"indák","para_i_7366.xml"
"indángan","para_i_7367.xml"
"inday1","para_i_7368.xml"
"indíbi","para_i_7369.xml"
"indig","para_i_7370.xml"
"indihistiyun","para_i_7371.xml"
"indikasiyun","para_i_7372.xml"
"indilibli","para_i_7373.xml"
"indimunyádu","para_i_7374.xml"
"inding1","para_i_7375.xml"
"inding2","para_i_7376.xml"
"indipindinsiya","para_i_7377.xml"
"indipindinti, indipindiyinti","para_i_7378.xml"
"indipirinti","para_i_7379.xml"
"indiriktaminti","para_i_7380.xml"
"indispír","para_i_7381.xml"
"Indiya","para_i_7382.xml"
"indiyan1","para_i_7383.xml"
"indiyan2","para_i_7384.xml"
"indiyan híd","para_i_7385.xml"
"indiyu","para_i_7386.xml"
"indulhinsiya","para_i_7387.xml"
"indung1","para_i_7388.xml"
"indung2","para_i_7389.xml"
"indúnu","para_i_7390.xml"
"indur","para_i_7391.xml"
"industriya","para_i_7392.xml"
"industriyal","para_i_7393.xml"
"indyiksiyun","para_i_7394.xml"
"indyuy","para_i_7395.xml"
"ing","para_i_7396.xml"
"ingà","para_i_7397.xml"
"ingáhay","para_i_7398.xml"
"ingat","para_i_7399.xml"
"inggansa","para_i_7400.xml"
"inggarasya","para_i_7401.xml"
"inggasti","para_i_7402.xml"
"inggit","para_i_7403.xml"
"ingglis","para_i_7404.xml"
"inggrandi","para_i_7405.xml"
"inggrasya","para_i_7406.xml"
"inggráta","para_i_7407.xml"
"inggrátu","para_i_7408.xml"
"inggrísu","para_i_7409.xml"
"inggwintu","para_i_7410.xml"
"ing-iíng, ing-ing-íng","para_i_7411.xml"
"ingit","para_i_7412.xml"
"ingkáhi","para_i_7413.xml"
"ingkantu1","para_i_7414.xml"
"ingkantu2","para_i_7415.xml"
"ingkarga","para_i_7416.xml"
"ingkargáda2","para_i_7417.xml"
"ingkargádu2","para_i_7418.xml"
"ingkárids","para_i_7419.xml"
"*ingkásu","para_i_7420.xml"
"ingkib","para_i_7421.xml"
"ingkit1","para_i_7422.xml"
"ingkit2","para_i_7423.xml"
"ingkitadur","para_i_7424.xml"
"ingkitar1","para_i_7425.xml"
"*ingkitar2","para_i_7426.xml"
"ingku","para_i_7427.xml"
"ingkud","para_i_7428.xml"
"ingkurdun","para_i_7429.xml"
"ingkuwintru","para_i_7430.xml"
"ingkuy","para_i_7431.xml"
"Inglatíra","para_i_7432.xml"
"ingli","para_i_7433.xml"
"inglis","para_i_7434.xml"
"in-grandi","para_i_7435.xml"
"in-grátu","para_i_7436.xml"
"in-gridiyinti","para_i_7437.xml"
"in-grísu","para_i_7438.xml"
"íngug1","para_i_7439.xml"
"íngug2","para_i_7440.xml"
"ingun1","para_i_7441.xml"
"ingun2","para_i_7442.xml"
"*ingun3","para_i_7443.xml"
"íngus1","para_i_7444.xml"
"íngus2","para_i_7445.xml"
"ingus-ingus","para_i_7446.xml"
"inhílir","para_i_7447.xml"
"inhiniríya, inhinyiríya","para_i_7448.xml"
"inhinyíru","para_i_7449.xml"
"íni1","para_i_7450.xml"
"íni2","para_i_7451.xml"
"inidúru","para_i_7452.xml"
"inig-","para_i_7453.xml"
"inigka-","para_i_7454.xml"
"iniksiyun","para_i_7455.xml"
"inilus","para_i_7456.xml"
"iníma","para_i_7457.xml"
"íning","para_i_7458.xml"
"Iníru","para_i_7459.xml"
"inislagan","para_i_7460.xml"
"ínit","para_i_7461.xml"
"inkáhi","para_i_7462.xml"
"inkargádu","para_i_7463.xml"
"inklinar","para_i_7464.xml"
"inklúsu","para_i_7465.xml"
"inkuwintru","para_i_7466.xml"
"inkyubítur","para_i_7467.xml"
"inlards","para_i_7468.xml"
"Inpísi","para_i_7469.xml"
"inpuntu","para_i_7470.xml"
"inpurmir","para_i_7471.xml"
"inri","para_i_7472.xml"
"inruk, inrúki","para_i_7473.xml"
"inrúl","para_i_7474.xml"
"insaláda","para_i_7475.xml"
"insayid","para_i_7476.xml"
"insayid dyab","para_i_7477.xml"
"insayklupidya","para_i_7478.xml"
"insaymáda","para_i_7479.xml"
"insáyu","para_i_7480.xml"
"insi","para_i_7481.xml"
"insigniya","para_i_7482.xml"
"Insik","para_i_7483.xml"
"Insíka","para_i_7484.xml"
"insiktu","para_i_7485.xml"
"insíma","para_i_7486.xml"
"insimáda","para_i_7487.xml"
"insinsaryu","para_i_7488.xml"
"insinsu","para_i_7489.xml"
"insistǐr","para_i_7490.xml"
"insiyur","para_i_7491.xml"
"inspiksiyun","para_i_7492.xml"
"inspiktur","para_i_7493.xml"
"inspirar","para_i_7494.xml"
"instalar","para_i_7495.xml"
"institusyun","para_i_7496.xml"
"institiyut","para_i_7497.xml"
"instruksiyun","para_i_7498.xml"
"instrumintu","para_i_7499.xml"
"instul","para_i_7500.xml"
"*insular","para_i_7501.xml"
"insultu","para_i_7502.xml"
"insumáda","para_i_7503.xml"
"insumniya","para_i_7504.xml"
"insuriktu","para_i_7505.xml"
"insuy","para_i_7506.xml"
"intabládu","para_i_7507.xml"
"intap","para_i_7508.xml"
"intáwun","para_i_7509.xml"
"intil1","para_i_7510.xml"
"intil2","para_i_7511.xml"
"intilhinti, intilihinti","para_i_7512.xml"
"intimánu","para_i_7513.xml"
"intinsiyun","para_i_7514.xml"
"intirbinir","para_i_7515.xml"
"intirbintur","para_i_7516.xml"
"intirbiyu","para_i_7517.xml"
"intiris1","para_i_7518.xml"
"intiris2","para_i_7519.xml"
"intiriyur","para_i_7520.xml"
"intir kurs","para_i_7521.xml"
"intirmidiya","para_i_7522.xml"
"intirmidiyu","para_i_7523.xml"
"intirmisyun","para_i_7524.xml"
"intirn","para_i_7525.xml"
"intirna","para_i_7526.xml"
"intirnal","para_i_7527.xml"
"intirnasyunal","para_i_7528.xml"
"intirnu","para_i_7529.xml"
"intirpriti, intirpritir","para_i_7530.xml"
"intíru","para_i_7531.xml"
"intiyíru","para_i_7532.xml"
"intiw","para_i_7533.xml"
"intra","para_i_7534.xml"
"intrabudyǔs","para_i_7535.xml"
"intráda","para_i_7536.xml"
"intrans","para_i_7537.xml"
"intranti","para_i_7538.xml"
"intri","para_i_7539.xml"
"intribinir","para_i_7540.xml"
"intribista","para_i_7541.xml"
"intribudyǔs","para_i_7542.xml"
"intríga","para_i_7543.xml"
"intrigar","para_i_7544.xml"
"intrígu","para_i_7545.xml"
"intrimitir","para_i_7546.xml"
"intripiti","para_i_7547.xml"
"intrisádu","para_i_7548.xml"
"intrisáli","para_i_7549.xml"
"intriyul, intriyur","para_i_7550.xml"
"intru","para_i_7551.xml"
"intrubudyǔs","para_i_7552.xml"
"intrudyǔs","para_i_7553.xml"
"intrunisar","para_i_7554.xml"
"intsards","para_i_7555.xml"
"intunsis","para_i_7556.xml"
"intus","para_i_7557.xml"
"intuy","para_i_7558.xml"
"inudúru","para_i_7559.xml"
"inugurasiyun","para_i_7560.xml"
"inuínu","para_i_7561.xml"
"inum","para_i_7562.xml"
"inun-an","para_i_7563.xml"
"inunay","para_i_7564.xml"
"inúnay","para_i_7565.xml"
"inupung","para_i_7566.xml"
"inusinti, inusintis","para_i_7567.xml"
"inut","para_i_7568.xml"
"inútil","para_i_7569.xml"
"inyam","para_i_7570.xml"
"inyiksiyun","para_i_7571.xml"
"inyu","para_i_7572.xml"
"ipak","para_i_7573.xml"
"íp buy","para_i_7574.xml"
"ípi","para_i_7575.xml"
"ipidimya","para_i_7576.xml"
"ipikasint","para_i_7577.xml"
"*ipik","para_i_7578.xml"
"ipiktar","para_i_7579.xml"
"ipiktíbu","para_i_7580.xml"
"ipiktu","para_i_7581.xml"
"ipiktus","para_i_7582.xml"
"ipil","para_i_7583.xml"
"ipiliptiku","para_i_7584.xml"
"ípis","para_i_7585.xml"
"ipistula","para_i_7586.xml"
"ipit, ípit","para_i_7587.xml"
"íp lay","para_i_7588.xml"
"iplì","para_i_7589.xml"
"iprun","para_i_7590.xml"
"ipsut","para_i_7591.xml"
"ipù1","para_i_7592.xml"
"ipù2","para_i_7593.xml"
"ipukrita","para_i_7594.xml"
"ipukritu","para_i_7595.xml"
"ipun","para_i_7596.xml"
"ípus","para_i_7597.xml"
"ipus-ipus","para_i_7598.xml"
"iputíka","para_i_7599.xml"
"IR5","para_i_7600.xml"
"-íra","para_i_7601.xml"
"irad","para_i_7602.xml"
"irag","para_i_7603.xml"
"iráid","para_i_7604.xml"
"íras","para_i_7605.xml"
"*íray","para_i_7606.xml"
"irbabuyna","para_i_7607.xml"
"irbras","para_i_7608.xml"
"irbubuyna","para_i_7609.xml"
"irbularyu","para_i_7610.xml"
"irgat","para_i_7611.xml"
"irgu1","para_i_7612.xml"
"irgu2","para_i_7613.xml"
"irgutína","para_i_7614.xml"
"irgu trit","para_i_7615.xml"
"íri","para_i_7616.xml"
"írid","para_i_7617.xml"
"iridar","para_i_7618.xml"
"irigar","para_i_7619.xml"
"irigular","para_i_7620.xml"
"irihinsiya","para_i_7621.xml"
"iríhis","para_i_7622.xml"
"iring","para_i_7623.xml"
"irinsiya","para_i_7624.xml"
"iris","para_i_7625.xml"
"irisipilas","para_i_7626.xml"
"irispunsabli","para_i_7627.xml"
"iritar","para_i_7628.xml"
"irkun","para_i_7629.xml"
"irkundisyun","para_i_7630.xml"
"irmad","para_i_7631.xml"
"irmána","para_i_7632.xml"
"irmánu","para_i_7633.xml"
"*irmánus","para_i_7634.xml"
"irmat","para_i_7635.xml"
"irmil","para_i_7636.xml"
"irmitanyu","para_i_7637.xml"
"irniya","para_i_7638.xml"
"irpad","para_i_7639.xml"
"irpákit","para_i_7640.xml"
"irpat","para_i_7641.xml"
"irpun","para_i_7642.xml"
"irpurt","para_i_7643.xml"
"irsisyu","para_i_7644.xml"
"irù","para_i_7645.xml"
"-íru","para_i_7646.xml"
"irug","para_i_7647.xml"
"iruk","para_i_7648.xml"
"isa1","para_i_7649.xml"
"isa2","para_i_7650.xml"
"ísa","para_i_7651.xml"
"isà","para_i_7652.xml"
"ísà","para_i_7653.xml"
"isab","para_i_7654.xml"
"isang dakut na bigas","para_i_7655.xml"
"isdà","para_i_7656.xml"
"isdug","para_i_7657.xml"
"isdyi","para_i_7658.xml"
"isi, ísi1","para_i_7659.xml"
"ísi2","para_i_7660.xml"
"ísi3","para_i_7661.xml"
"ísi4","para_i_7662.xml"
"ísi riturn","para_i_7663.xml"
"*isig","para_i_7664.xml"
"isig-isig","para_i_7665.xml"
"isiisi","para_i_7666.xml"
"isiísi2","para_i_7667.xml"
"isína","para_i_7668.xml"
"ising-ising","para_i_7669.xml"
"ísip","para_i_7670.xml"
"is-is","para_i_7671.xml"
"iskabitsi","para_i_7672.xml"
"iskála","para_i_7673.xml"
"iskalanti","para_i_7674.xml"
"iskálar","para_i_7675.xml"
"iskalarsyip","para_i_7676.xml"
"iskalipsi","para_i_7677.xml"
"iskalíra1","para_i_7678.xml"
"iskalíra2","para_i_7679.xml"
"iskalítur","para_i_7680.xml"
"iskandalu","para_i_7681.xml"
"iskapadur","para_i_7682.xml"
"iskapal, iskapar","para_i_7683.xml"
"iskaparáti","para_i_7684.xml"
"iskapaturya","para_i_7685.xml"
"iskápu","para_i_7686.xml"
"iskapularyu","para_i_7687.xml"
"iskarp","para_i_7688.xml"
"iskats","para_i_7689.xml"
"iskáwut","para_i_7690.xml"
"iskay is da (di) limit","para_i_7691.xml"
"iskidyul","para_i_7692.xml"
"iskilibinti","para_i_7693.xml"
"iskilipsi","para_i_7694.xml"
"iskilitun","para_i_7695.xml"
"iskína","para_i_7696.xml"
"iskiníta","para_i_7697.xml"
"iskiping rup","para_i_7698.xml"
"iskir","para_i_7699.xml"
"iskiríma","para_i_7700.xml"
"iskirul","para_i_7701.xml"
"iskiyus","para_i_7702.xml"
"isklibinti","para_i_7703.xml"
"isklimintǎr","para_i_7704.xml"
"isklipsi","para_i_7705.xml"
"iskrab","para_i_7706.xml"
"iskrábul","para_i_7707.xml"
"iskram1","para_i_7708.xml"
"iskrats1","para_i_7709.xml"
"iskrats2","para_i_7710.xml"
"iskríba","para_i_7711.xml"
"iskribánu","para_i_7712.xml"
"iskribinti, iskribyinti","para_i_7713.xml"
"iskríma","para_i_7714.xml"
"iskrimintǎr","para_i_7715.xml"
"iskrin","para_i_7716.xml"
"iskrip","para_i_7717.xml"
"iskrípir","para_i_7718.xml"
"iskrituryu","para_i_7719.xml"
"iskru","para_i_7720.xml"
"iskúba1","para_i_7721.xml"
"iskúba2","para_i_7722.xml"
"iskuhir","para_i_7723.xml"
"iskúlar","para_i_7724.xml"
"iskulbus","para_i_7725.xml"
"iskulsuplayis","para_i_7726.xml"
"iskultur","para_i_7727.xml"
"iskupidur","para_i_7728.xml"
"iskupíta","para_i_7729.xml"
"iskúr","para_i_7730.xml"
"iskuríya","para_i_7731.xml"
"iskursiyun","para_i_7732.xml"
"iskurt","para_i_7733.xml"
"iskusya","para_i_7734.xml"
"iskutinyu","para_i_7735.xml"
"iskútir","para_i_7736.xml"
"iskuwadrun","para_i_7737.xml"
"iskuwála","para_i_7738.xml"
"iskuwat1","para_i_7739.xml"
"iskuwat2","para_i_7740.xml"
"iskuwir","para_i_7741.xml"
"iskuyla","para_i_7742.xml"
"isla","para_i_7743.xml"
"islag1","para_i_7744.xml"
"islag2","para_i_7745.xml"
"islaks","para_i_7746.xml"
"islang","para_i_7747.xml"
"islaw","para_i_7748.xml"
"islayding","para_i_7749.xml"
"islayid rul","para_i_7750.xml"
"isláyid1","para_i_7751.xml"
"isláyid2","para_i_7752.xml"
"isláyis","para_i_7753.xml"
"isliblis","para_i_7754.xml"
"islindir","para_i_7755.xml"
"islú drag","para_i_7756.xml"
"islúput","para_i_7757.xml"
"ismagling","para_i_7758.xml"
"ismaglir","para_i_7759.xml"
"ismágul","para_i_7760.xml"
"ismart, ismarti","para_i_7761.xml"
"ismayling","para_i_7762.xml"
"ismilir, ismiril","para_i_7763.xml"
"ismiringhuy","para_i_7764.xml"
"ismúgul","para_i_7765.xml"
"ismul batíri bul","para_i_7766.xml"
"isnatsir","para_i_7767.xml"
"isníkir","para_i_7768.xml"
"isnú","para_i_7769.xml"
"ispáda","para_i_7770.xml"
"ispadil","para_i_7771.xml"
"ispaghíti","para_i_7772.xml"
"ispaltu","para_i_7773.xml"
"Ispánis","para_i_7774.xml"
"Ispaniyul","para_i_7775.xml"
"ispansbat","para_i_7776.xml"
"ispanta","para_i_7777.xml"
"Ispanya","para_i_7778.xml"
"Ispanyúla","para_i_7779.xml"
"Ispanyúlis","para_i_7780.xml"
"ispáring","para_i_7781.xml"
"ispǎrk plag","para_i_7782.xml"
"ispasyu","para_i_7783.xml"
"ispat","para_i_7784.xml"
"ispǎt1","para_i_7785.xml"
"ispǎt2","para_i_7786.xml"
"ispatlayit","para_i_7787.xml"
"ispáyik","para_i_7788.xml"
"ispayral","para_i_7789.xml"
"ispíd","para_i_7790.xml"
"ispidbut1","para_i_7791.xml"
"ispidbut2","para_i_7792.xml"
"ispidnu","para_i_7793.xml"
"ispíhu","para_i_7794.xml"
"ispíking","para_i_7795.xml"
"ispíkir1","para_i_7796.xml"
"ispíkir2","para_i_7797.xml"
"ispiksiyun","para_i_7798.xml"
"ispíling","para_i_7799.xml"
"ispír","para_i_7800.xml"
"ispiragus","para_i_7801.xml"
"ispiraltima","para_i_7802.xml"
"*ispiransa","para_i_7803.xml"
"ispíra ultima","para_i_7804.xml"
"*ispírit","para_i_7805.xml"
"ispiritista","para_i_7806.xml"
"ispiritu","para_i_7807.xml"
"ispirma","para_i_7808.xml"
"ispisiyal","para_i_7809.xml"
"ispísu","para_i_7810.xml"
"ispisyalista","para_i_7811.xml"
"ispíya","para_i_7812.xml"
"isplikar","para_i_7813.xml"
"isplǐt1","para_i_7814.xml"
"isplǐt2","para_i_7815.xml"
"isprí","para_i_7816.xml"
"ispringpild","para_i_7817.xml"
"ispuksib","para_i_7818.xml"
"ispúku","para_i_7819.xml"
"ispungha","para_i_7820.xml"
"ispunghar","para_i_7821.xml"
"ispungháwu","para_i_7822.xml"
"ispunsur","para_i_7823.xml"
"ispurt1","para_i_7824.xml"
"ispurt2","para_i_7825.xml"
"ispurts kar","para_i_7826.xml"
"ispúsa","para_i_7827.xml"
"ispúsu","para_i_7828.xml"
"ispúting","para_i_7829.xml"
"ispúwil","para_i_7830.xml"
"Israylítas","para_i_7831.xml"
"ist","para_i_7832.xml"
"istabiyin","para_i_7833.xml"
"istablisar","para_i_7834.xml"
"istadista","para_i_7835.xml"
"istádiyum","para_i_7836.xml"
"istádu","para_i_7837.xml"
"Istádus Unídus","para_i_7838.xml"
"isták","para_i_7839.xml"
"istáka","para_i_7840.xml"
"istak-ap","para_i_7841.xml"
"istáking, istákings","para_i_7842.xml"
"ístakul","para_i_7843.xml"
"istalar","para_i_7844.xml"
"istalasiyun","para_i_7845.xml"
"istambay","para_i_7846.xml"
"istampa1","para_i_7847.xml"
"istampa2","para_i_7848.xml"
"istampǎr","para_i_7849.xml"
"istampíta","para_i_7850.xml"
"istan","para_i_7851.xml"
"istanbay","para_i_7852.xml"
"istandar, istandard","para_i_7853.xml"
"istandarti","para_i_7854.xml"
"istanding1","para_i_7855.xml"
"istanding2","para_i_7856.xml"
"istansa","para_i_7857.xml"
"istanti","para_i_7858.xml"
"istanyu","para_i_7859.xml"
"istáp1","para_i_7860.xml"
"istáp2","para_i_7861.xml"
"istápa","para_i_7862.xml"
"istapbul","para_i_7863.xml"
"istǎr","para_i_7864.xml"
"istar dansir","para_i_7865.xml"
"istarim","para_i_7866.xml"
"istáring","para_i_7867.xml"
"istartir","para_i_7868.xml"
"istasiyun1","para_i_7869.xml"
"istasiyun2","para_i_7870.xml"
"istátik","para_i_7871.xml"
"istatistika","para_i_7872.xml"
"istatúwa","para_i_7873.xml"
"istáyil","para_i_7874.xml"
"istaylis","para_i_7875.xml"
"isti1","para_i_7876.xml"
"isti2","para_i_7877.xml"
"istibidur","para_i_7878.xml"
"istídi","para_i_7879.xml"
"*istígi","para_i_7880.xml"
"istikin ap, istikinap","para_i_7881.xml"
"istíkir","para_i_7882.xml"
"istilítu","para_i_7883.xml"
"istilmáting","para_i_7884.xml"
"istilmit","para_i_7885.xml"
"istílu","para_i_7886.xml"
"istilwul","para_i_7887.xml"
"istima, istimar1","para_i_7888.xml"
"istimar2","para_i_7889.xml"
"istimit","para_i_7890.xml"
"istinsil","para_i_7891.xml"
"istinugrapir","para_i_7892.xml"
"istip","para_i_7893.xml"
"istipburd","para_i_7894.xml"
"istip-in","para_i_7895.xml"
"istíping","para_i_7896.xml"
"istiplir, istípul","para_i_7897.xml"
"istíril","para_i_7898.xml"
"istiriláyis","para_i_7899.xml"
"istiryu","para_i_7900.xml"
"Istits","para_i_7901.xml"
"istitsáyid","para_i_7902.xml"
"istituskup","para_i_7903.xml"
"istityu","para_i_7904.xml"
"istranghíru","para_i_7905.xml"
"istranyu","para_i_7906.xml"
"istráp","para_i_7907.xml"
"istráyik1","para_i_7908.xml"
"istráyik2","para_i_7909.xml"
"istri","para_i_7910.xml"
"istribilyu","para_i_7911.xml"
"istríbu","para_i_7912.xml"
"istribur","para_i_7913.xml"
"istrikta","para_i_7914.xml"
"istriktu","para_i_7915.xml"
"istrilya","para_i_7916.xml"
"istrilyíta","para_i_7917.xml"
"istrimlayin","para_i_7918.xml"
"istrit1, istrít1","para_i_7919.xml"
"istrit2, istrít2","para_i_7920.xml"
"istrit3, istrít3","para_i_7921.xml"
"istritbul","para_i_7922.xml"
"istritsabul, istritsibul","para_i_7923.xml"
"istritsir","para_i_7924.xml"
"istrú","para_i_7925.xml"
"istrubíri","para_i_7926.xml"
"istrúk","para_i_7927.xml"
"istrúki","para_i_7928.xml"
"istrúking","para_i_7929.xml"
"istruksiyun","para_i_7930.xml"
"istrungkǎr","para_i_7931.xml"
"istrúpa","para_i_7932.xml"
"istúb","para_i_7933.xml"
"istudiyanti","para_i_7934.xml"
"istudiyu1","para_i_7935.xml"
"istudiyu2","para_i_7936.xml"
"istukáda","para_i_7937.xml"
"istúki","para_i_7938.xml"
"istula","para_i_7939.xml"
"istumagu","para_i_7940.xml"
"istúpa","para_i_7941.xml"
"istupádu","para_i_7942.xml"
"istupida","para_i_7943.xml"
"istupidu","para_i_7944.xml"
"isturbu","para_i_7945.xml"
"isturya","para_i_7946.xml"
"*istiyúdint","para_i_7947.xml"
"isud, isug","para_i_7948.xml"
"ísug","para_i_7949.xml"
"ísul1","para_i_7950.xml"
"ísul2","para_i_7951.xml"
"iswag","para_i_7952.xml"
"iswid","para_i_7953.xml"
"iswim1","para_i_7954.xml"
"iswim2","para_i_7955.xml"
"iswis","para_i_7956.xml"
"isyu1","para_i_7957.xml"
"isyu2","para_i_7958.xml"
"íta1","para_i_7959.xml"
"íta2, ità","para_i_7960.xml"
"itad-itad","para_i_7961.xml"
"itay","para_i_7962.xml"
"itbi","para_i_7963.xml"
"itgam","para_i_7964.xml"
"iti","para_i_7965.xml"
"íti","para_i_7966.xml"
"itì","para_i_7967.xml"
"itiíti","para_i_7968.xml"
"ítik1","para_i_7969.xml"
"*ítik2","para_i_7970.xml"
"itikíta","para_i_7971.xml"
"ítip","para_i_7972.xml"
"ítir","para_i_7973.xml"
"itirinaryu","para_i_7974.xml"
"itlib","para_i_7975.xml"
"itlug","para_i_7976.xml"
"itnib","para_i_7977.xml"
"itsa","para_i_7978.xml"
"itsar","para_i_7979.xml"
"itsas1","para_i_7980.xml"
"itsas2","para_i_7981.xml"
"itsay","para_i_7982.xml"
"itsiban","para_i_7983.xml"
"itsu diritsu","para_i_7984.xml"
"itsus","para_i_7985.xml"
"itsuy","para_i_7986.xml"
"ítu","para_i_7987.xml"
"ítuk","para_i_7988.xml"
"itum","para_i_7989.xml"
"it-un","para_i_7990.xml"
"*ítung","para_i_7991.xml"
"ítus","para_i_7992.xml"
"itus-ítus","para_i_7993.xml"
"ítut","para_i_7994.xml"
"ituy","para_i_7995.xml"
"íwa","para_i_7996.xml"
"iwad","para_i_7997.xml"
"íwag","para_i_7998.xml"
"iwang-íwang","para_i_7999.xml"
"iwas, íwas","para_i_8000.xml"
"íway","para_i_8001.xml"
"iwígik","para_i_8002.xml"
"íwik","para_i_8003.xml"
"iwit","para_i_8004.xml"
"íya","para_i_8005.xml"
"iyà","para_i_8006.xml"
"iyágak","para_i_8007.xml"
"íyak","para_i_8008.xml"
"iyak-iyak","para_i_8009.xml"
"iyása","para_i_8010.xml"
"iyat","para_i_8011.xml"
"iyawan","para_i_8012.xml"
"iyáwat","para_i_8013.xml"
"iyù","para_i_8014.xml"
"*iyukaristiku","para_i_8015.xml"
"Iyurúpa","para_i_8016.xml"
"íyut","para_i_8017.xml"
"kura, kúra1","para_k_10000.xml"
"kúra2","para_k_10001.xml"
"kurà","para_k_10002.xml"
"kuradang","para_k_10003.xml"
"kurag","para_k_10004.xml"
"kurakul","para_k_10005.xml"
"kural","para_k_10006.xml"
"kuralun","para_k_10007.xml"
"kurambus","para_k_10008.xml"
"kurambúsà","para_k_10009.xml"
"kurang","para_k_10010.xml"
"kurangut","para_k_10011.xml"
"kurapkurap","para_k_10012.xml"
"kurapsiyun","para_k_10013.xml"
"kurasiyun","para_k_10014.xml"
"kurat","para_k_10015.xml"
"kuratsa","para_k_10016.xml"
"kuraw1","para_k_10017.xml"
"kuraw2","para_k_10018.xml"
"kúraw","para_k_10019.xml"
"kúray","para_k_10020.xml"
"kurayag","para_k_10021.xml"
"kuráyus","para_k_10022.xml"
"kuráyut","para_k_10023.xml"
"kurba","para_k_10024.xml"
"kurbáta","para_k_10025.xml"
"kurbáwu","para_k_10026.xml"
"kurbu","para_k_10027.xml"
"kurd","para_k_10028.xml"
"kurdaping","para_k_10029.xml"
"kurdíru","para_k_10030.xml"
"kurdis","para_k_10031.xml"
"kurdísu","para_k_10032.xml"
"kurdun","para_k_10033.xml"
"kurduruy","para_k_10034.xml"
"kúri1","para_k_10035.xml"
"kúri2","para_k_10036.xml"
"kuríbut","para_k_10037.xml"
"kurídas","para_k_10038.xml"
"kurídu","para_k_10039.xml"
"kuridur1","para_k_10040.xml"
"kuridur2","para_k_10041.xml"
"Kurihidur","para_k_10042.xml"
"kurihir","para_k_10043.xml"
"kurik","para_k_10044.xml"
"kurikit","para_k_10045.xml"
"kurìkurì","para_k_10046.xml"
"kurindu","para_k_10047.xml"
"kurinti","para_k_10048.xml"
"kuríput","para_k_10049.xml"
"kuríring","para_k_10050.xml"
"kuriskuris","para_k_10051.xml"
"kurispundinsiya","para_k_10052.xml"
"kurispunsal","para_k_10053.xml"
"kur-ispunsur","para_k_10054.xml"
"kurista","para_k_10055.xml"
"kurit","para_k_10056.xml"
"kuríya","para_k_10057.xml"
"kuríyu","para_k_10058.xml"
"kur kamandir","para_k_10059.xml"
"kurkubádu, kurkubáwu","para_k_10060.xml"
"kur kumandir","para_k_10061.xml"
"kurlir","para_k_10062.xml"
"kurmáta","para_k_10063.xml"
"kurna1","para_k_10064.xml"
"kurna2","para_k_10065.xml"
"kurnáwu","para_k_10066.xml"
"kurnil","para_k_10067.xml"
"kurnir1","para_k_10068.xml"
"kurnir2","para_k_10069.xml"
"kurnit","para_k_10070.xml"
"kurníta","para_k_10071.xml"
"kurnitin","para_k_10072.xml"
"kurpinyu","para_k_10073.xml"
"kurpiyu","para_k_10074.xml"
"kurpural","para_k_10075.xml"
"kurpurasiyun","para_k_10076.xml"
"Kurpus Kristi","para_k_10077.xml"
"kursan","para_k_10078.xml"
"kursǐ","para_k_10079.xml"
"kursikan","para_k_10080.xml"
"kursilyu","para_k_10081.xml"
"kursit","para_k_10082.xml"
"kursu1","para_k_10083.xml"
"kursu2","para_k_10084.xml"
"kursunáda","para_k_10085.xml"
"kurt","para_k_10086.xml"
"kurta1","para_k_10087.xml"
"kurta2","para_k_10088.xml"
"kurtal","para_k_10089.xml"
"kurti1","para_k_10090.xml"
"kurti2","para_k_10091.xml"
"kurti3","para_k_10092.xml"
"kurtína","para_k_10093.xml"
"kurtin rísir","para_k_10094.xml"
"kurtisíya","para_k_10095.xml"
"kurtsítis","para_k_10096.xml"
"kurtsu","para_k_10097.xml"
"kurtu","para_k_10098.xml"
"kúru","para_k_10099.xml"
"kúrù","para_k_10100.xml"
"kúrug","para_k_10101.xml"
"kurúhay","para_k_10102.xml"
"kúruk","para_k_10103.xml"
"kurukignul","para_k_10104.xml"
"kurukunghu","para_k_10105.xml"
"kurukuntung","para_k_10106.xml"
"kurukúru","para_k_10107.xml"
"kurukutuk1","para_k_10108.xml"
"kurukutuk2","para_k_10109.xml"
"kúrum","para_k_10110.xml"
"kurúna","para_k_10111.xml"
"kurunasiyun","para_k_10112.xml"
"kurung1","para_k_10113.xml"
"kurung2, kúrung","para_k_10114.xml"
"kurungkuntung","para_k_10115.xml"
"kurunil","para_k_10116.xml"
"kurunit","para_k_10117.xml"
"kuruntù","para_k_10118.xml"
"kurupsiyun","para_k_10119.xml"
"kurus","para_k_10120.xml"
"kúrus","para_k_10121.xml"
"kurut, kúrut","para_k_10122.xml"
"kurutsay","para_k_10123.xml"
"kúruy","para_k_10124.xml"
"kuryinti","para_k_10125.xml"
"kuryúsu1","para_k_10126.xml"
"kuryúsu2","para_k_10127.xml"
"kuryúsu3","para_k_10128.xml"
"kús","para_k_10129.xml"
"kusáhus","para_k_10130.xml"
"kúsaw","para_k_10131.xml"
"kusay","para_k_10132.xml"
"kusbat","para_k_10133.xml"
"kusi","para_k_10134.xml"
"kusì","para_k_10135.xml"
"kusína","para_k_10136.xml"
"*kusing","para_k_10137.xml"
"kúsing","para_k_10138.xml"
"kusinilya","para_k_10139.xml"
"kusísang","para_k_10140.xml"
"kusitsa","para_k_10141.xml"
"kuskus1","para_k_10142.xml"
"kuskus2","para_k_10143.xml"
"kuslad","para_k_10144.xml"
"kusmáut","para_k_10145.xml"
"kusmítik","para_k_10146.xml"
"kusmu","para_k_10147.xml"
"kusmud","para_k_10148.xml"
"kusmus","para_k_10149.xml"
"kusnit","para_k_10150.xml"
"kusnut","para_k_10151.xml"
"kuspag","para_k_10152.xml"
"kuspidur","para_k_10153.xml"
"kustabli","para_k_10154.xml"
"kustabularya","para_k_10155.xml"
"kustanyíra","para_k_10156.xml"
"kustǎr1","para_k_10157.xml"
"kustǎr2","para_k_10158.xml"
"kustiyáda, kustiyar","para_k_10159.xml"
"kustiyun","para_k_10160.xml"
"kustum","para_k_10161.xml"
"kustumbri","para_k_10162.xml"
"kustumir","para_k_10163.xml"
"kustumri","para_k_10164.xml"
"kusturíra","para_k_10165.xml"
"kusug","para_k_10166.xml"
"kusukúsu","para_k_10167.xml"
"kusung","para_k_10168.xml"
"kút","para_k_10169.xml"
"kúta","para_k_10170.xml"
"kútà","para_k_10171.xml"
"kútab","para_k_10172.xml"
"kutána","para_k_10173.xml"
"kutang1","para_k_10174.xml"
"kutang2","para_k_10175.xml"
"kutang3","para_k_10176.xml"
"kutas1","para_k_10177.xml"
"kutas2","para_k_10178.xml"
"kutat","para_k_10179.xml"
"kútaw","para_k_10180.xml"
"kutay","para_k_10181.xml"
"kuthan","para_k_10182.xml"
"kuti","para_k_10183.xml"
"kúti","para_k_10184.xml"
"kútib","para_k_10185.xml"
"kutíhu","para_k_10186.xml"
"kútiks","para_k_10187.xml"
"kútil","para_k_10188.xml"
"kutim","para_k_10189.xml"
"kuting1","para_k_10190.xml"
"kuting2","para_k_10191.xml"
"kúting","para_k_10192.xml"
"kutingkuting","para_k_10193.xml"
"kútir","para_k_10194.xml"
"kútis","para_k_10195.xml"
"kutítub","para_k_10196.xml"
"kutkut","para_k_10197.xml"
"kutlì","para_k_10198.xml"
"kutlig","para_k_10199.xml"
"kutlù","para_k_10200.xml"
"kúts","para_k_10201.xml"
"kutsára","para_k_10202.xml"
"kutsi","para_k_10203.xml"
"kutsilyu","para_k_10204.xml"
"kutsína","para_k_10205.xml"
"kutsinta","para_k_10206.xml"
"kutsínu1","para_k_10207.xml"
"kutsínu2","para_k_10208.xml"
"kutsínu3","para_k_10209.xml"
"kutsíru","para_k_10210.xml"
"kutsítis","para_k_10211.xml"
"kutsitsa","para_k_10212.xml"
"kutsu","para_k_10213.xml"
"kutsukutsu","para_k_10214.xml"
"kutsun","para_k_10215.xml"
"kutu","para_k_10216.xml"
"kútu1","para_k_10217.xml"
"kútu2","para_k_10218.xml"
"kútù1","para_k_10219.xml"
"kútù2","para_k_10220.xml"
"kutub","para_k_10221.xml"
"kútub","para_k_10222.xml"
"kutubkutub","para_k_10223.xml"
"kutud","para_k_10224.xml"
"kutukkutuk","para_k_10225.xml"
"kutul","para_k_10226.xml"
"kutuy","para_k_10227.xml"
"kuub","para_k_10228.xml"
"kúub2","para_k_10229.xml"
"kúug","para_k_10230.xml"
"kúul","para_k_10231.xml"
"kúum","para_k_10232.xml"
"kúup","para_k_10233.xml"
"kuupirar","para_k_10234.xml"
"kuurdinadur","para_k_10235.xml"
"kuurdinasiyun","para_k_10236.xml"
"kúut","para_k_10237.xml"
"kuuykuuy","para_k_10238.xml"
"kuwa-","para_k_10239.xml"
"kuwak","para_k_10240.xml"
"kuwan","para_k_10241.xml"
"kuwing","para_k_10242.xml"
"kuyabug","para_k_10243.xml"
"kuyáig","para_k_10244.xml"
"kuyákin","para_k_10245.xml"
"kuyákiw","para_k_10246.xml"
"kuyaknit","para_k_10247.xml"
"kuyamad","para_k_10248.xml"
"kuyámang","para_k_10249.xml"
"kuyamas","para_k_10250.xml"
"kuyámis","para_k_10251.xml"
"kuyámud","para_k_10252.xml"
"kuyámug","para_k_10253.xml"
"kuyamuy","para_k_10254.xml"
"kuyánap","para_k_10255.xml"
"kuyap","para_k_10256.xml"
"kuyapì","para_k_10257.xml"
"kuyáput","para_k_10258.xml"
"kuyárut","para_k_10259.xml"
"kuyaw","para_k_10260.xml"
"kuyayì","para_k_10261.xml"
"kuyba","para_k_10262.xml"
"kuydáwu","para_k_10263.xml"
"kuykuy","para_k_10264.xml"
"kuyláda","para_k_10265.xml"
"kuylaw","para_k_10266.xml"
"kuymi","para_k_10267.xml"
"kúyug","para_k_10268.xml"
"kuyugpus","para_k_10269.xml"
"kuyúkus","para_k_10270.xml"
"kuyus","para_k_10271.xml"
"kuyuskus","para_k_10272.xml"
"kuyut1","para_k_10273.xml"
"kuyut2","para_k_10274.xml"
"kwa-","para_k_10275.xml"
"kwabútan","para_k_10276.xml"
"kwadhutur","para_k_10277.xml"
"kwadirnu","para_k_10278.xml"
"kwadra","para_k_10279.xml"
"kwadráda","para_k_10280.xml"
"kwadrádu","para_k_10281.xml"
"kwadrísu","para_k_10282.xml"
"kwadru1","para_k_10283.xml"
"kwadru2","para_k_10284.xml"
"kwadruplikit","para_k_10285.xml"
"kwáhab","para_k_10286.xml"
"kwahaw, kwáhaw","para_k_10287.xml"
"kwáhu","para_k_10288.xml"
"kwákig","para_k_10289.xml"
"kwákir uts","para_k_10290.xml"
"kwáku","para_k_10291.xml"
"kwalipikar","para_k_10292.xml"
"kwalipikasiyun","para_k_10293.xml"
"kwalisiyun","para_k_10294.xml"
"kwalta","para_k_10295.xml"
"kwámug","para_k_10296.xml"
"kwandig","para_k_10297.xml"
"kwanggul","para_k_10298.xml"
"kwári, kwárì","para_k_10299.xml"
"kwarinta","para_k_10300.xml"
"kwarintína, kwarintínas","para_k_10301.xml"
"kwarisma","para_k_10302.xml"
"kwarta1","para_k_10303.xml"
"kwarta2","para_k_10304.xml"
"kwartil","para_k_10305.xml"
"kwartisar","para_k_10306.xml"
"kwartu1","para_k_10307.xml"
"kwartu2","para_k_10308.xml"
"kwatru","para_k_10309.xml"
"kwáyir","para_k_10310.xml"
"kwilyu","para_k_10311.xml"
"kwín","para_k_10312.xml"
"kwinpus","para_k_10313.xml"
"kwinta1","para_k_10314.xml"
"kwinta2","para_k_10315.xml"
"kwintas1","para_k_10316.xml"
"*kwintas2","para_k_10317.xml"
"kwirdas1","para_k_10318.xml"
"kwirdas2","para_k_10319.xml"
"kwirpu","para_k_10320.xml"
"kwistiyun","para_k_10321.xml"
"kwítis","para_k_10322.xml"
"kwúta","para_k_10323.xml"
"kyag-ang","para_k_10324.xml"
"kyaknit","para_k_10325.xml"
"kyampaw","para_k_10326.xml"
"kyampi","para_k_10327.xml"
"kyamud","para_k_10328.xml"
"kyamuy","para_k_10329.xml"
"kyápù","para_k_10330.xml"
"kyawkaw, kyawkyaw","para_k_10331.xml"
"kyugpus","para_k_10332.xml"
"kyúkus","para_k_10333.xml"
"kyungkung","para_k_10334.xml"
"kyusku","para_k_10335.xml"
"kyuskus","para_k_10336.xml"
"kyúum","para_k_10337.xml"
"ka1","para_k_8018.xml"
"ka2","para_k_8019.xml"
"*ka3","para_k_8020.xml"
"ka4","para_k_8021.xml"
"ka-1","para_k_8022.xml"
"ka-2","para_k_8023.xml"
"ka-3","para_k_8024.xml"
"ka-4","para_k_8025.xml"
"ká","para_k_8026.xml"
"káag","para_k_8027.xml"
"ka-an1","para_k_8028.xml"
"ka-an2","para_k_8029.xml"
"ka-an3 (←)","para_k_8030.xml"
"kaang1","para_k_8031.xml"
"kaang2","para_k_8032.xml"
"kaangkáang","para_k_8033.xml"
"káat","para_k_8034.xml"
"kába","para_k_8035.xml"
"kabad","para_k_8036.xml"
"kábag","para_k_8037.xml"
"kabaghak","para_k_8038.xml"
"kabahíru","para_k_8039.xml"
"kabahung","para_k_8040.xml"
"kabàkábà","para_k_8041.xml"
"kabal","para_k_8042.xml"
"kabalungga","para_k_8043.xml"
"kabalíti","para_k_8044.xml"
"kabalyiríya","para_k_8045.xml"
"kabalyíru1","para_k_8046.xml"
"kabalyíru2","para_k_8047.xml"
"kabalyíti","para_k_8048.xml"
"kabalyu, kabalyus","para_k_8049.xml"
"kaban1","para_k_8050.xml"
"kaban2","para_k_8051.xml"
"kabang","para_k_8052.xml"
"kab-ang","para_k_8053.xml"
"kabangáhan","para_k_8054.xml"
"kabarit","para_k_8055.xml"
"kabaryu","para_k_8056.xml"
"kabási","para_k_8057.xml"
"kábat","para_k_8058.xml"
"Kabatáang Makabáyan","para_k_8059.xml"
"kabatkabat","para_k_8060.xml"
"kábaw1","para_k_8061.xml"
"kábaw2","para_k_8062.xml"
"kabawkábaw","para_k_8063.xml"
"kab-ay","para_k_8064.xml"
"kabayru","para_k_8065.xml"
"kabáyù","para_k_8066.xml"
"kabdus","para_k_8067.xml"
"kabhang","para_k_8068.xml"
"kábi","para_k_8069.xml"
"kabiba, kabíba","para_k_8070.xml"
"kabíbat","para_k_8071.xml"
"kabibit","para_k_8072.xml"
"kábig","para_k_8073.xml"
"kabíkab","para_k_8074.xml"
"kabíkag","para_k_8075.xml"
"kabil","para_k_8076.xml"
"kabílaw","para_k_8077.xml"
"kabildu","para_k_8078.xml"
"kabilinggan","para_k_8079.xml"
"kabilíti","para_k_8080.xml"
"kabilkabil","para_k_8081.xml"
"kabilúsu","para_k_8082.xml"
"kabilya","para_k_8083.xml"
"kábin","para_k_8084.xml"
"kab-ing","para_k_8085.xml"
"kabinit","para_k_8086.xml"
"kabir","para_k_8087.xml"
"kábir","para_k_8088.xml"
"kabísa","para_k_8089.xml"
"kabisáda","para_k_8090.xml"
"kabisádu","para_k_8091.xml"
"kabisdak","para_k_8092.xml"
"kabisilya","para_k_8093.xml"
"kabisíra","para_k_8094.xml"
"kabit","para_k_8095.xml"
"kábit","para_k_8096.xml"
"kab-it","para_k_8097.xml"
"kabkab1","para_k_8098.xml"
"kabkab2","para_k_8099.xml"
"kabkab3","para_k_8100.xml"
"kabli","para_k_8101.xml"
"kabligráma","para_k_8102.xml"
"kabling","para_k_8103.xml"
"kablit","para_k_8104.xml"
"kabra","para_k_8105.xml"
"kabtang","para_k_8106.xml"
"kabting","para_k_8107.xml"
"kábu","para_k_8108.xml"
"kabù","para_k_8109.xml"
"kabud","para_k_8110.xml"
"kabuduk","para_k_8111.xml"
"kabug1","para_k_8112.xml"
"kabug2","para_k_8113.xml"
"kabugasun, kabugwasun","para_k_8114.xml"
"kabúgaw","para_k_8115.xml"
"kabúhì","para_k_8116.xml"
"kabukabu","para_k_8117.xml"
"kabúkaw","para_k_8118.xml"
"kabulay","para_k_8119.xml"
"kabunghan","para_k_8120.xml"
"kábu nigru","para_k_8121.xml"
"kaburáta","para_k_8122.xml"
"kabus1","para_k_8123.xml"
"kabus2","para_k_8124.xml"
"kabus-uk","para_k_8125.xml"
"kábut","para_k_8126.xml"
"kab-ut","para_k_8127.xml"
"kabútan","para_k_8128.xml"
"kabuway","para_k_8129.xml"
"kabya","para_k_8130.xml"
"kabyára","para_k_8131.xml"
"kabyaw","para_k_8132.xml"
"kabyun","para_k_8133.xml"
"káda","para_k_8134.xml"
"kadáding","para_k_8135.xml"
"kadaíya","para_k_8136.xml"
"kadal-ug","para_k_8137.xml"
"kad-ang","para_k_8138.xml"
"kadangkadang","para_k_8139.xml"
"kadastral","para_k_8140.xml"
"kadaw-ug","para_k_8141.xml"
"kadína","para_k_8142.xml"
"kading","para_k_8143.xml"
"kadisnun","para_k_8144.xml"
"kadíti","para_k_8145.xml"
"kadkad","para_k_8146.xml"
"kadlas","para_k_8147.xml"
"kadlit","para_k_8148.xml"
"kadlum","para_k_8149.xml"
"kadtu","para_k_8150.xml"
"kadtut","para_k_8151.xml"
"kadyapà","para_k_8152.xml"
"*kadyì","para_k_8153.xml"
"kadyung","para_k_8154.xml"
"kadyus","para_k_8155.xml"
"kág","para_k_8156.xml"
"kagà","para_k_8157.xml"
"kágà","para_k_8158.xml"
"kagabkab","para_k_8159.xml"
"kagàkà1","para_k_8160.xml"
"kagàkà2","para_k_8161.xml"
"kagalkal","para_k_8162.xml"
"kágang","para_k_8163.xml"
"kag-ang","para_k_8164.xml"
"kagar","para_k_8165.xml"
"kagaral","para_k_8166.xml"
"kágards","para_k_8167.xml"
"kagas","para_k_8168.xml"
"kágas1","para_k_8169.xml"
"kágas2","para_k_8170.xml"
"kagaskas","para_k_8171.xml"
"kagat","para_k_8172.xml"
"kágaw","para_k_8173.xml"
"kagáwad","para_k_8174.xml"
"kagawkaw","para_k_8175.xml"
"kagay1","para_k_8176.xml"
"kágay","para_k_8177.xml"
"kagaykay1","para_k_8178.xml"
"kagaykay2","para_k_8179.xml"
"kagibúhì","para_k_8180.xml"
"kagid","para_k_8181.xml"
"kagidlay","para_k_8182.xml"
"kagíit","para_k_8183.xml"
"kagìkì","para_k_8184.xml"
"kagilkil","para_k_8185.xml"
"kaging","para_k_8186.xml"
"kagingking","para_k_8187.xml"
"kágis","para_k_8188.xml"
"kagiskis1","para_k_8189.xml"
"kagiskis2","para_k_8190.xml"
"kagiskis3","para_k_8191.xml"
"kágit","para_k_8192.xml"
"kagitkit","para_k_8193.xml"
"kágiw","para_k_8194.xml"
"kagkag1","para_k_8195.xml"
"kagkag2","para_k_8196.xml"
"kagmu","para_k_8197.xml"
"kagmud","para_k_8198.xml"
"kagù","para_k_8199.xml"
"kagubkub","para_k_8200.xml"
"kagud","para_k_8201.xml"
"kagùkù1","para_k_8202.xml"
"kagùkù2","para_k_8203.xml"
"kagulángan","para_k_8204.xml"
"kagulíyang","para_k_8205.xml"
"kagulkul","para_k_8206.xml"
"kagumkum","para_k_8207.xml"
"kagung1","para_k_8208.xml"
"kagung2","para_k_8209.xml"
"kagungkung","para_k_8210.xml"
"kagunkágun","para_k_8211.xml"
"kagupà, kagúpà","para_k_8212.xml"
"kágus","para_k_8213.xml"
"kaguskus","para_k_8214.xml"
"kágut","para_k_8215.xml"
"kagutkut","para_k_8216.xml"
"kagwang","para_k_8217.xml"
"kagyu","para_k_8218.xml"
"káha","para_k_8219.xml"
"kahà","para_k_8220.xml"
"káhà","para_k_8221.xml"
"káham","para_k_8222.xml"
"kahamkaham","para_k_8223.xml"
"kahangay1","para_k_8224.xml"
"kahangay2","para_k_8225.xml"
"kahápun","para_k_8226.xml"
"káhas","para_k_8227.xml"
"kahátì","para_k_8228.xml"
"kahid-un","para_k_8229.xml"
"káhig","para_k_8230.xml"
"kahil1","para_k_8231.xml"
"kahil2","para_k_8232.xml"
"kahimtang","para_k_8233.xml"
"kahir","para_k_8234.xml"
"kahíra, kahíru","para_k_8235.xml"
"kahis","para_k_8236.xml"
"kahista","para_k_8237.xml"
"kahíta","para_k_8238.xml"
"kahug, káhug","para_k_8239.xml"
"kahun","para_k_8240.xml"
"káhuy","para_k_8241.xml"
"kahúyung","para_k_8242.xml"
"kaimítu","para_k_8243.xml"
"kain","para_k_8244.xml"
"kaína","para_k_8245.xml"
"kaing","para_k_8246.xml"
"kaíngin","para_k_8247.xml"
"kaintì","para_k_8248.xml"
"kairil","para_k_8249.xml"
"kák","para_k_8250.xml"
"káka","para_k_8251.xml"
"kakà","para_k_8252.xml"
"kákà","para_k_8253.xml"
"kàkà1","para_k_8254.xml"
"kàkà2","para_k_8255.xml"
"kákak","para_k_8256.xml"
"kakas","para_k_8257.xml"
"kakaw","para_k_8258.xml"
"kakawáti","para_k_8259.xml"
"kakha","para_k_8260.xml"
"káki","para_k_8261.xml"
"kakin","para_k_8262.xml"
"kaktil","para_k_8263.xml"
"kaktus","para_k_8264.xml"
"kakyup","para_k_8265.xml"
"kál1","para_k_8266.xml"
"kál2","para_k_8267.xml"
"kalába","para_k_8268.xml"
"kalab-ánan","para_k_8269.xml"
"kalabanghan","para_k_8270.xml"
"kalabantus","para_k_8271.xml"
"kalabásà","para_k_8272.xml"
"kalábat","para_k_8273.xml"
"kalabaw","para_k_8274.xml"
"kalabíra","para_k_8275.xml"
"kalabkab","para_k_8276.xml"
"kalábu","para_k_8277.xml"
"kalabus, kalabúsu","para_k_8278.xml"
"kaladángan","para_k_8279.xml"
"kaladkad","para_k_8280.xml"
"kaládu","para_k_8281.xml"
"kalag","para_k_8282.xml"
"kalagiw","para_k_8283.xml"
"kalagkag","para_k_8284.xml"
"kalagu","para_k_8285.xml"
"kaláhà","para_k_8286.xml"
"kalahátì","para_k_8287.xml"
"kalàkalà","para_k_8288.xml"
"kaláki","para_k_8289.xml"
"kalakkalak","para_k_8290.xml"
"kalam","para_k_8291.xml"
"kálam","para_k_8292.xml"
"kalamalunggay","para_k_8293.xml"
"kalamansi, kalamansì","para_k_8294.xml"
"kalamantígì","para_k_8295.xml"
"kalámay","para_k_8296.xml"
"kalamayu, kalamáyu","para_k_8297.xml"
"kalambíbat","para_k_8298.xml"
"kalambitay","para_k_8299.xml"
"kalambri1","para_k_8300.xml"
"kalambri2","para_k_8301.xml"
"kalambúra","para_k_8302.xml"
"kalamidad","para_k_8303.xml"
"kalamri","para_k_8304.xml"
"kalamúhuy","para_k_8305.xml"
"kalamúkat","para_k_8306.xml"
"kalamundì, kalamundin, kalamunding","para_k_8307.xml"
"kalamunggay","para_k_8308.xml"
"kalamutsing","para_k_8309.xml"
"kalan, kálan","para_k_8310.xml"
"kalandátay","para_k_8311.xml"
"kalandrákas","para_k_8312.xml"
"kálang","para_k_8313.xml"
"kal-ang","para_k_8314.xml"
"kalangkálang","para_k_8315.xml"
"kálap1","para_k_8316.xml"
"kálap2","para_k_8317.xml"
"kalapáti","para_k_8318.xml"
"kalapi1","para_k_8319.xml"
"kalapi2","para_k_8320.xml"
"kalapíti","para_k_8321.xml"
"kalapitsi","para_k_8322.xml"
"kalapkap","para_k_8323.xml"
"kalapúti","para_k_8324.xml"
"kaláru","para_k_8325.xml"
"kalas1","para_k_8326.xml"
"kalas2","para_k_8327.xml"
"kalásag","para_k_8328.xml"
"kalasíkas","para_k_8329.xml"
"kalaskálas","para_k_8330.xml"
"kalaskas","para_k_8331.xml"
"kalat, kálat1","para_k_8332.xml"
"kálat2","para_k_8333.xml"
"kalatkat","para_k_8334.xml"
"kalatsutsi","para_k_8335.xml"
"kalátung","para_k_8336.xml"
"kálaw","para_k_8337.xml"
"kaláwan","para_k_8338.xml"
"kaláwat","para_k_8339.xml"
"kalaw-it","para_k_8340.xml"
"kálay","para_k_8341.xml"
"kalaykay1","para_k_8342.xml"
"kalaykay2","para_k_8343.xml"
"kaláyu","para_k_8344.xml"
"kalbaryu","para_k_8345.xml"
"kalbásà","para_k_8346.xml"
"kalbu","para_k_8347.xml"
"kalbúru","para_k_8348.xml"
"kaldíra","para_k_8349.xml"
"kaldirin","para_k_8350.xml"
"kaldiríta1","para_k_8351.xml"
"kaldiríta2, kaldirítas","para_k_8352.xml"
"kaldíru","para_k_8353.xml"
"kaldíyu","para_k_8354.xml"
"kaldu","para_k_8355.xml"
"kalgas","para_k_8356.xml"
"kalhang","para_k_8357.xml"
"kalhay1","para_k_8358.xml"
"kalhay2","para_k_8359.xml"
"káli","para_k_8360.xml"
"kalibhay","para_k_8361.xml"
"kalibkib","para_k_8362.xml"
"kalibri1","para_k_8363.xml"
"kalibri2","para_k_8364.xml"
"kalibugan","para_k_8365.xml"
"kalidad","para_k_8366.xml"
"kalidádis2","para_k_8367.xml"
"kálids","para_k_8368.xml"
"kálids swing","para_k_8369.xml"
"kaligkig","para_k_8370.xml"
"kaligutgut","para_k_8371.xml"
"kalìhay","para_k_8372.xml"
"kalíhim","para_k_8373.xml"
"kalimbagas","para_k_8374.xml"
"kalimpus","para_k_8375.xml"
"kalimutaw, kalimútaw","para_k_8376.xml"
"kalindaryu","para_k_8377.xml"
"kalinding","para_k_8378.xml"
"kaling","para_k_8379.xml"
"káling","para_k_8380.xml"
"kalíngag","para_k_8381.xml"
"kalingkaling","para_k_8382.xml"
"kalingkit","para_k_8383.xml"
"kalinyas","para_k_8384.xml"
"kalípay","para_k_8385.xml"
"kalipikar","para_k_8386.xml"
"kalipikasiyun","para_k_8387.xml"
"kalipir","para_k_8388.xml"
"kalipláwir","para_k_8389.xml"
"kalipsu","para_k_8390.xml"
"kalíring","para_k_8391.xml"
"kalíru1","para_k_8392.xml"
"kalíru2","para_k_8393.xml"
"kalis","para_k_8394.xml"
"kális1","para_k_8395.xml"
"kális2","para_k_8396.xml"
"kalísa","para_k_8397.xml"
"kaliskis","para_k_8398.xml"
"kalit","para_k_8399.xml"
"kalítang","para_k_8400.xml"
"kalkag","para_k_8401.xml"
"kalkal","para_k_8402.xml"
"kalkulu, kalkúlu","para_k_8403.xml"
"kalma","para_k_8404.xml"
"kalsáda","para_k_8405.xml"
"kalsadur","para_k_8406.xml"
"kalsitin","para_k_8407.xml"
"kalsu","para_k_8408.xml"
"kalsúnis","para_k_8409.xml"
"kalsunsilyu","para_k_8410.xml"
"kaltik","para_k_8411.xml"
"kaltiks","para_k_8412.xml"
"kalù1","para_k_8413.xml"
"kalù2","para_k_8414.xml"
"kálù","para_k_8415.xml"
"kalub","para_k_8416.xml"
"kalubay","para_k_8417.xml"
"kalúbid","para_k_8418.xml"
"kalubkub","para_k_8419.xml"
"kalug","para_k_8420.xml"
"kalugkalug","para_k_8421.xml"
"kalugpus, kalugpuy","para_k_8422.xml"
"kalugtì","para_k_8423.xml"
"kalugungkugung","para_k_8424.xml"
"kalúha","para_k_8425.xml"
"kalukalu","para_k_8426.xml"
"kalukálu1","para_k_8427.xml"
"kalukálu2","para_k_8428.xml"
"kalukhu","para_k_8429.xml"
"kalúkud","para_k_8430.xml"
"kalúkus","para_k_8431.xml"
"kalumingking","para_k_8432.xml"
"kalumitsing","para_k_8433.xml"
"kalumpang","para_k_8434.xml"
"kalumpit","para_k_8435.xml"
"kalung1","para_k_8436.xml"
"kalung2","para_k_8437.xml"
"kalunggu","para_k_8438.xml"
"kalungkung","para_k_8439.xml"
"kalunsing","para_k_8440.xml"
"kalúpù","para_k_8441.xml"
"kalus","para_k_8442.xml"
"kaluskus1","para_k_8443.xml"
"kaluskus2","para_k_8444.xml"
"kaluskus3","para_k_8445.xml"
"kálut","para_k_8446.xml"
"kalutkut","para_k_8447.xml"
"kaluwaan","para_k_8448.xml"
"kaluykuy","para_k_8449.xml"
"kalyi","para_k_8450.xml"
"kalyu","para_k_8451.xml"
"kalyus","para_k_8452.xml"
"kám","para_k_8453.xml"
"káma","para_k_8454.xml"
"kamadutsay","para_k_8455.xml"
"kamagkù","para_k_8456.xml"
"kamagung","para_k_8457.xml"
"kamálig","para_k_8458.xml"
"kamálù","para_k_8459.xml"
"kamalunggay","para_k_8460.xml"
"kamandag","para_k_8461.xml"
"kamandir","para_k_8462.xml"
"kamang","para_k_8463.xml"
"kámang","para_k_8464.xml"
"kamangyan","para_k_8465.xml"
"kamaníru","para_k_8466.xml"
"kamansi","para_k_8467.xml"
"kamansili, kamansilis","para_k_8468.xml"
"kamantígì","para_k_8469.xml"
"kamanyan","para_k_8470.xml"
"kamara báha","para_k_8471.xml"
"kamarin","para_k_8472.xml"
"kamarun","para_k_8473.xml"
"kamarúti","para_k_8474.xml"
"kámas1","para_k_8475.xml"
"kámas2","para_k_8476.xml"
"kamátis","para_k_8477.xml"
"kamáug1","para_k_8478.xml"
"kamáug2","para_k_8479.xml"
"kam-aw","para_k_8480.xml"
"kamay","para_k_8481.xml"
"kámay","para_k_8482.xml"
"kamayingking","para_k_8483.xml"
"kamayu","para_k_8484.xml"
"kamba","para_k_8485.xml"
"kambang","para_k_8486.xml"
"kambantulì","para_k_8487.xml"
"kambas","para_k_8488.xml"
"kambat","para_k_8489.xml"
"kambáya","para_k_8490.xml"
"kambirs","para_k_8491.xml"
"kambiyáda","para_k_8492.xml"
"kambiyu","para_k_8493.xml"
"kambiyúlu","para_k_8494.xml"
"kambúha","para_k_8495.xml"
"*kamhir","para_k_8496.xml"
"kami","para_k_8497.xml"
"kámig","para_k_8498.xml"
"kámil, kamilyu","para_k_8499.xml"
"kamingking","para_k_8500.xml"
"kaminíru","para_k_8501.xml"
"kamintang1","para_k_8502.xml"
"kamintang2","para_k_8503.xml"
"kamira","para_k_8504.xml"
"kamísa","para_k_8505.xml"
"kamisin","para_k_8506.xml"
"kamisíta","para_k_8507.xml"
"kamisúla","para_k_8508.xml"
"kamisulin","para_k_8509.xml"
"kamisun","para_k_8510.xml"
"kamkam","para_k_8511.xml"
"kamlà","para_k_8512.xml"
"kamlas","para_k_8513.xml"
"kamlut","para_k_8514.xml"
"kampamintu","para_k_8515.xml"
"kampána","para_k_8516.xml"
"kampanilya2","para_k_8517.xml"
"kampanti","para_k_8518.xml"
"kampanya","para_k_8519.xml"
"kampat","para_k_8520.xml"
"kampi1","para_k_8521.xml"
"kampi2","para_k_8522.xml"
"kampílan","para_k_8523.xml"
"kamping","para_k_8524.xml"
"kampísaw","para_k_8525.xml"
"kampiyun","para_k_8526.xml"
"kampu1","para_k_8527.xml"
"kampu2","para_k_8528.xml"
"kampur","para_k_8529.xml"
"kampus","para_k_8530.xml"
"kamras","para_k_8531.xml"
"kamray","para_k_8532.xml"
"kamrut","para_k_8533.xml"
"kamu","para_k_8534.xml"
"kámu","para_k_8535.xml"
"kamù","para_k_8536.xml"
"kamug","para_k_8537.xml"
"*kamug","para_k_8538.xml"
"kamúgaw","para_k_8539.xml"
"kamúhuy","para_k_8540.xml"
"kamukámu","para_k_8541.xml"
"kamul","para_k_8542.xml"
"kámul","para_k_8543.xml"
"kamulitsing","para_k_8544.xml"
"kamúlu","para_k_8545.xml"
"kamunggay","para_k_8546.xml"
"kamúning","para_k_8547.xml"
"kamuritsing","para_k_8548.xml"
"kamusta","para_k_8549.xml"
"kamut","para_k_8550.xml"
"kámut","para_k_8551.xml"
"kamúti","para_k_8552.xml"
"kamuy","para_k_8553.xml"
"kamwà","para_k_8554.xml"
"kamya","para_k_8555.xml"
"kamyas","para_k_8556.xml"
"kanà1","para_k_8557.xml"
"kanà2","para_k_8558.xml"
"kanáas","para_k_8559.xml"
"kanahan1","para_k_8560.xml"
"kanahan2","para_k_8561.xml"
"kanáhù","para_k_8562.xml"
"kanáit","para_k_8563.xml"
"kanáka1","para_k_8564.xml"
"kanáka2","para_k_8565.xml"
"kanákù","para_k_8566.xml"
"kanal","para_k_8567.xml"
"kanámù","para_k_8568.xml"
"kánap","para_k_8569.xml"
"kanastru","para_k_8570.xml"
"kánat","para_k_8571.xml"
"kanátù","para_k_8572.xml"
"kanáug","para_k_8573.xml"
"kanáway1","para_k_8574.xml"
"kanáway2","para_k_8575.xml"
"kanawkánaw","para_k_8576.xml"
"kánay","para_k_8577.xml"
"kanày","para_k_8578.xml"
"kanayun","para_k_8579.xml"
"kanbas1","para_k_8580.xml"
"kanbas2","para_k_8581.xml"
"kandádu","para_k_8582.xml"
"kandaktur","para_k_8583.xml"
"kandi","para_k_8584.xml"
"kandidáta","para_k_8585.xml"
"kandidátu","para_k_8586.xml"
"kandidit","para_k_8587.xml"
"kandíis1","para_k_8588.xml"
"kandíis2","para_k_8589.xml"
"kandil","para_k_8590.xml"
"kandílà","para_k_8591.xml"
"kandilabra","para_k_8592.xml"
"kandilarya","para_k_8593.xml"
"kandílaw","para_k_8594.xml"
"kandilíru","para_k_8595.xml"
"kanding","para_k_8596.xml"
"kandul","para_k_8597.xml"
"kandungga","para_k_8598.xml"
"kandus","para_k_8599.xml"
"kanduwálì","para_k_8600.xml"
"kang1","para_k_8601.xml"
"kang2","para_k_8602.xml"
"kángà","para_k_8603.xml"
"kang-a","para_k_8604.xml"
"kang-al","para_k_8605.xml"
"kangga","para_k_8606.xml"
"kanggaru","para_k_8607.xml"
"kanggrína","para_k_8608.xml"
"kangkang","para_k_8609.xml"
"kangkárut","para_k_8610.xml"
"*kanghu","para_k_8611.xml"
"kangrína","para_k_8612.xml"
"kángù","para_k_8613.xml"
"kanhi","para_k_8614.xml"
"kani","para_k_8615.xml"
"kaniadtu","para_k_8616.xml"
"kaníha","para_k_8617.xml"
"kaníla","para_k_8618.xml"
"kanilun","para_k_8619.xml"
"kanímu","para_k_8620.xml"
"kanína","para_k_8621.xml"
"kaníngag","para_k_8622.xml"
"kaninyu","para_k_8623.xml"
"kánit","para_k_8624.xml"
"kaníya","para_k_8625.xml"
"kaniyun1","para_k_8626.xml"
"kaniyun2","para_k_8627.xml"
"kankan","para_k_8628.xml"
"kanlat","para_k_8629.xml"
"kansa","para_k_8630.xml"
"kansil","para_k_8631.xml"
"kansilar","para_k_8632.xml"
"kansiling","para_k_8633.xml"
"kansir","para_k_8634.xml"
"kansiyun1","para_k_8635.xml"
"kansiyun2, kansiyung","para_k_8636.xml"
"kansursilyu","para_k_8637.xml"
"kanta","para_k_8638.xml"
"kantalíta","para_k_8639.xml"
"kantidad","para_k_8640.xml"
"kantil","para_k_8641.xml"
"kantin","para_k_8642.xml"
"kantína","para_k_8643.xml"
"kantíru","para_k_8644.xml"
"kantu","para_k_8645.xml"
"kantur","para_k_8646.xml"
"kanù","para_k_8647.xml"
"kanukay","para_k_8648.xml"
"kan-un","para_k_8649.xml"
"kanúnay","para_k_8650.xml"
"kanunisar","para_k_8651.xml"
"kanus-a","para_k_8652.xml"
"kanúus","para_k_8653.xml"
"kanyáhay","para_k_8654.xml"
"kanyamásu, kanyamu","para_k_8655.xml"
"kanyunásu","para_k_8656.xml"
"kanyútu","para_k_8657.xml"
"kap","para_k_8658.xml"
"káp","para_k_8659.xml"
"kápa1","para_k_8660.xml"
"kápa2","para_k_8661.xml"
"kapagkapag","para_k_8662.xml"
"kapakápa","para_k_8663.xml"
"kapákut","para_k_8664.xml"
"kapal","para_k_8665.xml"
"kápal, kap-al","para_k_8666.xml"
"kapálaw","para_k_8667.xml"
"kapan, kapankapan","para_k_8668.xml"
"kapan-usan","para_k_8669.xml"
"kapar","para_k_8670.xml"
"kapasidad","para_k_8671.xml"
"kapatas","para_k_8672.xml"
"kápaw","para_k_8673.xml"
"kapay","para_k_8674.xml"
"kapáyas","para_k_8675.xml"
"kapdrap","para_k_8676.xml"
"kapi1","para_k_8677.xml"
"*kapi2, *kápi1","para_k_8678.xml"
"kápi2","para_k_8679.xml"
"kapi aspirína","para_k_8680.xml"
"kapìkapì","para_k_8681.xml"
"kapilya","para_k_8682.xml"
"kapin","para_k_8683.xml"
"káping","para_k_8684.xml"
"káping sú","para_k_8685.xml"
"kápir","para_k_8686.xml"
"kapisnun","para_k_8687.xml"
"kapistuwa","para_k_8688.xml"
"kápit","para_k_8689.xml"
"kapital","para_k_8690.xml"
"kapitan","para_k_8691.xml"
"kapitíra","para_k_8692.xml"
"kapitiríya, kapitirya","para_k_8693.xml"
"kapitul","para_k_8694.xml"
"kapitulu","para_k_8695.xml"
"kapitulyu","para_k_8696.xml"
"kapkap1","para_k_8697.xml"
"kapkap2","para_k_8698.xml"
"kapkáp","para_k_8699.xml"
"kaplag","para_k_8700.xml"
"kapling","para_k_8701.xml"
"kapri","para_k_8702.xml"
"kapritsu","para_k_8703.xml"
"kápul","para_k_8704.xml"
"kapulíhay","para_k_8705.xml"
"kapulut","para_k_8706.xml"
"kapun","para_k_8707.xml"
"kápung","para_k_8708.xml"
"kapunsa","para_k_8709.xml"
"kapupungtan","para_k_8710.xml"
"kapus1","para_k_8711.xml"
"kapus2","para_k_8712.xml"
"kap-us","para_k_8713.xml"
"kaput","para_k_8714.xml"
"káput1","para_k_8715.xml"
"káput2","para_k_8716.xml"
"kapúti","para_k_8717.xml"
"kápuy","para_k_8718.xml"
"kapyaspirína","para_k_8719.xml"
"kapyut","para_k_8720.xml"
"kára","para_k_8721.xml"
"kárà","para_k_8722.xml"
"karáan","para_k_8723.xml"
"karab, kárab","para_k_8724.xml"
"karabalyas","para_k_8725.xml"
"karabansus","para_k_8726.xml"
"karabaw1","para_k_8727.xml"
"karabaw2","para_k_8728.xml"
"karábu","para_k_8729.xml"
"karadutsi","para_k_8730.xml"
"karadyaw","para_k_8731.xml"
"kárag","para_k_8732.xml"
"karahay1","para_k_8733.xml"
"karahay2","para_k_8734.xml"
"karahay3","para_k_8735.xml"
"karáhu1","para_k_8736.xml"
"karáhu2","para_k_8737.xml"
"karáhu3","para_k_8738.xml"
"karakara","para_k_8739.xml"
"karaktir1","para_k_8740.xml"
"karaktir2","para_k_8741.xml"
"karakul","para_k_8742.xml"
"káral","para_k_8743.xml"
"karamba","para_k_8744.xml"
"karambúla","para_k_8745.xml"
"karamílu","para_k_8746.xml"
"karampag","para_k_8747.xml"
"karamúsing","para_k_8748.xml"
"karamutsing","para_k_8749.xml"
"kárang","para_k_8750.xml"
"karansa, karansay","para_k_8751.xml"
"karapáta","para_k_8752.xml"
"karapatdápat","para_k_8753.xml"
"karapitsi","para_k_8754.xml"
"karapkarap","para_k_8755.xml"
"karas","para_k_8756.xml"
"káras1","para_k_8757.xml"
"káras2","para_k_8758.xml"
"karaskaras","para_k_8759.xml"
"karat","para_k_8760.xml"
"kárat1","para_k_8761.xml"
"karáti","para_k_8762.xml"
"karatil1","para_k_8763.xml"
"karatil2","para_k_8764.xml"
"karatsutsi","para_k_8765.xml"
"karatsutsu","para_k_8766.xml"
"karatula","para_k_8767.xml"
"karátung","para_k_8768.xml"
"káraw1","para_k_8769.xml"
"káraw2","para_k_8770.xml"
"karáwi","para_k_8771.xml"
"karaygan","para_k_8772.xml"
"karbalyas","para_k_8773.xml"
"karbansus","para_k_8774.xml"
"karbáyin, karbin","para_k_8775.xml"
"karbun1","para_k_8776.xml"
"karbun2, karbǔn","para_k_8777.xml"
"karbunátu","para_k_8778.xml"
"karburadur","para_k_8779.xml"
"karbúru","para_k_8780.xml"
"kard","para_k_8781.xml"
"kardába","para_k_8782.xml"
"kardinal","para_k_8783.xml"
"kardíru","para_k_8784.xml"
"karga","para_k_8785.xml"
"karganti","para_k_8786.xml"
"kargu","para_k_8787.xml"
"*kari1","para_k_8788.xml"
"kari2","para_k_8789.xml"
"kári","para_k_8790.xml"
"karidad","para_k_8791.xml"
"karikatúra","para_k_8792.xml"
"karikit","para_k_8793.xml"
"karína","para_k_8794.xml"
"karindiríya","para_k_8795.xml"
"karingking","para_k_8796.xml"
"karinyu","para_k_8797.xml"
"karinyúsa2","para_k_8798.xml"
"karír","para_k_8799.xml"
"karíra1","para_k_8800.xml"
"karíra2","para_k_8801.xml"
"karista","para_k_8802.xml"
"karíta1","para_k_8803.xml"
"karíta2","para_k_8804.xml"
"karíti","para_k_8805.xml"
"karitil","para_k_8806.xml"
"karitíla","para_k_8807.xml"
"karitilya","para_k_8808.xml"
"karitíra, karitíras","para_k_8809.xml"
"karítis","para_k_8810.xml"
"karitun","para_k_8811.xml"
"karkulu, karkúlu","para_k_8812.xml"
"karlang1","para_k_8813.xml"
"karlang2","para_k_8814.xml"
"karmas","para_k_8815.xml"
"karmilítus","para_k_8816.xml"
"karmílu","para_k_8817.xml"
"karmin","para_k_8818.xml"
"karminatíbu","para_k_8819.xml"
"karnába","para_k_8820.xml"
"karnabal1","para_k_8821.xml"
"karnabal2","para_k_8822.xml"
"karni","para_k_8823.xml"
"karníru","para_k_8824.xml"
"karpintíru","para_k_8825.xml"
"karpit","para_k_8826.xml"
"karsáda","para_k_8827.xml"
"karsil","para_k_8828.xml"
"karsitin","para_k_8829.xml"
"karsu","para_k_8830.xml"
"karsúnis","para_k_8831.xml"
"karsunsilya","para_k_8832.xml"
"karsunsilyu","para_k_8833.xml"
"karta1","para_k_8834.xml"
"karta2","para_k_8835.xml"
"kartabun","para_k_8836.xml"
"kartil","para_k_8837.xml"
"kartilya1","para_k_8838.xml"
"kartilya2","para_k_8839.xml"
"kartíra1","para_k_8840.xml"
"kartíra2","para_k_8841.xml"
"kartíru","para_k_8842.xml"
"kartíyu","para_k_8843.xml"
"kartulína","para_k_8844.xml"
"kartun1","para_k_8845.xml"
"kartun2, kartuning","para_k_8846.xml"
"kartutsu","para_k_8847.xml"
"káru","para_k_8848.xml"
"karù","para_k_8849.xml"
"karul","para_k_8850.xml"
"kárul1","para_k_8851.xml"
"kárul2","para_k_8852.xml"
"karumáta","para_k_8853.xml"
"karun","para_k_8854.xml"
"kárung","para_k_8855.xml"
"karunsing","para_k_8856.xml"
"karúsa","para_k_8857.xml"
"karut, kárut1","para_k_8858.xml"
"kárut2","para_k_8859.xml"
"karwáhi","para_k_8860.xml"
"karwas","para_k_8861.xml"
"karyáda","para_k_8862.xml"
"karyír","para_k_8863.xml"
"kás1","para_k_8864.xml"
"kā́s2","para_k_8865.xml"
"kasa","para_k_8866.xml"
"kása","para_k_8867.xml"
"kásà","para_k_8868.xml"
"kas-a1","para_k_8869.xml"
"kasába","para_k_8870.xml"
"kasádu","para_k_8871.xml"
"kasag","para_k_8872.xml"
"kasáhus","para_k_8873.xml"
"kasal","para_k_8874.xml"
"kasaníhan","para_k_8875.xml"
"kasap","para_k_8876.xml"
"kasapuygu","para_k_8877.xml"
"kasar1","para_k_8878.xml"
"kasar2","para_k_8879.xml"
"kásaw","para_k_8880.xml"
"kasba1","para_k_8881.xml"
"kasba2","para_k_8882.xml"
"kasbu","para_k_8883.xml"
"kási1","para_k_8884.xml"
"kási2","para_k_8885.xml"
"kasibáya","para_k_8886.xml"
"kasíkas","para_k_8887.xml"
"kasíli1","para_k_8888.xml"
"kasíli2","para_k_8889.xml"
"kasílik","para_k_8890.xml"
"kasilyas","para_k_8891.xml"
"kasing","para_k_8892.xml"
"kasíra","para_k_8893.xml"
"kasirúla","para_k_8894.xml"
"kasíyu","para_k_8895.xml"
"kaskádu","para_k_8896.xml"
"kaskáru","para_k_8897.xml"
"kaskas1","para_k_8898.xml"
"kaskas2","para_k_8899.xml"
"kaskas3","para_k_8900.xml"
"*kaskas4","para_k_8901.xml"
"kaskas5","para_k_8902.xml"
"kaskás","para_k_8903.xml"
"kasku","para_k_8904.xml"
"kaskug","para_k_8905.xml"
"kasla","para_k_8906.xml"
"kaspa","para_k_8907.xml"
"kaspag","para_k_8908.xml"
"kaspat","para_k_8909.xml"
"kasta","para_k_8910.xml"
"kastanits","para_k_8911.xml"
"kastanyas","para_k_8912.xml"
"kastanyíta, kastanyítas","para_k_8913.xml"
"kastǎr","para_k_8914.xml"
"kastígu","para_k_8915.xml"
"kastílà","para_k_8916.xml"
"kastilya","para_k_8917.xml"
"kastilyu","para_k_8918.xml"
"kastur úwil","para_k_8919.xml"
"kastus","para_k_8920.xml"
"kásu","para_k_8921.xml"
"kasulya","para_k_8922.xml"
"kasuy","para_k_8923.xml"
"kaswal","para_k_8924.xml"
"kasway","para_k_8925.xml"
"kasya1","para_k_8926.xml"
"kasya2","para_k_8927.xml"
"kasyahan","para_k_8928.xml"
"kasyúti, kasyútis","para_k_8929.xml"
"kát1","para_k_8930.xml"
"kát2","para_k_8931.xml"
"káta","para_k_8932.xml"
"kátab","para_k_8933.xml"
"katabuk","para_k_8934.xml"
"katadkatad","para_k_8935.xml"
"kátag","para_k_8936.xml"
"katakáta","para_k_8937.xml"
"katála1","para_k_8938.xml"
"katála2","para_k_8939.xml"
"katalagman","para_k_8940.xml"
"katalug, katalugu","para_k_8941.xml"
"katambak","para_k_8942.xml"
"katang","para_k_8943.xml"
"kátap","para_k_8944.xml"
"katarak, kataráta","para_k_8945.xml"
"kataru","para_k_8946.xml"
"kataw","para_k_8947.xml"
"katáwa","para_k_8948.xml"
"kátay","para_k_8949.xml"
"káti, kátì","para_k_8950.xml"
"katíbu","para_k_8951.xml"
"katidral","para_k_8952.xml"
"kátids","para_k_8953.xml"
"kátids indastri","para_k_8954.xml"
"kátig","para_k_8955.xml"
"katigbì","para_k_8956.xml"
"katiguríya","para_k_8957.xml"
"katíkat","para_k_8958.xml"
"katikati","para_k_8959.xml"
"katikismu","para_k_8960.xml"
"katikista","para_k_8961.xml"
"katisismu","para_k_8962.xml"
"katimpa","para_k_8963.xml"
"kátin","para_k_8964.xml"
"kat-in","para_k_8965.xml"
"káting","para_k_8966.xml"
"káting klásis","para_k_8967.xml"
"katípa","para_k_8968.xml"
"katípan","para_k_8969.xml"
"katipúnan, katipuníru","para_k_8970.xml"
"kátir1","para_k_8971.xml"
"kátir2","para_k_8972.xml"
"kátir3","para_k_8973.xml"
"katitir","para_k_8974.xml"
"katkat1","para_k_8975.xml"
"katkat2","para_k_8976.xml"
"katmun","para_k_8977.xml"
"katri","para_k_8978.xml"
"katsa","para_k_8979.xml"
"katsap","para_k_8980.xml"
"katsaw","para_k_8981.xml"
"katsílà","para_k_8982.xml"
"katsir","para_k_8983.xml"
"katsúrì","para_k_8984.xml"
"katu1","para_k_8985.xml"
"katu2","para_k_8986.xml"
"katù — ang úlu","para_k_8987.xml"
"kátù","para_k_8988.xml"
"kátud","para_k_8989.xml"
"katuk","para_k_8990.xml"
"katukà","para_k_8991.xml"
"katukatu","para_k_8992.xml"
"katul1","para_k_8993.xml"
"katul2","para_k_8994.xml"
"katulik dipindir","para_k_8995.xml"
"Katulika","para_k_8996.xml"
"katuliku","para_k_8997.xml"
"katulisismu","para_k_8998.xml"
"katumsan","para_k_8999.xml"
"kat-un","para_k_9000.xml"
"katunggan","para_k_9001.xml"
"katursa1","para_k_9002.xml"
"katursa2","para_k_9003.xml"
"katursi","para_k_9004.xml"
"katyális","para_k_9005.xml"
"katyubung","para_k_9006.xml"
"kaub","para_k_9007.xml"
"kaug","para_k_9008.xml"
"kaugalíngun","para_k_9009.xml"
"káun","para_k_9010.xml"
"ka-un","para_k_9011.xml"
"ka-un(→)","para_k_9012.xml"
"kaung1","para_k_9013.xml"
"kaung2","para_k_9014.xml"
"kaung3","para_k_9015.xml"
"kaungkuy","para_k_9016.xml"
"ka-unun(→)","para_k_9017.xml"
"kaw","para_k_9018.xml"
"káwà","para_k_9019.xml"
"kawáli, kawálì","para_k_9020.xml"
"káwan","para_k_9021.xml"
"káwang","para_k_9022.xml"
"kawáni","para_k_9023.xml"
"kawankawan","para_k_9024.xml"
"káwas","para_k_9025.xml"
"kawasdak","para_k_9026.xml"
"káwat1","para_k_9027.xml"
"káwat2","para_k_9028.xml"
"kawatkáwat","para_k_9029.xml"
"kaway","para_k_9030.xml"
"kawáyan","para_k_9031.xml"
"kawbuy","para_k_9032.xml"
"kawhaan","para_k_9033.xml"
"kawhat","para_k_9034.xml"
"kawhit","para_k_9035.xml"
"kawil","para_k_9036.xml"
"kawinkáwin","para_k_9037.xml"
"kawit","para_k_9038.xml"
"kaw-it","para_k_9039.xml"
"kawkaw","para_k_9040.xml"
"kawkus","para_k_9041.xml"
"kawpi","para_k_9042.xml"
"kawras","para_k_9043.xml"
"kawrut","para_k_9044.xml"
"kawsa","para_k_9045.xml"
"kawu","para_k_9046.xml"
"kawu-","para_k_9047.xml"
"kawunsil","para_k_9048.xml"
"kawuntid","para_k_9049.xml"
"kawuntir1","para_k_9050.xml"
"kawuntir2","para_k_9051.xml"
"kaw-uy","para_k_9052.xml"
"kay","para_k_9053.xml"
"kaya","para_k_9054.xml"
"káya","para_k_9055.xml"
"kayà","para_k_9056.xml"
"kay-a","para_k_9057.xml"
"káyab","para_k_9058.xml"
"kay-ag","para_k_9059.xml"
"kayag-ang","para_k_9060.xml"
"kayagkag1","para_k_9061.xml"
"kayagkag2","para_k_9062.xml"
"kayálì","para_k_9063.xml"
"kayamúkat","para_k_9064.xml"
"káyang","para_k_9065.xml"
"kayangkayang","para_k_9066.xml"
"kayankayan","para_k_9067.xml"
"kayapà","para_k_9068.xml"
"káyas","para_k_9069.xml"
"káyat","para_k_9070.xml"
"káyaw1","para_k_9071.xml"
"káyaw2","para_k_9072.xml"
"kaybuy","para_k_9073.xml"
"kayda","para_k_9074.xml"
"kayhà","para_k_9075.xml"
"kayhun","para_k_9076.xml"
"kayi","para_k_9077.xml"
"káyì","para_k_9078.xml"
"kaykay1,2","para_k_9079.xml"
"kaykay3","para_k_9080.xml"
"kaylab, kaylap","para_k_9081.xml"
"kaymítu","para_k_9082.xml"
"kayril","para_k_9083.xml"
"káyu","para_k_9084.xml"
"*káyù","para_k_9085.xml"
"kayúang","para_k_9086.xml"
"káyud","para_k_9087.xml"
"kayug","para_k_9088.xml"
"kayugpus","para_k_9089.xml"
"kayukayu","para_k_9090.xml"
"kayunda","para_k_9091.xml"
"kayung","para_k_9092.xml"
"kayúring","para_k_9093.xml"
"kayut","para_k_9094.xml"
"kayútis","para_k_9095.xml"
"ki","para_k_9096.xml"
"kí","para_k_9097.xml"
"kî","para_k_9098.xml"
"kiamkiam","para_k_9099.xml"
"kiang","para_k_9100.xml"
"kiat","para_k_9101.xml"
"kiaykíay","para_k_9102.xml"
"kibà","para_k_9103.xml"
"kibad","para_k_9104.xml"
"kibag","para_k_9105.xml"
"kibhang","para_k_9106.xml"
"kibídu","para_k_9107.xml"
"kibkib","para_k_9108.xml"
"kibra","para_k_9109.xml"
"kibù","para_k_9110.xml"
"kibul","para_k_9111.xml"
"kíbul1","para_k_9112.xml"
"kíbul2","para_k_9113.xml"
"kíbul3","para_k_9114.xml"
"kíbut","para_k_9115.xml"
"kid","para_k_9116.xml"
"kida, kída","para_k_9117.xml"
"kída bwilta","para_k_9118.xml"
"kidangkídang","para_k_9119.xml"
"kidhat","para_k_9120.xml"
"kidlap","para_k_9121.xml"
"kidnap","para_k_9122.xml"
"kig-(←)","para_k_9123.xml"
"kigi","para_k_9124.xml"
"kigkig","para_k_9125.xml"
"kignat","para_k_9126.xml"
"kigul","para_k_9127.xml"
"kigwa","para_k_9128.xml"
"kíha","para_k_9129.xml"
"kihar","para_k_9130.xml"
"kihat","para_k_9131.xml"
"kihud, kìhud","para_k_9132.xml"
"kihul","para_k_9133.xml"
"kíim","para_k_9134.xml"
"kík","para_k_9135.xml"
"kikbak","para_k_9136.xml"
"kikhi","para_k_9137.xml"
"kíkì","para_k_9138.xml"
"kìkì","para_k_9139.xml"
"kíkik1","para_k_9140.xml"
"kíkik2","para_k_9141.xml"
"kikílu","para_k_9142.xml"
"kikim","para_k_9143.xml"
"kíking","para_k_9144.xml"
"kilá","para_k_9145.xml"
"kilab","para_k_9146.xml"
"*kilába","para_k_9147.xml"
"kilála","para_k_9148.xml"
"kilas","para_k_9149.xml"
"kílat","para_k_9150.xml"
"kiláti","para_k_9151.xml"
"kílaw","para_k_9152.xml"
"kiláwan","para_k_9153.xml"
"kílay","para_k_9154.xml"
"kilditáyim","para_k_9155.xml"
"kílid","para_k_9156.xml"
"kiligkilig","para_k_9157.xml"
"kilígù","para_k_9158.xml"
"kilikísi","para_k_9159.xml"
"kilikíti","para_k_9160.xml"
"kilíkug","para_k_9161.xml"
"kilíkut","para_k_9162.xml"
"kilim","para_k_9163.xml"
"kíling","para_k_9164.xml"
"kíling ditayim","para_k_9165.xml"
"kilípay","para_k_9166.xml"
"kilis","para_k_9167.xml"
"kilísiw","para_k_9168.xml"
"kilkig","para_k_9169.xml"
"kilkil","para_k_9170.xml"
"kilu","para_k_9171.xml"
"kílu","para_k_9172.xml"
"kilù","para_k_9173.xml"
"*kilug","para_k_9174.xml"
"kilumitru","para_k_9175.xml"
"kilumkílum","para_k_9176.xml"
"kilya","para_k_9177.xml"
"kimàkimà","para_k_9178.xml"
"kimaw","para_k_9179.xml"
"kímay","para_k_9180.xml"
"kimba","para_k_9181.xml"
"*kimbid","para_k_9182.xml"
"kimbig","para_k_9183.xml"
"kimi","para_k_9184.xml"
"kimì1","para_k_9185.xml"
"kimì2","para_k_9186.xml"
"*kimì3","para_k_9187.xml"
"kimika","para_k_9188.xml"
"kimikna, kimiknà","para_k_9189.xml"
"kimiku","para_k_9190.xml"
"kímin","para_k_9191.xml"
"kimist","para_k_9192.xml"
"kimpang","para_k_9193.xml"
"kimpì","para_k_9194.xml"
"kimpit","para_k_9195.xml"
"kimpitay","para_k_9196.xml"
"kimù1","para_k_9197.xml"
"kimù2","para_k_9198.xml"
"kimud, kímud","para_k_9199.xml"
"kimug","para_k_9200.xml"
"kimùkímù","para_k_9201.xml"
"kímun","para_k_9202.xml"
"kimúna","para_k_9203.xml"
"kimut, kímut, kim-ut","para_k_9204.xml"
"kina-an(→)","para_k_9205.xml"
"kináham","para_k_9206.xml"
"kinahángan, kinahanglan","para_k_9207.xml"
"kinaíya","para_k_9208.xml"
"kinákin","para_k_9209.xml"
"kinampay","para_k_9210.xml"
"kinaunsa","para_k_9211.xml"
"kindàkindà","para_k_9212.xml"
"kindang, kindangkindang","para_k_9213.xml"
"kindaykinday","para_k_9214.xml"
"kindi","para_k_9215.xml"
"kindir, kindirgartin","para_k_9216.xml"
"kindwit","para_k_9217.xml"
"king","para_k_9218.xml"
"kíng","para_k_9219.xml"
"kíngas","para_k_9220.xml"
"kíngat","para_k_9221.xml"
"kingki1","para_k_9222.xml"
"kingki2","para_k_9223.xml"
"kingking1","para_k_9224.xml"
"kingking2","para_k_9225.xml"
"kingkiri","para_k_9226.xml"
"kingpin","para_k_9227.xml"
"kingpus","para_k_9228.xml"
"kingsan","para_k_9229.xml"
"king sayis","para_k_9230.xml"
"kinhas","para_k_9231.xml"
"kinhud","para_k_9232.xml"
"kini1","para_k_9233.xml"
"kini2","para_k_9234.xml"
"kinína","para_k_9235.xml"
"kinis, kínis","para_k_9236.xml"
"kinkin","para_k_9237.xml"
"kinlaw","para_k_9238.xml"
"kinsa","para_k_9239.xml"
"kinsan","para_k_9240.xml"
"kinsay","para_k_9241.xml"
"kinsi","para_k_9242.xml"
"kinsína, kinsínas","para_k_9243.xml"
"kinta1, kintà1, kintǎ","para_k_9244.xml"
"kinta2","para_k_9245.xml"
"kintà2","para_k_9246.xml"
"kintab","para_k_9247.xml"
"kintal","para_k_9248.xml"
"kintid","para_k_9249.xml"
"kintsay","para_k_9250.xml"
"kintu1","para_k_9251.xml"
"kintu2","para_k_9252.xml"
"kintuplits","para_k_9253.xml"
"kinù","para_k_9254.xml"
"kinul, kínul","para_k_9255.xml"
"kínut","para_k_9256.xml"
"kinyintus","para_k_9257.xml"
"kípat","para_k_9258.xml"
"kipditsíns","para_k_9259.xml"
"kípì","para_k_9260.xml"
"kípit","para_k_9261.xml"
"kíput1","para_k_9262.xml"
"kíput2","para_k_9263.xml"
"*kíra","para_k_9264.xml"
"kírà","para_k_9265.xml"
"kírang","para_k_9266.xml"
"kirat","para_k_9267.xml"
"kíraw","para_k_9268.xml"
"kiri","para_k_9269.xml"
"kíri","para_k_9270.xml"
"kirída","para_k_9271.xml"
"kírig","para_k_9272.xml"
"kirilya","para_k_9273.xml"
"kiring, kíring","para_k_9274.xml"
"kírir","para_k_9275.xml"
"kiríring","para_k_9276.xml"
"kiritkirit","para_k_9277.xml"
"kíriw","para_k_9278.xml"
"kirkir","para_k_9279.xml"
"kirubínis","para_k_9280.xml"
"kirug","para_k_9281.xml"
"kírus","para_k_9282.xml"
"kirut","para_k_9283.xml"
"kiryi","para_k_9284.xml"
"kiryulína","para_k_9285.xml"
"kís","para_k_9286.xml"
"kísà","para_k_9287.xml"
"kisákit","para_k_9288.xml"
"kisami","para_k_9289.xml"
"kisamkisam","para_k_9290.xml"
"kisap","para_k_9291.xml"
"kisapkisap","para_k_9292.xml"
"kisas","para_k_9293.xml"
"kísaw","para_k_9294.xml"
"kisaykísay","para_k_9295.xml"
"kisdum","para_k_9296.xml"
"kisdung","para_k_9297.xml"
"kisi, kisikísi","para_k_9298.xml"
"kisì","para_k_9299.xml"
"kisibáya","para_k_9300.xml"
"*kisíra","para_k_9301.xml"
"kisíyu","para_k_9302.xml"
"kiskis","para_k_9303.xml"
"kislabù","para_k_9304.xml"
"kislap","para_k_9305.xml"
"kisma","para_k_9306.xml"
"kismi","para_k_9307.xml"
"kísu","para_k_9308.xml"
"kisul","para_k_9309.xml"
"kisum","para_k_9310.xml"
"kita","para_k_9311.xml"
"kítà","para_k_9312.xml"
"kitaipúni","para_k_9313.xml"
"kitang","para_k_9314.xml"
"kitára1","para_k_9315.xml"
"kitára2","para_k_9316.xml"
"*kitbì","para_k_9317.xml"
"kítib","para_k_9318.xml"
"kítid","para_k_9319.xml"
"kitíkut","para_k_9320.xml"
"kitin","para_k_9321.xml"
"kiting","para_k_9322.xml"
"kitiw","para_k_9323.xml"
"kítiw","para_k_9324.xml"
"kitkit","para_k_9325.xml"
"kitsap","para_k_9326.xml"
"kitu","para_k_9327.xml"
"kítung","para_k_9328.xml"
"kítuy","para_k_9329.xml"
"kiug, kíug","para_k_9330.xml"
"kíum","para_k_9331.xml"
"kiung","para_k_9332.xml"
"kiwà, kiwag, kíwag","para_k_9333.xml"
"kiwákiw","para_k_9334.xml"
"kíwat","para_k_9335.xml"
"kiwaw","para_k_9336.xml"
"kiwì, kíwì","para_k_9337.xml"
"kiwiskiwis","para_k_9338.xml"
"kiwkiw","para_k_9339.xml"
"kiwut","para_k_9340.xml"
"kíya, kíyà","para_k_9341.xml"
"kiyag-ang","para_k_9342.xml"
"kíyas","para_k_9343.xml"
"kíyaw","para_k_9344.xml"
"kíyud","para_k_9345.xml"
"kíyus","para_k_9346.xml"
"kíyut","para_k_9347.xml"
"KKK","para_k_9348.xml"
"klab","para_k_9349.xml"
"klábu","para_k_9350.xml"
"klag-ap","para_k_9351.xml"
"klam","para_k_9352.xml"
"klap","para_k_9353.xml"
"klára","para_k_9354.xml"
"klarinit, klariníti","para_k_9355.xml"
"kláru","para_k_9356.xml"
"klás","para_k_9357.xml"
"klási1","para_k_9358.xml"
"klási2","para_k_9359.xml"
"klasika","para_k_9360.xml"
"klasipikar","para_k_9361.xml"
"klasmit","para_k_9362.xml"
"klas ríkurd","para_k_9363.xml"
"klas ring","para_k_9364.xml"
"klats","para_k_9365.xml"
"klik1","para_k_9366.xml"
"klik2","para_k_9367.xml"
"klím","para_k_9368.xml"
"klíma","para_k_9369.xml"
"kling","para_k_9370.xml"
"klínik, klinika","para_k_9371.xml"
"klinsing krim","para_k_9372.xml"
"klip","para_k_9373.xml"
"klíping","para_k_9374.xml"
"klír1","para_k_9375.xml"
"klír2","para_k_9376.xml"
"klirikal","para_k_9377.xml"
"klirk","para_k_9378.xml"
"klitsi","para_k_9379.xml"
"kliyinti","para_k_9380.xml"
"kliyintíla","para_k_9381.xml"
"klum1","para_k_9382.xml"
"klum2","para_k_9383.xml"
"klúruks","para_k_9384.xml"
"klús","para_k_9385.xml"
"klusnik","para_k_9386.xml"
"klus-úpin","para_k_9387.xml"
"krak1","para_k_9388.xml"
"krak2","para_k_9389.xml"
"krákir, krákirs","para_k_9390.xml"
"krang","para_k_9391.xml"
"krás1","para_k_9392.xml"
"krás2","para_k_9393.xml"
"krás3","para_k_9394.xml"
"kratsis","para_k_9395.xml"
"kraysis","para_k_9396.xml"
"krayula, krayúla","para_k_9397.xml"
"kridinsiyal","para_k_9398.xml"
"kriditu","para_k_9399.xml"
"krídu","para_k_9400.xml"
"krím","para_k_9401.xml"
"kríma","para_k_9402.xml"
"krímin","para_k_9403.xml"
"krín","para_k_9404.xml"
"kring","para_k_9405.xml"
"kríp","para_k_9406.xml"
"krís","para_k_9407.xml"
"krísis","para_k_9408.xml"
"krismas","para_k_9409.xml"
"kristal","para_k_9410.xml"
"kristíya","para_k_9411.xml"
"kristiyánu","para_k_9412.xml"
"kristiyánus","para_k_9413.xml"
"Kristu1","para_k_9414.xml"
"kristu2","para_k_9415.xml"
"krít","para_k_9416.xml"
"kritikal","para_k_9417.xml"
"kritiku","para_k_9418.xml"
"kriyáda","para_k_9419.xml"
"kriyádu","para_k_9420.xml"
"kriyulína","para_k_9421.xml"
"krúdu","para_k_9422.xml"
"krukidnul, krukignul","para_k_9423.xml"
"krumyu","para_k_9424.xml"
"krúnir","para_k_9425.xml"
"krus","para_k_9426.xml"
"krusáda","para_k_9427.xml"
"krúsing","para_k_9428.xml"
"krusipíhu","para_k_9429.xml"
"krusipiksiyun","para_k_9430.xml"
"krusláyin","para_k_9431.xml"
"krus raypul","para_k_9432.xml"
"krus rúha","para_k_9433.xml"
"krutsay","para_k_9434.xml"
"krutsítis","para_k_9435.xml"
"ku","para_k_9436.xml"
"kuadhutur, kuadutur","para_k_9437.xml"
"kuan","para_k_9438.xml"
"kuaw1","para_k_9439.xml"
"kúaw2","para_k_9440.xml"
"kū́b","para_k_9441.xml"
"kuba","para_k_9442.xml"
"kúbà","para_k_9443.xml"
"kubad","para_k_9444.xml"
"kubal, kúbal","para_k_9445.xml"
"kubana","para_k_9446.xml"
"kubanug","para_k_9447.xml"
"kubásà","para_k_9448.xml"
"kúbaw","para_k_9449.xml"
"kubay","para_k_9450.xml"
"kubiku","para_k_9451.xml"
"kubìkubì","para_k_9452.xml"
"kubil","para_k_9453.xml"
"kubing","para_k_9454.xml"
"kúbir","para_k_9455.xml"
"kubirta","para_k_9456.xml"
"kubirtus","para_k_9457.xml"
"kubit","para_k_9458.xml"
"kubkub1","para_k_9459.xml"
"kubkub2","para_k_9460.xml"
"kublà","para_k_9461.xml"
"kubli, kublì","para_k_9462.xml"
"kubra1","para_k_9463.xml"
"kubra2","para_k_9464.xml"
"kubransa","para_k_9465.xml"
"kubri1","para_k_9466.xml"
"kubri2","para_k_9467.xml"
"kubri3","para_k_9468.xml"
"kubrikáma","para_k_9469.xml"
"kubu","para_k_9470.xml"
"kubù","para_k_9471.xml"
"kubul","para_k_9472.xml"
"kubung1","para_k_9473.xml"
"kubung2","para_k_9474.xml"
"kubung3","para_k_9475.xml"
"kúbung","para_k_9476.xml"
"kubus","para_k_9477.xml"
"kubut","para_k_9478.xml"
"kubútan","para_k_9479.xml"
"kubyirta","para_k_9480.xml"
"kubyirtus","para_k_9481.xml"
"kúd","para_k_9482.xml"
"kū́d","para_k_9483.xml"
"kudak","para_k_9484.xml"
"kudakíris","para_k_9485.xml"
"kudambus","para_k_9486.xml"
"kudigu","para_k_9487.xml"
"kuding","para_k_9488.xml"
"kudkud","para_k_9489.xml"
"kudkúd","para_k_9490.xml"
"kudlis","para_k_9491.xml"
"kudlit","para_k_9492.xml"
"kudrísu","para_k_9493.xml"
"kudsan","para_k_9494.xml"
"kudyapà","para_k_9495.xml"
"kudyapì","para_k_9496.xml"
"kugal","para_k_9497.xml"
"kugan","para_k_9498.xml"
"kugang1","para_k_9499.xml"
"kugang2","para_k_9500.xml"
"kugaw, kúgaw","para_k_9501.xml"
"kugay1","para_k_9502.xml"
"kugay2","para_k_9503.xml"
"kughad","para_k_9504.xml"
"kughal","para_k_9505.xml"
"kughay","para_k_9506.xml"
"kughun","para_k_9507.xml"
"kúgi","para_k_9508.xml"
"kuging","para_k_9509.xml"
"kugíta","para_k_9510.xml"
"kugíut","para_k_9511.xml"
"kugkug1","para_k_9512.xml"
"kugkug2","para_k_9513.xml"
"kugkug3","para_k_9514.xml"
"kugmat","para_k_9515.xml"
"kugmu","para_k_9516.xml"
"kugpus","para_k_9517.xml"
"kugpuy","para_k_9518.xml"
"kugtung","para_k_9519.xml"
"kugum1","para_k_9520.xml"
"kugum2","para_k_9521.xml"
"kúgun","para_k_9522.xml"
"kugungkugung","para_k_9523.xml"
"kúgus","para_k_9524.xml"
"kugwa","para_k_9525.xml"
"kúhà","para_k_9526.xml"
"kuhil","para_k_9527.xml"
"kuhin","para_k_9528.xml"
"kuhir","para_k_9529.xml"
"kúhit","para_k_9530.xml"
"kúhu","para_k_9531.xml"
"kukakúla","para_k_9532.xml"
"kukhan","para_k_9533.xml"
"kukhu","para_k_9534.xml"
"kúkib","para_k_9535.xml"
"kukiri","para_k_9536.xml"
"kuku","para_k_9537.xml"
"kúku","para_k_9538.xml"
"kùkù","para_k_9539.xml"
"kúkud","para_k_9540.xml"
"kúkug","para_k_9541.xml"
"kúkuk1","para_k_9542.xml"
"kúkuk2","para_k_9543.xml"
"kuku krúdu","para_k_9544.xml"
"kúkuks","para_k_9545.xml"
"kúkus","para_k_9546.xml"
"kukwa","para_k_9547.xml"
"kúl1","para_k_9548.xml"
"kúl2","para_k_9549.xml"
"kúl3","para_k_9550.xml"
"kula, kúla1","para_k_9551.xml"
"*kúla2","para_k_9552.xml"
"kulabting","para_k_9553.xml"
"kulaburítur","para_k_9554.xml"
"kulabútan","para_k_9555.xml"
"kulabyaw","para_k_9556.xml"
"kulabyun","para_k_9557.xml"
"kulag","para_k_9558.xml"
"kulagting","para_k_9559.xml"
"kulágù1","para_k_9560.xml"
"kulágù2","para_k_9561.xml"
"kulakdup","para_k_9562.xml"
"kulaknit","para_k_9563.xml"
"kulambus","para_k_9564.xml"
"kulambut","para_k_9565.xml"
"kulambútan","para_k_9566.xml"
"kulampísaw","para_k_9567.xml"
"kulampit","para_k_9568.xml"
"kulámug","para_k_9569.xml"
"kulámus","para_k_9570.xml"
"kulamuy","para_k_9571.xml"
"kúlan","para_k_9572.xml"
"kulandir","para_k_9573.xml"
"kúlang","para_k_9574.xml"
"kulangù","para_k_9575.xml"
"kulángut","para_k_9576.xml"
"kulansi","para_k_9577.xml"
"kulap, kúlap","para_k_9578.xml"
"kul-ap","para_k_9579.xml"
"kulapíti","para_k_9580.xml"
"kulápu","para_k_9581.xml"
"kuláput","para_k_9582.xml"
"kulapyut","para_k_9583.xml"
"kulasísi","para_k_9584.xml"
"kulasiyun","para_k_9585.xml"
"kulat","para_k_9586.xml"
"kuláta1","para_k_9587.xml"
"kuláta2","para_k_9588.xml"
"kulating","para_k_9589.xml"
"kulatiral","para_k_9590.xml"
"kulat-ug","para_k_9591.xml"
"kulaw-it","para_k_9592.xml"
"kulánap","para_k_9593.xml"
"kulaykulay","para_k_9594.xml"
"kulbà","para_k_9595.xml"
"kulbásà","para_k_9596.xml"
"kuldas","para_k_9597.xml"
"kuldun","para_k_9598.xml"
"kulgirl","para_k_9599.xml"
"kulgit","para_k_9600.xml"
"kulhánun","para_k_9601.xml"
"kulhíad","para_k_9602.xml"
"kulì","para_k_9603.xml"
"kúlì","para_k_9604.xml"
"kulibugan","para_k_9605.xml"
"kulígi","para_k_9606.xml"
"kulíhad, kulìhad","para_k_9607.xml"
"kulihiyála","para_k_9608.xml"
"kulihiyu, kulihíyu","para_k_9609.xml"
"kulíik","para_k_9610.xml"
"kuliksiyun","para_k_9611.xml"
"kulikta","para_k_9612.xml"
"kuliktar","para_k_9613.xml"
"kuliktur","para_k_9614.xml"
"kulíkug","para_k_9615.xml"
"kulíkut","para_k_9616.xml"
"kulikutkut","para_k_9617.xml"
"kulíling","para_k_9618.xml"
"kulilísi","para_k_9619.xml"
"kulímà","para_k_9620.xml"
"kuling","para_k_9621.xml"
"kulípà","para_k_9622.xml"
"kulípad","para_k_9623.xml"
"kulípas","para_k_9624.xml"
"kulípat","para_k_9625.xml"
"kulípì1","para_k_9626.xml"
"kulípì2","para_k_9627.xml"
"kulipíti","para_k_9628.xml"
"kulipláwir","para_k_9629.xml"
"kúlir","para_k_9630.xml"
"kulira","para_k_9631.xml"
"kulirit","para_k_9632.xml"
"kulirù1","para_k_9633.xml"
"kulirù2","para_k_9634.xml"
"kúlis","para_k_9635.xml"
"kulisaw, kulísaw","para_k_9636.xml"
"kulisdum, kulisdung","para_k_9637.xml"
"kulísiw","para_k_9638.xml"
"kulisíyum","para_k_9639.xml"
"kulismaut","para_k_9640.xml"
"kulismut","para_k_9641.xml"
"kulistirul","para_k_9642.xml"
"kulísuk","para_k_9643.xml"
"kulisyun","para_k_9644.xml"
"kúlit","para_k_9645.xml"
"kulítis","para_k_9646.xml"
"kulitu","para_k_9647.xml"
"kulítug","para_k_9648.xml"
"kulitus","para_k_9649.xml"
"kuliut","para_k_9650.xml"
"kulíut1","para_k_9651.xml"
"kulíut2","para_k_9652.xml"
"kuliyun","para_k_9653.xml"
"kulkug","para_k_9654.xml"
"kulkul","para_k_9655.xml"
"kultibar","para_k_9656.xml"
"kultsun","para_k_9657.xml"
"kultu1","para_k_9658.xml"
"kultu2","para_k_9659.xml"
"kultúra","para_k_9660.xml"
"kulu1","para_k_9661.xml"
"kulu2","para_k_9662.xml"
"kúlù","para_k_9663.xml"
"kulub","para_k_9664.xml"
"kúlub","para_k_9665.xml"
"kulubútan","para_k_9666.xml"
"kulud","para_k_9667.xml"
"kúlud","para_k_9668.xml"
"kuludkúlud","para_k_9669.xml"
"kulugkug","para_k_9670.xml"
"kulugpus","para_k_9671.xml"
"kulugpuy","para_k_9672.xml"
"kulukar","para_k_9673.xml"
"kuluks, kúluks","para_k_9674.xml"
"kulúkud","para_k_9675.xml"
"kulúkus","para_k_9676.xml"
"kulukúsu","para_k_9677.xml"
"kulúkuy","para_k_9678.xml"
"kulumbabit, kulumbábit","para_k_9679.xml"
"kulumbitay, kulumbítay","para_k_9680.xml"
"kulumna","para_k_9681.xml"
"kulumnista","para_k_9682.xml"
"kulumpiyu","para_k_9683.xml"
"kulumrínu","para_k_9684.xml"
"kúlun1","para_k_9685.xml"
"kúlun2","para_k_9686.xml"
"kulung1","para_k_9687.xml"
"kulung2","para_k_9688.xml"
"kulunya","para_k_9689.xml"
"kulúpug","para_k_9690.xml"
"kulur, kúlur","para_k_9691.xml"
"kuluríti, kulurítis","para_k_9692.xml"
"kulúrum","para_k_9693.xml"
"kulus","para_k_9694.xml"
"kuluskulus","para_k_9695.xml"
"kuluskus","para_k_9696.xml"
"kulut1","para_k_9697.xml"
"kulut2","para_k_9698.xml"
"kúlut","para_k_9699.xml"
"kulyáda1","para_k_9700.xml"
"kulyáda2","para_k_9701.xml"
"kulyar","para_k_9702.xml"
"kuma1","para_k_9703.xml"
"kuma2","para_k_9704.xml"
"kúma2","para_k_9705.xml"
"kumadri","para_k_9706.xml"
"kumads","para_k_9707.xml"
"kumagat","para_k_9708.xml"
"kumagkù","para_k_9709.xml"
"kumàkumà","para_k_9710.xml"
"kumalagkù","para_k_9711.xml"
"kuman","para_k_9712.xml"
"kumandansiya","para_k_9713.xml"
"kumandanti","para_k_9714.xml"
"kumandir","para_k_9715.xml"
"kumári","para_k_9716.xml"
"kumaw","para_k_9717.xml"
"kumayingking","para_k_9718.xml"
"kumbabit","para_k_9719.xml"
"kumbal","para_k_9720.xml"
"kumbansíru","para_k_9721.xml"
"kumbat","para_k_9722.xml"
"kumbáti","para_k_9723.xml"
"kumbi","para_k_9724.xml"
"kumbiksiyun","para_k_9725.xml"
"kumbinar","para_k_9726.xml"
"kumbinasiyun","para_k_9727.xml"
"kumbinasyun","para_k_9728.xml"
"*kumbíni","para_k_9729.xml"
"kumbininsiya","para_k_9730.xml"
"kumbinsi, kumbinsǐr","para_k_9731.xml"
"kumbinsiyun","para_k_9732.xml"
"kumbintu","para_k_9733.xml"
"kumbinyinti","para_k_9734.xml"
"kumbinyu","para_k_9735.xml"
"kumbira","para_k_9736.xml"
"kumbirs","para_k_9737.xml"
"kumbirsiyun","para_k_9738.xml"
"kumbirtibli","para_k_9739.xml"
"kumbirtibul","para_k_9740.xml"
"kumbirtǐr","para_k_9741.xml"
"kumbis","para_k_9742.xml"
"kumbitatay, kumbitay","para_k_9743.xml"
"kumbíti","para_k_9744.xml"
"kumbu","para_k_9745.xml"
"kumbù","para_k_9746.xml"
"kumbukasiyun, kumbukisyun","para_k_9747.xml"
"kumbulsiyun","para_k_9748.xml"
"kumbútan","para_k_9749.xml"
"kumbuy","para_k_9750.xml"
"kumbúya","para_k_9751.xml"
"kumi","para_k_9752.xml"
"kumída","para_k_9753.xml"
"kumidi","para_k_9754.xml"
"kumídiya","para_k_9755.xml"
"kumidur","para_k_9756.xml"
"kumiks","para_k_9757.xml"
"kumilik","para_k_9758.xml"
"kumingking","para_k_9759.xml"
"kumintang","para_k_9760.xml"
"kumintarista","para_k_9761.xml"
"kumintaryu","para_k_9762.xml"
"kumintítur","para_k_9763.xml"
"kumirsiyal","para_k_9764.xml"
"kumirsiyu","para_k_9765.xml"
"kumirsyanti","para_k_9766.xml"
"kumisiyun, kumisyun","para_k_9767.xml"
"kumíta","para_k_9768.xml"
"kumiti, kumíti, kumitíba","para_k_9769.xml"
"kumitir","para_k_9770.xml"
"kumkum","para_k_9771.xml"
"kumnay","para_k_9772.xml"
"kumpabli","para_k_9773.xml"
"kumpad","para_k_9774.xml"
"kumpadri","para_k_9775.xml"
"kumpang","para_k_9776.xml"
"kumpaníya","para_k_9777.xml"
"kumpanya","para_k_9778.xml"
"kumpanyíra","para_k_9779.xml"
"kumpanyíru","para_k_9780.xml"
"kumpara, kumparar","para_k_9781.xml"
"kumpári","para_k_9782.xml"
"kumparsa","para_k_9783.xml"
"kumpas1","para_k_9784.xml"
"kumpas2","para_k_9785.xml"
"kumpay1","para_k_9786.xml"
"kumpayut","para_k_9787.xml"
"kumpì","para_k_9788.xml"
"kumpidinsiyal","para_k_9789.xml"
"kumpirinsiya","para_k_9790.xml"
"kumpirma","para_k_9791.xml"
"kumpisal","para_k_9792.xml"
"kumpisinaryu","para_k_9793.xml"
"kumpiskǎr","para_k_9794.xml"
"kumpisur","para_k_9795.xml"
"kumpisyun","para_k_9796.xml"
"kumpit1","para_k_9797.xml"
"kumpit2","para_k_9798.xml"
"kumpitinsiya","para_k_9799.xml"
"kumpítis","para_k_9800.xml"
"kumpiyansa","para_k_9801.xml"
"kumpli","para_k_9802.xml"
"kumplianyu","para_k_9803.xml"
"kumplikádu","para_k_9804.xml"
"kumplikar","para_k_9805.xml"
"kumplimintu","para_k_9806.xml"
"kumplín","para_k_9807.xml"
"kumplítu","para_k_9808.xml"
"kumplut","para_k_9809.xml"
"kumpra","para_k_9810.xml"
"kumprumísu","para_k_9811.xml"
"kumprumitíbu","para_k_9812.xml"
"kumprumitir","para_k_9813.xml"
"kumprunta","para_k_9814.xml"
"kumpruntǎr","para_k_9815.xml"
"kumpuni, kumpunir","para_k_9816.xml"
"kumpurmi","para_k_9817.xml"
"kumpurtabli","para_k_9818.xml"
"kumpúsir","para_k_9819.xml"
"kumpusisyun","para_k_9820.xml"
"kumpusitur disapátus","para_k_9821.xml"
"kumpúsu","para_k_9822.xml"
"kúmu","para_k_9823.xml"
"kúmù","para_k_9824.xml"
"kumuda, kumúda","para_k_9825.xml"
"kumudkumud","para_k_9826.xml"
"kumúhuy","para_k_9827.xml"
"kumulga, kumulgǎr","para_k_9828.xml"
"kumun","para_k_9829.xml"
"kúmun","para_k_9830.xml"
"kumunal","para_k_9831.xml"
"kumungkumung","para_k_9832.xml"
"kumunikasiyun","para_k_9833.xml"
"kumunismu","para_k_9834.xml"
"kumunista","para_k_9835.xml"
"kumunwilt","para_k_9836.xml"
"kumunyun","para_k_9837.xml"
"kumurga","para_k_9838.xml"
"kúmus1","para_k_9839.xml"
"kúmus2, kum-us","para_k_9840.xml"
"kumusta","para_k_9841.xml"
"kúmut","para_k_9842.xml"
"kum-ut","para_k_9843.xml"
"kun","para_k_9844.xml"
"kún","para_k_9845.xml"
"kúna","para_k_9846.xml"
"kúnan","para_k_9847.xml"
"kúnat","para_k_9848.xml"
"kúnay","para_k_9849.xml"
"kundádu","para_k_9850.xml"
"kundas","para_k_9851.xml"
"kundat","para_k_9852.xml"
"kundi","para_k_9853.xml"
"kundim","para_k_9854.xml"
"kundíman1","para_k_9855.xml"
"kundíman2","para_k_9856.xml"
"kundina","para_k_9857.xml"
"kundína","para_k_9858.xml"
"kundinǎr","para_k_9859.xml"
"kundinsáda","para_k_9860.xml"
"kundísa","para_k_9861.xml"
"kundisiyun","para_k_9862.xml"
"kundukta1","para_k_9863.xml"
"kundukta2","para_k_9864.xml"
"kunduktur","para_k_9865.xml"
"kundul","para_k_9866.xml"
"kundun","para_k_9867.xml"
"kung","para_k_9868.xml"
"kúng","para_k_9869.xml"
"kungas","para_k_9870.xml"
"kunggrísu","para_k_9871.xml"
"kunggu","para_k_9872.xml"
"kungking","para_k_9873.xml"
"kungkista","para_k_9874.xml"
"kungkiyang, kungkíyang","para_k_9875.xml"
"kungkrítu","para_k_9876.xml"
"kungkung","para_k_9877.xml"
"kungrigasiyun","para_k_9878.xml"
"kungrísu","para_k_9879.xml"
"kunhud","para_k_9880.xml"
"kuníhu","para_k_9881.xml"
"kunik","para_k_9882.xml"
"kuniksyun","para_k_9883.xml"
"kuniktádu","para_k_9884.xml"
"kuniktǎr","para_k_9885.xml"
"kuniktid","para_k_9886.xml"
"kunínit","para_k_9887.xml"
"kunis","para_k_9888.xml"
"kunklusyun","para_k_9889.xml"
"kunkrítu","para_k_9890.xml"
"kunkun1","para_k_9891.xml"
"kunkun2","para_k_9892.xml"
"kunpirma","para_k_9893.xml"
"kunpirmasyun","para_k_9894.xml"
"kunpisinaryu","para_k_9895.xml"
"kunpisur","para_k_9896.xml"
"kunsábu","para_k_9897.xml"
"kunsad","para_k_9898.xml"
"kunsagrar","para_k_9899.xml"
"kunsidirar","para_k_9900.xml"
"kunsigrar","para_k_9901.xml"
"kunsigrasiyun","para_k_9902.xml"
"kunsihal","para_k_9903.xml"
"kunsihála","para_k_9904.xml"
"kunsíhu","para_k_9905.xml"
"kunsilba","para_k_9906.xml"
"kunsilyu","para_k_9907.xml"
"kunsimisiyun","para_k_9908.xml"
"kunsinsiya","para_k_9909.xml"
"kunsintadur","para_k_9910.xml"
"kunsintǐr","para_k_9911.xml"
"kunsirba1","para_k_9912.xml"
"kunsirbatib","para_k_9913.xml"
"kunsirbaturyu","para_k_9914.xml"
"kunsirtu","para_k_9915.xml"
"kunsisiyun, kunsisyun","para_k_9916.xml"
"kunsiyirtu","para_k_9917.xml"
"kunstabularya","para_k_9918.xml"
"kunstabularyu","para_k_9919.xml"
"kunstitusyun","para_k_9920.xml"
"kunstituyinti","para_k_9921.xml"
"kunstruksiyun","para_k_9922.xml"
"kunsul","para_k_9923.xml"
"Kunsulasiyun","para_k_9924.xml"
"kunsulisyun prayis","para_k_9925.xml"
"kunsulta","para_k_9926.xml"
"kunsumisiyun","para_k_9927.xml"
"kunsumpsiyun","para_k_9928.xml"
"kunsúmu","para_k_9929.xml"
"kunsurti","para_k_9930.xml"
"kunsuylu","para_k_9931.xml"
"kuntadur","para_k_9932.xml"
"kuntak","para_k_9933.xml"
"kuntǎr","para_k_9934.xml"
"kuntidyus","para_k_9935.xml"
"kuntimpuraryu","para_k_9936.xml"
"kuntindir","para_k_9937.xml"
"kuntininti","para_k_9938.xml"
"kuntintu","para_k_9939.xml"
"kuntis","para_k_9940.xml"
"kuntra","para_k_9941.xml"
"kuntrabandu","para_k_9942.xml"
"kuntrabída","para_k_9943.xml"
"kuntra gustu","para_k_9944.xml"
"kuntraktur","para_k_9945.xml"
"kuntraryu","para_k_9946.xml"
"kuntrasinyas","para_k_9947.xml"
"kuntráta, kuntrátu","para_k_9948.xml"
"kuntribusiyun","para_k_9949.xml"
"kuntringkanti","para_k_9950.xml"
"*kuntrisiyun","para_k_9951.xml"
"kuntrǔl","para_k_9952.xml"
"kuntrular","para_k_9953.xml"
"kuntud1","para_k_9954.xml"
"kuntud2","para_k_9955.xml"
"kuntúdu","para_k_9956.xml"
"kunu","para_k_9957.xml"
"kúnu","para_k_9958.xml"
"kunùkunù","para_k_9959.xml"
"kunul","para_k_9960.xml"
"kúnun","para_k_9961.xml"
"kunup","para_k_9962.xml"
"kunuskunus","para_k_9963.xml"
"kunut","para_k_9964.xml"
"kúnut","para_k_9965.xml"
"kunya","para_k_9966.xml"
"kupa, kupà","para_k_9967.xml"
"kúpa1","para_k_9968.xml"
"kúpa2","para_k_9969.xml"
"kúpà","para_k_9970.xml"
"kúpad1","para_k_9971.xml"
"kúpad2","para_k_9972.xml"
"kupal","para_k_9973.xml"
"kupas","para_k_9974.xml"
"kúpas","para_k_9975.xml"
"kúpat","para_k_9976.xml"
"kúpay","para_k_9977.xml"
"kupidu","para_k_9978.xml"
"kupil","para_k_9979.xml"
"kupirar","para_k_9980.xml"
"kupit","para_k_9981.xml"
"kupíta","para_k_9982.xml"
"kupitinsiya","para_k_9983.xml"
"kupkup","para_k_9984.xml"
"kupras","para_k_9985.xml"
"kupù","para_k_9986.xml"
"kúpù","para_k_9987.xml"
"kúpug1","para_k_9988.xml"
"kúpug2","para_k_9989.xml"
"kupukúpu","para_k_9990.xml"
"kupun, kúpun","para_k_9991.xml"
"kupun bán","para_k_9992.xml"
"kupungkupung, kupungkúpung","para_k_9993.xml"
"kúpus","para_k_9994.xml"
"kuput","para_k_9995.xml"
"kúput","para_k_9996.xml"
"kupuy","para_k_9997.xml"
"kupya","para_k_9998.xml"
"kupyur","para_k_9999.xml"
"la1","para_l_10338.xml"
"la2","para_l_10339.xml"
"lā́","para_l_10340.xml"
"láag","para_l_10341.xml"
"láang","para_l_10342.xml"
"laas","para_l_10343.xml"
"láas","para_l_10344.xml"
"laaw","para_l_10345.xml"
"láay","para_l_10346.xml"
"láb1","para_l_10347.xml"
"láb2","para_l_10348.xml"
"laba","para_l_10349.xml"
"labà1","para_l_10350.xml"
"labà2","para_l_10351.xml"
"*lába","para_l_10352.xml"
"labábu","para_l_10353.xml"
"labad","para_l_10354.xml"
"*lábad","para_l_10355.xml"
"labáda","para_l_10356.xml"
"labadur","para_l_10357.xml"
"labadúra","para_l_10358.xml"
"labag, lábag1","para_l_10359.xml"
"lábag2","para_l_10360.xml"
"labáha","para_l_10361.xml"
"labak","para_l_10362.xml"
"lábak","para_l_10363.xml"
"lab-ak","para_l_10364.xml"
"labakára","para_l_10365.xml"
"laban","para_l_10366.xml"
"lában","para_l_10367.xml"
"lab-an","para_l_10368.xml"
"labana","para_l_10369.xml"
"labandíru, -a","para_l_10370.xml"
"labang","para_l_10371.xml"
"lab-ang","para_l_10372.xml"
"labanus","para_l_10373.xml"
"labas1","para_l_10374.xml"
"labas2","para_l_10375.xml"
"labas3","para_l_10376.xml"
"lab-as","para_l_10377.xml"
"labat","para_l_10378.xml"
"labatíba","para_l_10379.xml"
"labaw","para_l_10380.xml"
"labay","para_l_10381.xml"
"lábay","para_l_10382.xml"
"labayan","para_l_10383.xml"
"labhà","para_l_10384.xml"
"labhag","para_l_10385.xml"
"labhak","para_l_10386.xml"
"labhu, labhù","para_l_10387.xml"
"labi","para_l_10388.xml"
"lábid","para_l_10389.xml"
"labigan","para_l_10390.xml"
"lábil","para_l_10391.xml"
"lábing","para_l_10392.xml"
"labit","para_l_10393.xml"
"labka","para_l_10394.xml"
"lablab","para_l_10395.xml"
"labnaw","para_l_10396.xml"
"labni","para_l_10397.xml"
"labnit","para_l_10398.xml"
"labnub, labnug","para_l_10399.xml"
"labnut","para_l_10400.xml"
"labsik","para_l_10401.xml"
"labsit","para_l_10402.xml"
"labtik","para_l_10403.xml"
"labting","para_l_10404.xml"
"labtingaw, labtíngaw","para_l_10405.xml"
"labu1","para_l_10406.xml"
"*labu2","para_l_10407.xml"
"lábu1","para_l_10408.xml"
"lábu2","para_l_10409.xml"
"lábu3","para_l_10410.xml"
"labù","para_l_10411.xml"
"lábù1","para_l_10412.xml"
"lábù2","para_l_10413.xml"
"lab-u","para_l_10414.xml"
"labud","para_l_10415.xml"
"labug","para_l_10416.xml"
"lábug","para_l_10417.xml"
"labuk","para_l_10418.xml"
"lab-uk","para_l_10419.xml"
"labulábu","para_l_10420.xml"
"labun, lábun","para_l_10421.xml"
"labung1","para_l_10422.xml"
"labung2, lábung","para_l_10423.xml"
"labur","para_l_10424.xml"
"laburaturyu","para_l_10425.xml"
"labut","para_l_10426.xml"
"lábut","para_l_10427.xml"
"*labuy","para_l_10428.xml"
"labúyù","para_l_10429.xml"
"labyug","para_l_10430.xml"
"lad-an","para_l_10431.xml"
"lad-ang","para_l_10432.xml"
"ladíla","para_l_10433.xml"
"ladlad","para_l_10434.xml"
"láds","para_l_10435.xml"
"lad-uk","para_l_10436.xml"
"ladyir","para_l_10437.xml"
"laga","para_l_10438.xml"
"làgà","para_l_10439.xml"
"lagáak","para_l_10440.xml"
"lag-ab1","para_l_10441.xml"
"lag-ab2","para_l_10442.xml"
"lag-ab3","para_l_10443.xml"
"lagablab","para_l_10444.xml"
"lagak, lágak","para_l_10445.xml"
"lagàlà","para_l_10446.xml"
"lagàlagà","para_l_10447.xml"
"lagalaw","para_l_10448.xml"
"lagamak","para_l_10449.xml"
"lagang1","para_l_10450.xml"
"lagapak, lagápak","para_l_10451.xml"
"lagaplap","para_l_10452.xml"
"lagarat, lagárat","para_l_10453.xml"
"lagaraw","para_l_10454.xml"
"lagárì","para_l_10455.xml"
"lagas1","para_l_10456.xml"
"lagas2","para_l_10457.xml"
"lagasak","para_l_10458.xml"
"lagat1","para_l_10459.xml"
"lagat2","para_l_10460.xml"
"lagatak","para_l_10461.xml"
"lagatlat","para_l_10462.xml"
"lagatukan","para_l_10463.xml"
"lagaw","para_l_10464.xml"
"lagay1","para_l_10465.xml"
"lagay2","para_l_10466.xml"
"lagbà","para_l_10467.xml"
"lagbas","para_l_10468.xml"
"lagdà","para_l_10469.xml"
"lagdas","para_l_10470.xml"
"lagdù","para_l_10471.xml"
"lagduk","para_l_10472.xml"
"lagdung","para_l_10473.xml"
"laghang","para_l_10474.xml"
"laghaw","para_l_10475.xml"
"laghay","para_l_10476.xml"
"laghus","para_l_10477.xml"
"lagi","para_l_10478.xml"
"lag-i","para_l_10479.xml"
"lag-id1","para_l_10480.xml"
"lag-id2","para_l_10481.xml"
"lagilági","para_l_10482.xml"
"lagilhi","para_l_10483.xml"
"láging","para_l_10484.xml"
"lagingling","para_l_10485.xml"
"lagínit","para_l_10486.xml"
"lag-it","para_l_10487.xml"
"lagitì","para_l_10488.xml"
"lagiting","para_l_10489.xml"
"lagiw","para_l_10490.xml"
"lagiwliw","para_l_10491.xml"
"lagkaw","para_l_10492.xml"
"laglag","para_l_10493.xml"
"laglum","para_l_10494.xml"
"lagmaw","para_l_10495.xml"
"lagmun","para_l_10496.xml"
"lagmit","para_l_10497.xml"
"lagnak","para_l_10498.xml"
"lagnas","para_l_10499.xml"
"lagnaw","para_l_10500.xml"
"lagnay","para_l_10501.xml"
"lagnub","para_l_10502.xml"
"lagnut","para_l_10503.xml"
"lagpad","para_l_10504.xml"
"lagpak","para_l_10505.xml"
"lagpang","para_l_10506.xml"
"lagpì","para_l_10507.xml"
"lagput","para_l_10508.xml"
"lagsaw1","para_l_10509.xml"
"lagsaw2","para_l_10510.xml"
"lagsaw3","para_l_10511.xml"
"lagsik1","para_l_10512.xml"
"lagsik2","para_l_10513.xml"
"lagsut","para_l_10514.xml"
"lagtang1","para_l_10515.xml"
"lagtang2","para_l_10516.xml"
"lagtiw","para_l_10517.xml"
"lagtub","para_l_10518.xml"
"lagù","para_l_10519.xml"
"lágub1","para_l_10520.xml"
"lágub2","para_l_10521.xml"
"lagubu, lagúbu","para_l_10522.xml"
"lagudlágud","para_l_10523.xml"
"laguk1","para_l_10524.xml"
"laguk2","para_l_10525.xml"
"laguk3","para_l_10526.xml"
"lag-uk=","para_l_10527.xml"
"lagukluk","para_l_10528.xml"
"lagúlu","para_l_10529.xml"
"lagum","para_l_10530.xml"
"lagumlum","para_l_10531.xml"
"lagumù, lagúmù","para_l_10532.xml"
"lagumuk, lagúmuk1","para_l_10533.xml"
"lagúmuk2","para_l_10534.xml"
"lagúna","para_l_10535.xml"
"*lagundà","para_l_10536.xml"
"lagundì","para_l_10537.xml"
"lagung","para_l_10538.xml"
"lagunit","para_l_10539.xml"
"lagunut, lagúnut","para_l_10540.xml"
"lagupù, lagúpù","para_l_10541.xml"
"lagúrul","para_l_10542.xml"
"lagúrut","para_l_10543.xml"
"lagus","para_l_10544.xml"
"lagusà","para_l_10545.xml"
"lagusu","para_l_10546.xml"
"lagúsù","para_l_10547.xml"
"lagut","para_l_10548.xml"
"lágut2","para_l_10549.xml"
"lagutmun","para_l_10550.xml"
"lagutù","para_l_10551.xml"
"lagútub","para_l_10552.xml"
"lagútuk","para_l_10553.xml"
"lagutum","para_l_10554.xml"
"lagutuy","para_l_10555.xml"
"laguy","para_l_10556.xml"
"laguyláguy2","para_l_10557.xml"
"laguyluy","para_l_10558.xml"
"lagwirta","para_l_10559.xml"
"lagwis","para_l_10560.xml"
"lagwum","para_l_10561.xml"
"lagyu","para_l_10562.xml"
"lagyum","para_l_10563.xml"
"láhà","para_l_10564.xml"
"lahang","para_l_10565.xml"
"láhap","para_l_10566.xml"
"lahawlahaw","para_l_10567.xml"
"*lahay","para_l_10568.xml"
"lahì","para_l_10569.xml"
"láhib, làhib","para_l_10570.xml"
"láhid","para_l_10571.xml"
"lahing, láhing","para_l_10572.xml"
"láhit","para_l_10573.xml"
"lahù","para_l_10574.xml"
"lahug","para_l_10575.xml"
"láhug","para_l_10576.xml"
"lahundung","para_l_10577.xml"
"láhung","para_l_10578.xml"
"lahus","para_l_10579.xml"
"láhus","para_l_10580.xml"
"lahútay","para_l_10581.xml"
"lahuy","para_l_10582.xml"
"láin","para_l_10583.xml"
"láis","para_l_10584.xml"
"Laíti","para_l_10585.xml"
"lák","para_l_10586.xml"
"lak-ab1","para_l_10587.xml"
"lak-ab2","para_l_10588.xml"
"lákad","para_l_10589.xml"
"lakag","para_l_10590.xml"
"lákang","para_l_10591.xml"
"lak-ang","para_l_10592.xml"
"lakat","para_l_10593.xml"
"lakatan","para_l_10594.xml"
"lakaw","para_l_10595.xml"
"lakayan","para_l_10596.xml"
"lakbang","para_l_10597.xml"
"lakbay","para_l_10598.xml"
"lakbit","para_l_10599.xml"
"lakdap","para_l_10600.xml"
"lakdup","para_l_10601.xml"
"lakgak","para_l_10602.xml"
"lakgut","para_l_10603.xml"
"laki","para_l_10604.xml"
"láki1","para_l_10605.xml"
"*láki2","para_l_10606.xml"
"lakiláki, lakìlákì","para_l_10607.xml"
"lakináyin","para_l_10608.xml"
"lakip","para_l_10609.xml"
"lákir1","para_l_10610.xml"
"lákir2","para_l_10611.xml"
"lákit","para_l_10612.xml"
"laklak","para_l_10613.xml"
"laknit","para_l_10614.xml"
"lakpawlakpaw","para_l_10615.xml"
"lakra","para_l_10616.xml"
"laksà","para_l_10617.xml"
"laksanti","para_l_10618.xml"
"laksi","para_l_10619.xml"
"laksì","para_l_10620.xml"
"laksut","para_l_10621.xml"
"laktaw","para_l_10622.xml"
"laktud","para_l_10623.xml"
"lakun","para_l_10624.xml"
"lakung","para_l_10625.xml"
"lakuy","para_l_10626.xml"
"lakuy-ung","para_l_10627.xml"
"lakwatsa","para_l_10628.xml"
"lakwig","para_l_10629.xml"
"lála1","para_l_10630.xml"
"lála2","para_l_10631.xml"
"lálà","para_l_10632.xml"
"làlà","para_l_10633.xml"
"lalag","para_l_10634.xml"
"lalagan","para_l_10635.xml"
"lalan","para_l_10636.xml"
"lalang","para_l_10637.xml"
"lalau","para_l_10638.xml"
"lalawígan","para_l_10639.xml"
"lalha","para_l_10640.xml"
"lálì","para_l_10641.xml"
"lálik","para_l_10642.xml"
"lalim","para_l_10643.xml"
"lálin","para_l_10644.xml"
"lális","para_l_10645.xml"
"lálug","para_l_10646.xml"
"lalum","para_l_10647.xml"
"lálung","para_l_10648.xml"
"lamà","para_l_10649.xml"
"lamak, lámak","para_l_10650.xml"
"laman, láman","para_l_10651.xml"
"lámang","para_l_10652.xml"
"lam-ang1","para_l_10653.xml"
"lam-ang2","para_l_10654.xml"
"lamánu","para_l_10655.xml"
"lamas, lámas1","para_l_10656.xml"
"lámas2","para_l_10657.xml"
"lámat","para_l_10658.xml"
"lamaw","para_l_10659.xml"
"lámay1","para_l_10660.xml"
"lámay2","para_l_10661.xml"
"lamba","para_l_10662.xml"
"lambang","para_l_10663.xml"
"lambanug, lambánug","para_l_10664.xml"
"lambáruk","para_l_10665.xml"
"lambay1","para_l_10666.xml"
"*lambay2","para_l_10667.xml"
"lambáyaw","para_l_10668.xml"
"lambáyung","para_l_10669.xml"
"lambì","para_l_10670.xml"
"lambid","para_l_10671.xml"
"lambígit","para_l_10672.xml"
"lambing","para_l_10673.xml"
"lambiyaw","para_l_10674.xml"
"lambiyug, lambíyug","para_l_10675.xml"
"lambíyung","para_l_10676.xml"
"lambu","para_l_10677.xml"
"lambù","para_l_10678.xml"
"lambud","para_l_10679.xml"
"lambun","para_l_10680.xml"
"lambúnaw","para_l_10681.xml"
"lambung","para_l_10682.xml"
"lambúnit","para_l_10683.xml"
"lambus","para_l_10684.xml"
"lambut","para_l_10685.xml"
"lambuyud","para_l_10686.xml"
"lambuyug, lambúyug","para_l_10687.xml"
"lamdag","para_l_10688.xml"
"lamdaman","para_l_10689.xml"
"lamhun","para_l_10690.xml"
"lamhung","para_l_10691.xml"
"lamhuy","para_l_10692.xml"
"lamì","para_l_10693.xml"
"lamígas","para_l_10694.xml"
"lamigmig","para_l_10695.xml"
"lamili","para_l_10696.xml"
"lamina","para_l_10697.xml"
"laminasiyun","para_l_10698.xml"
"láming","para_l_10699.xml"
"laminisyun","para_l_10700.xml"
"laminit","para_l_10701.xml"
"lamísa","para_l_10702.xml"
"lamisíta","para_l_10703.xml"
"lamiti","para_l_10704.xml"
"lamlam1","para_l_10705.xml"
"lamlam2","para_l_10706.xml"
"lampaag, lampáag","para_l_10707.xml"
"lampágà","para_l_10708.xml"
"lampakanay nga kúgun","para_l_10709.xml"
"lampánug","para_l_10710.xml"
"lampara","para_l_10711.xml"
"lampáru","para_l_10712.xml"
"lamparúnis","para_l_10713.xml"
"lampas1","para_l_10714.xml"
"lampas2","para_l_10715.xml"
"lampásu","para_l_10716.xml"
"lampay","para_l_10717.xml"
"lampin","para_l_10718.xml"
"lampíngas","para_l_10719.xml"
"lampínig","para_l_10720.xml"
"lampírung","para_l_10721.xml"
"lampis","para_l_10722.xml"
"lampuay, lampúay","para_l_10723.xml"
"lampurnas","para_l_10724.xml"
"*lampus","para_l_10725.xml"
"lampuug, lampúug","para_l_10726.xml"
"lampuyang","para_l_10727.xml"
"lampuyut, lampúyut","para_l_10728.xml"
"lamù","para_l_10729.xml"
"lamudlaw","para_l_10730.xml"
"lamugdung","para_l_10731.xml"
"lamúgay","para_l_10732.xml"
"lamuglamug","para_l_10733.xml"
"lamugmugan","para_l_10734.xml"
"lamuk","para_l_10735.xml"
"lamúkat","para_l_10736.xml"
"lamúkay","para_l_10737.xml"
"lamun","para_l_10738.xml"
"lámun","para_l_10739.xml"
"lamuruk","para_l_10740.xml"
"lamuy","para_l_10741.xml"
"lamúyà","para_l_10742.xml"
"lamwas","para_l_10743.xml"
"lamyat","para_l_10744.xml"
"-l-an","para_l_10745.xml"
"lána1","para_l_10746.xml"
"lána2","para_l_10747.xml"
"lánag","para_l_10748.xml"
"lanang","para_l_10749.xml"
"lánap","para_l_10750.xml"
"lanat","para_l_10751.xml"
"lanátad","para_l_10752.xml"
"lánaw","para_l_10753.xml"
"lánay","para_l_10754.xml"
"landa","para_l_10755.xml"
"landag1","para_l_10756.xml"
"landag2","para_l_10757.xml"
"landang","para_l_10758.xml"
"landasan","para_l_10759.xml"
"landay1","para_l_10760.xml"
"landay2","para_l_10761.xml"
"landig","para_l_10762.xml"
"landing","para_l_10763.xml"
"*landrákas","para_l_10764.xml"
"landung","para_l_10765.xml"
"landuylanduy","para_l_10766.xml"
"lang","para_l_10767.xml"
"lángab","para_l_10768.xml"
"lángan","para_l_10769.xml"
"langas","para_l_10770.xml"
"langátad","para_l_10771.xml"
"lángaw","para_l_10772.xml"
"lángay","para_l_10773.xml"
"langayà","para_l_10774.xml"
"langbay","para_l_10775.xml"
"langbì","para_l_10776.xml"
"langbù","para_l_10777.xml"
"langbud","para_l_10778.xml"
"langday","para_l_10779.xml"
"langgà","para_l_10780.xml"
"langgam","para_l_10781.xml"
"langgaw1","para_l_10782.xml"
"langgaw2","para_l_10783.xml"
"langgì","para_l_10784.xml"
"langgíkit","para_l_10785.xml"
"langgilanggi","para_l_10786.xml"
"langgis","para_l_10787.xml"
"langgisaw","para_l_10788.xml"
"langgíta","para_l_10789.xml"
"langgíti","para_l_10790.xml"
"langgung","para_l_10791.xml"
"langgus","para_l_10792.xml"
"langgut","para_l_10793.xml"
"langgwíta","para_l_10794.xml"
"langì1","para_l_10795.xml"
"langì2","para_l_10796.xml"
"langigngig","para_l_10797.xml"
"langis","para_l_10798.xml"
"lángit","para_l_10799.xml"
"langitngit","para_l_10800.xml"
"langkap","para_l_10801.xml"
"langkat","para_l_10802.xml"
"langkaw","para_l_10803.xml"
"langkay1","para_l_10804.xml"
"langkay2","para_l_10805.xml"
"langkì","para_l_10806.xml"
"langking","para_l_10807.xml"
"langkit","para_l_10808.xml"
"langkiya, langkiyà1","para_l_10809.xml"
"langkiya2, langkíyà","para_l_10810.xml"
"langkub","para_l_10811.xml"
"langkuy1","para_l_10812.xml"
"langkuy2","para_l_10813.xml"
"langpus","para_l_10814.xml"
"lan-grábir","para_l_10815.xml"
"langsa","para_l_10816.xml"
"langsad","para_l_10817.xml"
"langsi","para_l_10818.xml"
"langsub","para_l_10819.xml"
"langtaw","para_l_10820.xml"
"langtu","para_l_10821.xml"
"langtung","para_l_10822.xml"
"langù","para_l_10823.xml"
"lang-u","para_l_10824.xml"
"lángub","para_l_10825.xml"
"lang-ug","para_l_10826.xml"
"lángut","para_l_10827.xml"
"languy","para_l_10828.xml"
"langyaw","para_l_10829.xml"
"lanipgà","para_l_10830.xml"
"lanit","para_l_10831.xml"
"laniw","para_l_10832.xml"
"lankay","para_l_10833.xml"
"lanlan","para_l_10834.xml"
"lanlídi","para_l_10835.xml"
"lansa","para_l_10836.xml"
"lansad","para_l_10837.xml"
"lansadíra","para_l_10838.xml"
"lansalíra","para_l_10839.xml"
"lansang","para_l_10840.xml"
"lansar","para_l_10841.xml"
"lansaríra","para_l_10842.xml"
"lansaru","para_l_10843.xml"
"lansilíra","para_l_10844.xml"
"lansis","para_l_10845.xml"
"lansíta","para_l_10846.xml"
"lansíyang","para_l_10847.xml"
"lanslayid","para_l_10848.xml"
"lansu, lansun","para_l_10849.xml"
"lansúnis","para_l_10850.xml"
"lanta","para_l_10851.xml"
"lantáka, lantákà","para_l_10852.xml"
"lantap1","para_l_10853.xml"
"lantap2","para_l_10854.xml"
"lantaw","para_l_10855.xml"
"lantay","para_l_10856.xml"
"lantáyug","para_l_10857.xml"
"lantì","para_l_10858.xml"
"lanting","para_l_10859.xml"
"lantip","para_l_10860.xml"
"lantsa","para_l_10861.xml"
"lantugay","para_l_10862.xml"
"lantúgì","para_l_10863.xml"
"lantung","para_l_10864.xml"
"lan-u","para_l_10865.xml"
"lanúbù","para_l_10866.xml"
"lánug","para_l_10867.xml"
"lan-ug","para_l_10868.xml"
"lanulin","para_l_10869.xml"
"lan-us","para_l_10870.xml"
"lanut","para_l_10871.xml"
"lánut","para_l_10872.xml"
"lápà","para_l_10873.xml"
"lapad","para_l_10874.xml"
"lapak1","para_l_10875.xml"
"lapak2","para_l_10876.xml"
"lápak","para_l_10877.xml"
"lap-ak","para_l_10878.xml"
"lapalapa","para_l_10879.xml"
"lapánag","para_l_10880.xml"
"lapáru","para_l_10881.xml"
"lápas","para_l_10882.xml"
"lapasì","para_l_10883.xml"
"lapat1","para_l_10884.xml"
"lapat2","para_l_10885.xml"
"lápaw","para_l_10886.xml"
"lapay","para_l_10887.xml"
"lapdus","para_l_10888.xml"
"lapgus","para_l_10889.xml"
"lápì","para_l_10890.xml"
"lapida","para_l_10891.xml"
"lapikì","para_l_10892.xml"
"lapilapi","para_l_10893.xml"
"laping","para_l_10894.xml"
"lapínig","para_l_10895.xml"
"lapis1, lápis1","para_l_10896.xml"
"lapis2","para_l_10897.xml"
"lápis2","para_l_10898.xml"
"lapiti","para_l_10899.xml"
"laplap1","para_l_10900.xml"
"laplap2","para_l_10901.xml"
"lapnis","para_l_10902.xml"
"lapnut1","para_l_10903.xml"
"lapnut2","para_l_10904.xml"
"lapnuy","para_l_10905.xml"
"lapris","para_l_10906.xml"
"lapsaw","para_l_10907.xml"
"lapta","para_l_10908.xml"
"lápu","para_l_10909.xml"
"lapug","para_l_10910.xml"
"lápuk","para_l_10911.xml"
"lapulápu1","para_l_10912.xml"
"lapung","para_l_10913.xml"
"lapus","para_l_10914.xml"
"laput","para_l_10915.xml"
"láput","para_l_10916.xml"
"lap-ut1","para_l_10917.xml"
"lap-ut2","para_l_10918.xml"
"lapuy","para_l_10919.xml"
"lapwa","para_l_10920.xml"
"lapya","para_l_10921.xml"
"lapyà","para_l_10922.xml"
"lapyat","para_l_10923.xml"
"lapyù","para_l_10924.xml"
"lárag","para_l_10925.xml"
"láran","para_l_10926.xml"
"lárang","para_l_10927.xml"
"láras","para_l_10928.xml"
"láraw","para_l_10929.xml"
"laray1","para_l_10930.xml"
"láray","para_l_10931.xml"
"larga","para_l_10932.xml"
"largabista","para_l_10933.xml"
"largu","para_l_10934.xml"
"láring","para_l_10935.xml"
"larínu","para_l_10936.xml"
"láruk","para_l_10937.xml"
"larut","para_l_10938.xml"
"laruylaruy, laruyláruy","para_l_10939.xml"
"laryang","para_l_10940.xml"
"las","para_l_10941.xml"
"lása1","para_l_10942.xml"
"lása2","para_l_10943.xml"
"las-ag","para_l_10944.xml"
"lasak","para_l_10945.xml"
"lasang","para_l_10946.xml"
"lásaw","para_l_10947.xml"
"las-ay","para_l_10948.xml"
"lasbi","para_l_10949.xml"
"lasgas","para_l_10950.xml"
"lasib","para_l_10951.xml"
"lasid","para_l_10952.xml"
"lásik","para_l_10953.xml"
"lasing","para_l_10954.xml"
"laski","para_l_10955.xml"
"laskúta","para_l_10956.xml"
"laslas","para_l_10957.xml"
"lasmu","para_l_10958.xml"
"lasnit","para_l_10959.xml"
"laspa","para_l_10960.xml"
"last1","para_l_10961.xml"
"last2","para_l_10962.xml"
"lastats","para_l_10963.xml"
"last díl","para_l_10964.xml"
"lasti","para_l_10965.xml"
"lastiku","para_l_10966.xml"
"lastrip","para_l_10967.xml"
"lásu","para_l_10968.xml"
"lasù","para_l_10969.xml"
"las-u","para_l_10970.xml"
"lasugas","para_l_10971.xml"
"las-ung","para_l_10972.xml"
"las-ut1","para_l_10973.xml"
"las-ut2","para_l_10974.xml"
"laswa","para_l_10975.xml"
"lasyu","para_l_10976.xml"
"lat","para_l_10977.xml"
"láta","para_l_10978.xml"
"latà","para_l_10979.xml"
"látab","para_l_10980.xml"
"látab1","para_l_10981.xml"
"látab2","para_l_10982.xml"
"látad","para_l_10983.xml"
"látag","para_l_10984.xml"
"latagaw","para_l_10985.xml"
"latak","para_l_10986.xml"
"látak","para_l_10987.xml"
"latang","para_l_10988.xml"
"lat-ang","para_l_10989.xml"
"latas","para_l_10990.xml"
"lat-as","para_l_10991.xml"
"látay","para_l_10992.xml"
"latbù","para_l_10993.xml"
"latbug","para_l_10994.xml"
"lathang","para_l_10995.xml"
"lati","para_l_10996.xml"
"latíba","para_l_10997.xml"
"látid","para_l_10998.xml"
"latigu","para_l_10999.xml"
"latik","para_l_11000.xml"
"látik","para_l_11001.xml"
"latin","para_l_11002.xml"
"lating","para_l_11003.xml"
"láting","para_l_11004.xml"
"látu","para_l_11005.xml"
"latù","para_l_11006.xml"
"latuk1","para_l_11007.xml"
"latuk2","para_l_11008.xml"
"latun","para_l_11009.xml"
"latundan","para_l_11010.xml"
"latung","para_l_11011.xml"
"latungdan","para_l_11012.xml"
"latus","para_l_11013.xml"
"latuy","para_l_11014.xml"
"lau","para_l_11015.xml"
"laubláub","para_l_11016.xml"
"laud","para_l_11017.xml"
"laug","para_l_11018.xml"
"láug2","para_l_11019.xml"
"laugdu","para_l_11020.xml"
"láum","para_l_11021.xml"
"laumlaum","para_l_11022.xml"
"laun","para_l_11023.xml"
"launduk","para_l_11024.xml"
"laung","para_l_11025.xml"
"laus","para_l_11026.xml"
"laúsag","para_l_11027.xml"
"lauy","para_l_11028.xml"
"láuy2","para_l_11029.xml"
"láwà1","para_l_11030.xml"
"láwà2","para_l_11031.xml"
"lawáan","para_l_11032.xml"
"láwag","para_l_11033.xml"
"lawak","para_l_11034.xml"
"láwang","para_l_11035.xml"
"lawanlawan","para_l_11036.xml"
"láwas","para_l_11037.xml"
"láway","para_l_11038.xml"
"law-ay","para_l_11039.xml"
"lawgaw","para_l_11040.xml"
"láwi, láwì","para_l_11041.xml"
"lawig","para_l_11042.xml"
"lawiláwi","para_l_11043.xml"
"lawis","para_l_11044.xml"
"lawiswis","para_l_11045.xml"
"lawit","para_l_11046.xml"
"lawitan","para_l_11047.xml"
"lawlaw1","para_l_11048.xml"
"lawlaw2","para_l_11049.xml"
"lawngun","para_l_11050.xml"
"lawril","para_l_11051.xml"
"lawriyat","para_l_11052.xml"
"lawsi","para_l_11053.xml"
"lawting","para_l_11054.xml"
"lawud","para_l_11055.xml"
"láwug","para_l_11056.xml"
"láwung","para_l_11057.xml"
"lawus","para_l_11058.xml"
"láwut","para_l_11059.xml"
"law-uy","para_l_11060.xml"
"láya","para_l_11061.xml"
"*láya","para_l_11062.xml"
"layà1","para_l_11063.xml"
"láyà","para_l_11064.xml"
"láyag1","para_l_11065.xml"
"láyag2","para_l_11066.xml"
"láyag3","para_l_11067.xml"
"layangláyang","para_l_11068.xml"
"láyas","para_l_11069.xml"
"layat1","para_l_11070.xml"
"layat2","para_l_11071.xml"
"láyaw","para_l_11072.xml"
"laybrari","para_l_11073.xml"
"laygay","para_l_11074.xml"
"layhan","para_l_11075.xml"
"layi diantigwa","para_l_11076.xml"
"láyì","para_l_11077.xml"
"láyik","para_l_11078.xml"
"layiku","para_l_11079.xml"
"láyip","para_l_11080.xml"
"layit wit","para_l_11081.xml"
"laylay1","para_l_11082.xml"
"laylay2","para_l_11083.xml"
"laylu","para_l_11084.xml"
"layning","para_l_11085.xml"
"laysul","para_l_11086.xml"
"Layti","para_l_11087.xml"
"laytir","para_l_11088.xml"
"layu","para_l_11089.xml"
"layù","para_l_11090.xml"
"lay-u1","para_l_11091.xml"
"lay-u2","para_l_11092.xml"
"layug","para_l_11093.xml"
"láyug","para_l_11094.xml"
"lay-ug","para_l_11095.xml"
"layuglayug","para_l_11096.xml"
"layun","para_l_11097.xml"
"láyus","para_l_11098.xml"
"lí","para_l_11099.xml"
"líab","para_l_11100.xml"
"liad","para_l_11101.xml"
"líap","para_l_11102.xml"
"liat","para_l_11103.xml"
"líawt","para_l_11104.xml"
"líb","para_l_11105.xml"
"líbà","para_l_11106.xml"
"líbad pa","para_l_11107.xml"
"libadúra","para_l_11108.xml"
"libagbag","para_l_11109.xml"
"libaghà","para_l_11110.xml"
"libak","para_l_11111.xml"
"libákag","para_l_11112.xml"
"liban","para_l_11113.xml"
"libang1","para_l_11114.xml"
"*libang2","para_l_11115.xml"
"libanta","para_l_11116.xml"
"libas","para_l_11117.xml"
"libat","para_l_11118.xml"
"libaung","para_l_11119.xml"
"libayan","para_l_11120.xml"
"libgaw","para_l_11121.xml"
"libgus","para_l_11122.xml"
"libiláwu","para_l_11123.xml"
"libílu","para_l_11124.xml"
"libinta","para_l_11125.xml"
"libintadur","para_l_11126.xml"
"libiral1","para_l_11127.xml"
"libiral2","para_l_11128.xml"
"libirasiyun, libirisyun","para_l_11129.xml"
"libirtǎd","para_l_11130.xml"
"libítus","para_l_11131.xml"
"libkas","para_l_11132.xml"
"libra1","para_l_11133.xml"
"libra2","para_l_11134.xml"
"libri1","para_l_11135.xml"
"libri2","para_l_11136.xml"
"libriríya","para_l_11137.xml"
"libríta","para_l_11138.xml"
"librítu","para_l_11139.xml"
"libru","para_l_11140.xml"
"líbu1","para_l_11141.xml"
"líbu2","para_l_11142.xml"
"líbud","para_l_11143.xml"
"líbug","para_l_11144.xml"
"lib-ug","para_l_11145.xml"
"libun1","para_l_11146.xml"
"libun2, líbun1","para_l_11147.xml"
"líbun2","para_l_11148.xml"
"líbur","para_l_11149.xml"
"libúrus","para_l_11150.xml"
"líbut1","para_l_11151.xml"
"*líbut2","para_l_11152.xml"
"libutug","para_l_11153.xml"
"libúu","para_l_11154.xml"
"líbuy","para_l_11155.xml"
"libwas","para_l_11156.xml"
"líd1","para_l_11157.xml"
"líd2","para_l_11158.xml"
"lidgid","para_l_11159.xml"
"lidibag","para_l_11160.xml"
"lídir1","para_l_11161.xml"
"lídir2","para_l_11162.xml"
"lidirátu","para_l_11163.xml"
"*lídis","para_l_11164.xml"
"lidlid","para_l_11165.xml"
"liga, líga1","para_l_11166.xml"
"líga2","para_l_11167.xml"
"líga3","para_l_11168.xml"
"lígad1","para_l_11169.xml"
"lígad2","para_l_11170.xml"
"ligadíra","para_l_11171.xml"
"ligal","para_l_11172.xml"
"ligas","para_l_11173.xml"
"lígas","para_l_11174.xml"
"ligásun","para_l_11175.xml"
"ligaw","para_l_11176.xml"
"ligay","para_l_11177.xml"
"ligdas","para_l_11178.xml"
"ligdung","para_l_11179.xml"
"lighut","para_l_11180.xml"
"lígid","para_l_11181.xml"
"ligingliging","para_l_11182.xml"
"lígings","para_l_11183.xml"
"ligis","para_l_11184.xml"
"ligitlígit","para_l_11185.xml"
"ligngin","para_l_11186.xml"
"ligpit","para_l_11187.xml"
"ligsì","para_l_11188.xml"
"ligsik","para_l_11189.xml"
"ligtak","para_l_11190.xml"
"ligtì","para_l_11191.xml"
"ligtik","para_l_11192.xml"
"ligtiw","para_l_11193.xml"
"lígù","para_l_11194.xml"
"lig-un","para_l_11195.xml"
"ligung","para_l_11196.xml"
"ligutgut","para_l_11197.xml"
"liguy","para_l_11198.xml"
"ligwa","para_l_11199.xml"
"ligwan","para_l_11200.xml"
"ligwat","para_l_11201.xml"
"líha","para_l_11202.xml"
"lihang","para_l_11203.xml"
"lihat","para_l_11204.xml"
"lihay, líhay","para_l_11205.xml"
"lihi","para_l_11206.xml"
"lihíru","para_l_11207.xml"
"lihisladur","para_l_11208.xml"
"lihislatíbu","para_l_11209.xml"
"lihislatúra","para_l_11210.xml"
"lihiya, lihíya","para_l_11211.xml"
"líhù","para_l_11212.xml"
"*lihug","para_l_11213.xml"
"líhuk","para_l_11214.xml"
"lihut","para_l_11215.xml"
"likag","para_l_11216.xml"
"likat","para_l_11217.xml"
"likay","para_l_11218.xml"
"likbung","para_l_11219.xml"
"likhad","para_l_11220.xml"
"likì1","para_l_11221.xml"
"likì2","para_l_11222.xml"
"líkid","para_l_11223.xml"
"likida, likidar","para_l_11224.xml"
"líkids","para_l_11225.xml"
"likidu","para_l_11226.xml"
"líkin","para_l_11227.xml"
"líkis","para_l_11228.xml"
"líkit","para_l_11229.xml"
"liklik","para_l_11230.xml"
"likmù","para_l_11231.xml"
"liksi","para_l_11232.xml"
"liksiyun","para_l_11233.xml"
"liktyur","para_l_11234.xml"
"likù, líkù","para_l_11235.xml"
"likub","para_l_11236.xml"
"likud","para_l_11237.xml"
"likug","para_l_11238.xml"
"likulikuhan","para_l_11239.xml"
"likung, líkung","para_l_11240.xml"
"likup, líkup","para_l_11241.xml"
"lik-up","para_l_11242.xml"
"likuplikup","para_l_11243.xml"
"líkus","para_l_11244.xml"
"likut","para_l_11245.xml"
"likuy, líkuy","para_l_11246.xml"
"likwa","para_l_11247.xml"
"likwad","para_l_11248.xml"
"likwála","para_l_11249.xml"
"likwang","para_l_11250.xml"
"likyad","para_l_11251.xml"
"líla","para_l_11252.xml"
"lílang","para_l_11253.xml"
"lílas","para_l_11254.xml"
"lìlì","para_l_11255.xml"
"lilígan","para_l_11256.xml"
"lilinglíling","para_l_11257.xml"
"lílit","para_l_11258.xml"
"lilítik","para_l_11259.xml"
"lílù","para_l_11260.xml"
"líluk","para_l_11261.xml"
"lílung1","para_l_11262.xml"
"lílung2","para_l_11263.xml"
"lima","para_l_11264.xml"
"limangkà","para_l_11265.xml"
"límas","para_l_11266.xml"
"limátuk","para_l_11267.xml"
"lim-aw","para_l_11268.xml"
"limba","para_l_11269.xml"
"limbag","para_l_11270.xml"
"limbáhun","para_l_11271.xml"
"limbákug","para_l_11272.xml"
"limbaruk","para_l_11273.xml"
"limbáruk","para_l_11274.xml"
"limbárut","para_l_11275.xml"
"limbas","para_l_11276.xml"
"*limbásug","para_l_11277.xml"
"limbatiánun","para_l_11278.xml"
"limbáun","para_l_11279.xml"
"*limbáwut","para_l_11280.xml"
"limbu","para_l_11281.xml"
"limbúkad","para_l_11282.xml"
"limbung","para_l_11283.xml"
"limbu rak","para_l_11284.xml"
"limbuwad, limbúwad","para_l_11285.xml"
"limbúyuk","para_l_11286.xml"
"límin","para_l_11287.xml"
"liminlimin","para_l_11288.xml"
"límis","para_l_11289.xml"
"limitar","para_l_11290.xml"
"limiti","para_l_11291.xml"
"limpangug","para_l_11292.xml"
"limpísa","para_l_11293.xml"
"limpiya","para_l_11294.xml"
"limpiyáda","para_l_11295.xml"
"limpiyu","para_l_11296.xml"
"limu","para_l_11297.xml"
"limù","para_l_11298.xml"
"limud","para_l_11299.xml"
"limugmug","para_l_11300.xml"
"*limúhag","para_l_11301.xml"
"limúk","para_l_11302.xml"
"limukun","para_l_11303.xml"
"limúkun","para_l_11304.xml"
"limulímu","para_l_11305.xml"
"limun","para_l_11306.xml"
"límun","para_l_11307.xml"
"limunáda","para_l_11308.xml"
"limunglímung","para_l_11309.xml"
"limunsítu, limunsítus","para_l_11310.xml"
"limuruk, limúruk","para_l_11311.xml"
"limus","para_l_11312.xml"
"límut","para_l_11313.xml"
"limúut","para_l_11314.xml"
"línà1","para_l_11315.xml"
"*línà2","para_l_11316.xml"
"línab","para_l_11317.xml"
"línaw1","para_l_11318.xml"
"línaw2","para_l_11319.xml"
"lindag","para_l_11320.xml"
"lindug","para_l_11321.xml"
"linga, línga","para_l_11322.xml"
"língab","para_l_11323.xml"
"lingabngab","para_l_11324.xml"
"lingag","para_l_11325.xml"
"lingagngag","para_l_11326.xml"
"lingas","para_l_11327.xml"
"língat","para_l_11328.xml"
"lingátung","para_l_11329.xml"
"lingaw","para_l_11330.xml"
"lingay, língay","para_l_11331.xml"
"lingbas","para_l_11332.xml"
"lingbáhun","para_l_11333.xml"
"linggà","para_l_11334.xml"
"linggalingga","para_l_11335.xml"
"linggánay","para_l_11336.xml"
"linggawas","para_l_11337.xml"
"linggíru","para_l_11338.xml"
"linggúkud","para_l_11339.xml"
"lingguwáhi","para_l_11340.xml"
"lingguwista","para_l_11341.xml"
"lingguwita","para_l_11342.xml"
"linghud","para_l_11343.xml"
"língì","para_l_11344.xml"
"lingig","para_l_11345.xml"
"língin","para_l_11346.xml"
"lingiw","para_l_11347.xml"
"lingka","para_l_11348.xml"
"lingkáang","para_l_11349.xml"
"lingkag","para_l_11350.xml"
"lingkálang","para_l_11351.xml"
"lingkáng","para_l_11352.xml"
"lingkas","para_l_11353.xml"
"lingkawas","para_l_11354.xml"
"lingkit","para_l_11355.xml"
"lingkúbaw","para_l_11356.xml"
"lingkud","para_l_11357.xml"
"lingkung","para_l_11358.xml"
"lingkús","para_l_11359.xml"
"lingla","para_l_11360.xml"
"lingling","para_l_11361.xml"
"lingù","para_l_11362.xml"
"linguglingug","para_l_11363.xml"
"lingugngug","para_l_11364.xml"
"ling-un","para_l_11365.xml"
"linimintu","para_l_11366.xml"
"línin","para_l_11367.xml"
"línis1","para_l_11368.xml"
"línis2","para_l_11369.xml"
"linlang","para_l_11370.xml"
"linsa","para_l_11371.xml"
"linsúwak","para_l_11372.xml"
"lintà","para_l_11373.xml"
"lintar","para_l_11374.xml"
"linti","para_l_11375.xml"
"lintì","para_l_11376.xml"
"lintihuylas","para_l_11377.xml"
"lintúbaw","para_l_11378.xml"
"lintuhílas","para_l_11379.xml"
"lintungánay","para_l_11380.xml"
"lintúwad","para_l_11381.xml"
"lintuwang, lintúwang","para_l_11382.xml"
"linù","para_l_11383.xml"
"línug","para_l_11384.xml"
"linulyum","para_l_11385.xml"
"linya","para_l_11386.xml"
"lipad","para_l_11387.xml"
"lipaghà","para_l_11388.xml"
"lipaghung","para_l_11389.xml"
"lipak","para_l_11390.xml"
"lípak","para_l_11391.xml"
"lipakà","para_l_11392.xml"
"lípang","para_l_11393.xml"
"lip-an rayit","para_l_11394.xml"
"lipárak","para_l_11395.xml"
"lípas","para_l_11396.xml"
"lipat","para_l_11397.xml"
"lipáta, lipátà","para_l_11398.xml"
"lipatpat","para_l_11399.xml"
"lípay","para_l_11400.xml"
"liphuk","para_l_11401.xml"
"lip-istik","para_l_11402.xml"
"lip-it","para_l_11403.xml"
"liplip","para_l_11404.xml"
"lipstik","para_l_11405.xml"
"lipsut","para_l_11406.xml"
"lipti","para_l_11407.xml"
"lipting","para_l_11408.xml"
"liptung","para_l_11409.xml"
"*lipu","para_l_11410.xml"
"lipudlípud","para_l_11411.xml"
"lipulipu","para_l_11412.xml"
"lípung","para_l_11413.xml"
"lipun-ug","para_l_11414.xml"
"liput1","para_l_11415.xml"
"liput2","para_l_11416.xml"
"lip-ut","para_l_11417.xml"
"lipuwa","para_l_11418.xml"
"lipyà","para_l_11419.xml"
"líra","para_l_11420.xml"
"líraw","para_l_11421.xml"
"lirì","para_l_11422.xml"
"liru","para_l_11423.xml"
"liruliru","para_l_11424.xml"
"lírung","para_l_11425.xml"
"liryu","para_l_11426.xml"
"lís1","para_l_11427.xml"
"lís2","para_l_11428.xml"
"lisa","para_l_11429.xml"
"lísang","para_l_11430.xml"
"lisay","para_l_11431.xml"
"lisik","para_l_11432.xml"
"lisinsiya","para_l_11433.xml"
"lísis","para_l_11434.xml"
"liskad","para_l_11435.xml"
"liskag","para_l_11436.xml"
"liskug","para_l_11437.xml"
"liskúhag","para_l_11438.xml"
"lisngag","para_l_11439.xml"
"lisngig","para_l_11440.xml"
"lispu","para_l_11441.xml"
"lista1","para_l_11442.xml"
"lista2","para_l_11443.xml"
"listu","para_l_11444.xml"
"listun1, listǔn","para_l_11445.xml"
"listun2","para_l_11446.xml"
"lísu","para_l_11447.xml"
"lísù","para_l_11448.xml"
"lisud","para_l_11449.xml"
"lisuglisug","para_l_11450.xml"
"lísun1","para_l_11451.xml"
"lísun2","para_l_11452.xml"
"lisun plan","para_l_11453.xml"
"liswi","para_l_11454.xml"
"lisyinsiya","para_l_11455.xml"
"lít","para_l_11456.xml"
"lit-ad","para_l_11457.xml"
"lit-ag","para_l_11458.xml"
"litaníya","para_l_11459.xml"
"litì","para_l_11460.xml"
"litik","para_l_11461.xml"
"litiliti","para_l_11462.xml"
"litíra","para_l_11463.xml"
"litiral","para_l_11464.xml"
"litiratúra","para_l_11465.xml"
"lítis","para_l_11466.xml"
"litra","para_l_11467.xml"
"litrátu","para_l_11468.xml"
"litru","para_l_11469.xml"
"litsi1","para_l_11470.xml"
"litsi2","para_l_11471.xml"
"litsúgas","para_l_11472.xml"
"litsun","para_l_11473.xml"
"litu, lítu","para_l_11474.xml"
"litù","para_l_11475.xml"
"lítub","para_l_11476.xml"
"lituglítug","para_l_11477.xml"
"lituk1","para_l_11478.xml"
"lituk2","para_l_11479.xml"
"lítuk","para_l_11480.xml"
"litundan","para_l_11481.xml"
"líu","para_l_11482.xml"
"líug","para_l_11483.xml"
"liunduk","para_l_11484.xml"
"lius","para_l_11485.xml"
"líut","para_l_11486.xml"
"líwa","para_l_11487.xml"
"líwag","para_l_11488.xml"
"líwas","para_l_11489.xml"
"liwat","para_l_11490.xml"
"liwayway","para_l_11491.xml"
"liwit","para_l_11492.xml"
"liyalíya","para_l_11493.xml"
"liyinda","para_l_11494.xml"
"líyu","para_l_11495.xml"
"líyug","para_l_11496.xml"
"líyuk","para_l_11497.xml"
"liyun","para_l_11498.xml"
"lú1","para_l_11499.xml"
"lú2","para_l_11500.xml"
"lúad","para_l_11501.xml"
"luag","para_l_11502.xml"
"luaryang, luaryung","para_l_11503.xml"
"lúas","para_l_11504.xml"
"luátan","para_l_11505.xml"
"luay1","para_l_11506.xml"
"luay2","para_l_11507.xml"
"luay3","para_l_11508.xml"
"luba","para_l_11509.xml"
"lúbà","para_l_11510.xml"
"lubad","para_l_11511.xml"
"*lubag1","para_l_11512.xml"
"lúbag","para_l_11513.xml"
"lubak","para_l_11514.xml"
"lubakan","para_l_11515.xml"
"lubang1","para_l_11516.xml"
"lubang2","para_l_11517.xml"
"lúbang","para_l_11518.xml"
"lub-ang1","para_l_11519.xml"
"lub-ang2","para_l_11520.xml"
"lúbas","para_l_11521.xml"
"lubat","para_l_11522.xml"
"lubaung","para_l_11523.xml"
"lubay, lúbay","para_l_11524.xml"
"lubi","para_l_11525.xml"
"lúbid","para_l_11526.xml"
"lubing","para_l_11527.xml"
"lubintadur","para_l_11528.xml"
"lubítus","para_l_11529.xml"
"lublub","para_l_11530.xml"
"lúbu1","para_l_11531.xml"
"lúbu2","para_l_11532.xml"
"lúbù","para_l_11533.xml"
"lubug","para_l_11534.xml"
"lúbug","para_l_11535.xml"
"lubuk","para_l_11536.xml"
"lubulúbu","para_l_11537.xml"
"lubun","para_l_11538.xml"
"lubung","para_l_11539.xml"
"lubus","para_l_11540.xml"
"lúbus1","para_l_11541.xml"
"lúbus2","para_l_11542.xml"
"lubut","para_l_11543.xml"
"lubyuk","para_l_11544.xml"
"lúd","para_l_11545.xml"
"ludà","para_l_11546.xml"
"ludábi","para_l_11547.xml"
"lud-an","para_l_11548.xml"
"ludhan","para_l_11549.xml"
"lúgà","para_l_11550.xml"
"lugabu, lugábu","para_l_11551.xml"
"lugabung","para_l_11552.xml"
"lugak","para_l_11553.xml"
"lugàlúgà","para_l_11554.xml"
"lugamak, lugámak","para_l_11555.xml"
"lugan-ub","para_l_11556.xml"
"lugapak, lugápak","para_l_11557.xml"
"lugar1","para_l_11558.xml"
"lugar2","para_l_11559.xml"
"lugas","para_l_11560.xml"
"lug-as","para_l_11561.xml"
"lugátub","para_l_11562.xml"
"lúgaw","para_l_11563.xml"
"*lugay","para_l_11564.xml"
"lugbak","para_l_11565.xml"
"lugbáti","para_l_11566.xml"
"lugda","para_l_11567.xml"
"lugdang","para_l_11568.xml"
"lugdat","para_l_11569.xml"
"lugdum, lugdung","para_l_11570.xml"
"lúgì1","para_l_11571.xml"
"lúgì2","para_l_11572.xml"
"lúging","para_l_11573.xml"
"lug-is","para_l_11574.xml"
"lúgit","para_l_11575.xml"
"lugituk","para_l_11576.xml"
"lugitum","para_l_11577.xml"
"lugkab","para_l_11578.xml"
"lugkat","para_l_11579.xml"
"luglug1","para_l_11580.xml"
"luglug2","para_l_11581.xml"
"*luglug3","para_l_11582.xml"
"lugmak","para_l_11583.xml"
"lugmaw","para_l_11584.xml"
"lugmay","para_l_11585.xml"
"lugmuk","para_l_11586.xml"
"lugmuy","para_l_11587.xml"
"lugnas","para_l_11588.xml"
"lugnut","para_l_11589.xml"
"lugpad","para_l_11590.xml"
"lugpit","para_l_11591.xml"
"lugput","para_l_11592.xml"
"lugru","para_l_11593.xml"
"lugsad","para_l_11594.xml"
"lugsung","para_l_11595.xml"
"lugsut","para_l_11596.xml"
"lugtab","para_l_11597.xml"
"lugtas","para_l_11598.xml"
"lugtì","para_l_11599.xml"
"lùgù","para_l_11600.xml"
"lúgud","para_l_11601.xml"
"luguk, lúguk","para_l_11602.xml"
"lugum","para_l_11603.xml"
"lúgum","para_l_11604.xml"
"lúgus","para_l_11605.xml"
"lugut","para_l_11606.xml"
"lugwà","para_l_11607.xml"
"lugway","para_l_11608.xml"
"lúhà","para_l_11609.xml"
"luhag","para_l_11610.xml"
"luhàluhà","para_l_11611.xml"
"lúhit","para_l_11612.xml"
"lúhu","para_l_11613.xml"
"luhud","para_l_11614.xml"
"luhudluhud","para_l_11615.xml"
"luib","para_l_11616.xml"
"lúib","para_l_11617.xml"
"luing","para_l_11618.xml"
"lúka1","para_l_11619.xml"
"lúka2","para_l_11620.xml"
"lukà","para_l_11621.xml"
"lúkab","para_l_11622.xml"
"lúkad","para_l_11623.xml"
"lukal","para_l_11624.xml"
"lukalúka","para_l_11625.xml"
"lúkap","para_l_11626.xml"
"lukápa","para_l_11627.xml"
"lukas","para_l_11628.xml"
"lukat","para_l_11629.xml"
"lúkat","para_l_11630.xml"
"lukay","para_l_11631.xml"
"lukba","para_l_11632.xml"
"lukbun","para_l_11633.xml"
"lukdu","para_l_11634.xml"
"lukdulukdu","para_l_11635.xml"
"lukgaw","para_l_11636.xml"
"lukguk","para_l_11637.xml"
"lukim","para_l_11638.xml"
"lukimya","para_l_11639.xml"
"luking","para_l_11640.xml"
"lukip","para_l_11641.xml"
"lukluk","para_l_11642.xml"
"lukmay","para_l_11643.xml"
"lukmuy","para_l_11644.xml"
"luksu","para_l_11645.xml"
"luktun","para_l_11646.xml"
"lúku","para_l_11647.xml"
"lúkù","para_l_11648.xml"
"lukub1","para_l_11649.xml"
"lukub2","para_l_11650.xml"
"lúkub","para_l_11651.xml"
"lukublukub","para_l_11652.xml"
"lúkud","para_l_11653.xml"
"lukun","para_l_11654.xml"
"lúkun","para_l_11655.xml"
"lúkung","para_l_11656.xml"
"lukup","para_l_11657.xml"
"lukut1","para_l_11658.xml"
"lukut2","para_l_11659.xml"
"lúkut","para_l_11660.xml"
"lúla","para_l_11661.xml"
"lúlan","para_l_11662.xml"
"lúlaw","para_l_11663.xml"
"lulhu","para_l_11664.xml"
"lúlid","para_l_11665.xml"
"lulingháyaw","para_l_11666.xml"
"lulipap","para_l_11667.xml"
"lúlu","para_l_11668.xml"
"lùlù","para_l_11669.xml"
"lúlut","para_l_11670.xml"
"lúluy","para_l_11671.xml"
"lumà","para_l_11672.xml"
"lúmà","para_l_11673.xml"
"lúmad","para_l_11674.xml"
"lumag","para_l_11675.xml"
"*lumaluma","para_l_11676.xml"
"lumat","para_l_11677.xml"
"lumáwig","para_l_11678.xml"
"lumay","para_l_11679.xml"
"*lúmay","para_l_11680.xml"
"lumbà","para_l_11681.xml"
"lumbaglumbag","para_l_11682.xml"
"lumbágu","para_l_11683.xml"
"lumban","para_l_11684.xml"
"lumbang","para_l_11685.xml"
"lumbay","para_l_11686.xml"
"lumbiya","para_l_11687.xml"
"lumbuy","para_l_11688.xml"
"lúmi","para_l_11689.xml"
"lumì","para_l_11690.xml"
"lúmid","para_l_11691.xml"
"luminarya","para_l_11692.xml"
"lúming","para_l_11693.xml"
"lumiru","para_l_11694.xml"
"lum-it","para_l_11695.xml"
"lumlum","para_l_11696.xml"
"lumpag","para_l_11697.xml"
"lumpánug","para_l_11698.xml"
"lumpat","para_l_11699.xml"
"lumpayat","para_l_11700.xml"
"lumpì, lumping","para_l_11701.xml"
"lumpiyà","para_l_11702.xml"
"lumpu","para_l_11703.xml"
"lumpù","para_l_11704.xml"
"lumpung","para_l_11705.xml"
"lumput","para_l_11706.xml"
"lumu","para_l_11707.xml"
"lúmù","para_l_11708.xml"
"lumud","para_l_11709.xml"
"lúmud","para_l_11710.xml"
"lumuk","para_l_11711.xml"
"lúmun","para_l_11712.xml"
"lúmung","para_l_11713.xml"
"lumus1","para_l_11714.xml"
"lumus2","para_l_11715.xml"
"lúmut","para_l_11716.xml"
"lumuy, lúmuy","para_l_11717.xml"
"lún1","para_l_11718.xml"
"lún2","para_l_11719.xml"
"-l-un","para_l_11720.xml"
"lúna","para_l_11721.xml"
"lunà","para_l_11722.xml"
"lúna dimiyil","para_l_11723.xml"
"lunag","para_l_11724.xml"
"lúnang","para_l_11725.xml"
"lunas","para_l_11726.xml"
"lun-as","para_l_11727.xml"
"lunaw","para_l_11728.xml"
"lunay","para_l_11729.xml"
"lundag","para_l_11730.xml"
"Lundris1","para_l_11731.xml"
"lundris2","para_l_11732.xml"
"lunduk1","para_l_11733.xml"
"lunduk2","para_l_11734.xml"
"lunga1","para_l_11735.xml"
"lunga2, lungà","para_l_11736.xml"
"lúngab","para_l_11737.xml"
"lúngag","para_l_11738.xml"
"lung-ag","para_l_11739.xml"
"lungas","para_l_11740.xml"
"lungay","para_l_11741.xml"
"lungbuy","para_l_11742.xml"
"lungdistans","para_l_11743.xml"
"lunggù","para_l_11744.xml"
"lunggub","para_l_11745.xml"
"lunggung1","para_l_11746.xml"
"lunggung2","para_l_11747.xml"
"lúngì","para_l_11748.xml"
"lúngib","para_l_11749.xml"
"lúngis","para_l_11750.xml"
"lungkab","para_l_11751.xml"
"lungkaub","para_l_11752.xml"
"lungkì","para_l_11753.xml"
"lunglayin","para_l_11754.xml"
"lungnik","para_l_11755.xml"
"lungnus","para_l_11756.xml"
"lungpli","para_l_11757.xml"
"lungslib","para_l_11758.xml"
"lungsud","para_l_11759.xml"
"lungtad","para_l_11760.xml"
"lung tíbul","para_l_11761.xml"
"lungùlungù","para_l_11762.xml"
"lungun","para_l_11763.xml"
"lungutlungut","para_l_11764.xml"
"lunhat","para_l_11765.xml"
"lunhaw","para_l_11766.xml"
"Lúnis1","para_l_11767.xml"
"lúnis2","para_l_11768.xml"
"lúnit","para_l_11769.xml"
"lunlun","para_l_11770.xml"
"lunsay","para_l_11771.xml"
"lunsing","para_l_11772.xml"
"lunsud","para_l_11773.xml"
"luntad","para_l_11774.xml"
"luntalunta","para_l_11775.xml"
"luntud","para_l_11776.xml"
"lunu","para_l_11777.xml"
"lun-ub","para_l_11778.xml"
"lúnud1","para_l_11779.xml"
"lúnud2","para_l_11780.xml"
"lunuglunug","para_l_11781.xml"
"lúnuk","para_l_11782.xml"
"lúnup","para_l_11783.xml"
"lúnus","para_l_11784.xml"
"lun-us","para_l_11785.xml"
"lun-ut","para_l_11786.xml"
"lunuy","para_l_11787.xml"
"lupa, lupà","para_l_11788.xml"
"lúpà","para_l_11789.xml"
"lupad","para_l_11790.xml"
"lup-ad","para_l_11791.xml"
"lupak1","para_l_11792.xml"
"lupak2","para_l_11793.xml"
"lupasì","para_l_11794.xml"
"lupì","para_l_11795.xml"
"lúpig","para_l_11796.xml"
"lúpir","para_l_11797.xml"
"lúpis","para_l_11798.xml"
"lup-it","para_l_11799.xml"
"lupnis","para_l_11800.xml"
"lupù1","para_l_11801.xml"
"lupù2","para_l_11802.xml"
"lúpug1","para_l_11803.xml"
"lúpug2","para_l_11804.xml"
"lup-ug","para_l_11805.xml"
"lúpuk","para_l_11806.xml"
"lúpus1","para_l_11807.xml"
"lúpus2","para_l_11808.xml"
"luput","para_l_11809.xml"
"lup-ut1","para_l_11810.xml"
"lup-ut2","para_l_11811.xml"
"lup-ut3","para_l_11812.xml"
"lupuy","para_l_11813.xml"
"lupyak","para_l_11814.xml"
"*lupyù","para_l_11815.xml"
"lurang","para_l_11816.xml"
"lúrat","para_l_11817.xml"
"lúray1","para_l_11818.xml"
"lúray2","para_l_11819.xml"
"lúrir","para_l_11820.xml"
"luru","para_l_11821.xml"
"lúrù1","para_l_11822.xml"
"lúrung","para_l_11823.xml"
"lús","para_l_11824.xml"
"lusa, lusà1","para_l_11825.xml"
"lúsa","para_l_11826.xml"
"lusà2","para_l_11827.xml"
"lúsad","para_l_11828.xml"
"lusak","para_l_11829.xml"
"lusay","para_l_11830.xml"
"lúsay","para_l_11831.xml"
"lusbà","para_l_11832.xml"
"lusbak1","para_l_11833.xml"
"lusbak2","para_l_11834.xml"
"lusbù","para_l_11835.xml"
"lusbug","para_l_11836.xml"
"lusgus","para_l_11837.xml"
"lúsì","para_l_11838.xml"
"luslus","para_l_11839.xml"
"lusnù","para_l_11840.xml"
"luspad","para_l_11841.xml"
"luspì","para_l_11842.xml"
"lusù","para_l_11843.xml"
"lúsù","para_l_11844.xml"
"lúsub","para_l_11845.xml"
"lusug","para_l_11846.xml"
"lúsug","para_l_11847.xml"
"lusuk","para_l_11848.xml"
"Lusun","para_l_11849.xml"
"lusung","para_l_11850.xml"
"lúsung2","para_l_11851.xml"
"lusut","para_l_11852.xml"
"lusyun","para_l_11853.xml"
"luta1","para_l_11854.xml"
"luta2","para_l_11855.xml"
"lúta, lutà","para_l_11856.xml"
"*lútab","para_l_11857.xml"
"lutak","para_l_11858.xml"
"lutang","para_l_11859.xml"
"lútang","para_l_11860.xml"
"lutaríya","para_l_11861.xml"
"lutas","para_l_11862.xml"
"lútas","para_l_11863.xml"
"lutaw","para_l_11864.xml"
"lutay","para_l_11865.xml"
"luthang","para_l_11866.xml"
"lúti","para_l_11867.xml"
"lútì","para_l_11868.xml"
"lutiríya","para_l_11869.xml"
"lutlut","para_l_11870.xml"
"lutu, lutù1","para_l_11871.xml"
"lútu","para_l_11872.xml"
"lutù2","para_l_11873.xml"
"lútù","para_l_11874.xml"
"lútub","para_l_11875.xml"
"lut-ud","para_l_11876.xml"
"lutuk","para_l_11877.xml"
"lútuk","para_l_11878.xml"
"lutung","para_l_11879.xml"
"lútung","para_l_11880.xml"
"lutup","para_l_11881.xml"
"lútus1","para_l_11882.xml"
"lútus2","para_l_11883.xml"
"lútuy","para_l_11884.xml"
"lutya, lutyà","para_l_11885.xml"
"lúub","para_l_11886.xml"
"luud","para_l_11887.xml"
"*lúud","para_l_11888.xml"
"luug","para_l_11889.xml"
"lúuk1","para_l_11890.xml"
"lúuk2","para_l_11891.xml"
"lúum","para_l_11892.xml"
"lúun","para_l_11893.xml"
"luup","para_l_11894.xml"
"luus","para_l_11895.xml"
"lúuy1","para_l_11896.xml"
"lúuy2","para_l_11897.xml"
"luwa-","para_l_11898.xml"
"luwa1","para_l_11899.xml"
"luwa2","para_l_11900.xml"
"lúwa","para_l_11901.xml"
"luwà, lúwà","para_l_11902.xml"
"luwàlúwà","para_l_11903.xml"
"luwag, lúwag","para_l_11904.xml"
"luwak, lúwak","para_l_11905.xml"
"luwang","para_l_11906.xml"
"luwas1","para_l_11907.xml"
"luwas2","para_l_11908.xml"
"luwat1","para_l_11909.xml"
"luwat2","para_l_11910.xml"
"luwat3","para_l_11911.xml"
"lúwis, lúwist","para_l_11912.xml"
"lū́y","para_l_11913.xml"
"lúya","para_l_11914.xml"
"luy-a","para_l_11915.xml"
"lúyang","para_l_11916.xml"
"luyat, lúyat","para_l_11917.xml"
"luyluy1","para_l_11918.xml"
"luyluy2","para_l_11919.xml"
"luyu","para_l_11920.xml"
"lúyung","para_l_11921.xml"
"lúyut","para_l_11922.xml"
"lyábi1","para_l_11923.xml"
"lyábi2","para_l_11924.xml"
"lyágay","para_l_11925.xml"
"lyamáda","para_l_11926.xml"
"lyamar","para_l_11927.xml"
"lyáwi","para_l_11928.xml"
"lyukimya","para_l_11929.xml"
"lyúpis","para_l_11930.xml"
"ma","para_m_11931.xml"
"má","para_m_11932.xml"
"mā̀","para_m_11933.xml"
"ma-1","para_m_11934.xml"
"ma-2","para_m_11935.xml"
"ma-ánun","para_m_11936.xml"
"máas","para_m_11937.xml"
"maáyu","para_m_11938.xml"
"mabà","para_m_11939.xml"
"mabaw","para_m_11940.xml"
"mabdus","para_m_11941.xml"
"mabgas","para_m_11942.xml"
"mabúlu","para_m_11943.xml"
"mad-as","para_m_11944.xml"
"mádil","para_m_11945.xml"
"madrasta","para_m_11946.xml"
"madri1","para_m_11947.xml"
"madri2","para_m_11948.xml"
"madri kakaw","para_m_11949.xml"
"madri míya","para_m_11950.xml"
"madrína","para_m_11951.xml"
"madyik","para_m_11952.xml"
"madyung1","para_m_11953.xml"
"madyung2","para_m_11954.xml"
"madyurit","para_m_11955.xml"
"mag-","para_m_11956.xml"
"maga-","para_m_11957.xml"
"Magahat","para_m_11958.xml"
"magalyánis","para_m_11959.xml"
"magang, mágang","para_m_11960.xml"
"magasin1","para_m_11961.xml"
"magasin2","para_m_11962.xml"
"magay","para_m_11963.xml"
"magaya","para_m_11964.xml"
"Magindánaw","para_m_11965.xml"
"magka-","para_m_11966.xml"
"magka-(←)","para_m_11967.xml"
"mag-l-","para_m_11968.xml"
"maglalatik","para_m_11969.xml"
"magnisya","para_m_11970.xml"
"magnit","para_m_11971.xml"
"mag-r-","para_m_11972.xml"
"magsúun","para_m_11973.xml"
"magtalisay","para_m_11974.xml"
"mágu","para_m_11975.xml"
"mágù","para_m_11976.xml"
"magus","para_m_11977.xml"
"máha","para_m_11978.xml"
"mahal","para_m_11979.xml"
"mahan","para_m_11980.xml"
"maharlika","para_m_11981.xml"
"máhay","para_m_11982.xml"
"mahika","para_m_11983.xml"
"mahiku","para_m_11984.xml"
"mahistrádu","para_m_11985.xml"
"mahugani","para_m_11986.xml"
"maigang","para_m_11987.xml"
"mailúku","para_m_11988.xml"
"ma-in-un(←), ma-in-ánun","para_m_11989.xml"
"mais","para_m_11990.xml"
"maistra","para_m_11991.xml"
"maistru","para_m_11992.xml"
"maka-1","para_m_11993.xml"
"maka-2","para_m_11994.xml"
"makahiyà","para_m_11995.xml"
"makalibri","para_m_11996.xml"
"makan","para_m_11997.xml"
"makapunù","para_m_11998.xml"
"maka-r-","para_m_11999.xml"
"makarúni","para_m_12000.xml"
"Makaw","para_m_12001.xml"
"máki1","para_m_12002.xml"
"máki2","para_m_12003.xml"
"makig-(←)","para_m_12004.xml"
"makina","para_m_12005.xml"
"makinarya","para_m_12006.xml"
"makinilya","para_m_12007.xml"
"makinista","para_m_12008.xml"
"makiníta","para_m_12009.xml"
"makmak","para_m_12010.xml"
"makra","para_m_12011.xml"
"maksut","para_m_12012.xml"
"mákù","para_m_12013.xml"
"makúpa","para_m_12014.xml"
"mal","para_m_12015.xml"
"mala","para_m_12016.xml"
"malabagákay","para_m_12017.xml"
"malabanu","para_m_12018.xml"
"malabutang","para_m_12019.xml"
"malagaya","para_m_12020.xml"
"Malakanyan, Malakanyang","para_m_12021.xml"
"mal-am","para_m_12022.xml"
"malangsi","para_m_12023.xml"
"malapati","para_m_12024.xml"
"malapi","para_m_12025.xml"
"malapunti","para_m_12026.xml"
"malarya","para_m_12027.xml"
"málas","para_m_12028.xml"
"malasádu, malasáwu","para_m_12029.xml"
"malasugi, malasúgi","para_m_12030.xml"
"malatálu","para_m_12031.xml"
"malatinduk","para_m_12032.xml"
"*málay","para_m_12033.xml"
"maláyang","para_m_12034.xml"
"malaypálay","para_m_12035.xml"
"Maláyu","para_m_12036.xml"
"malbas","para_m_12037.xml"
"maldisiyun","para_m_12038.xml"
"maldíta","para_m_12039.xml"
"maldítu","para_m_12040.xml"
"mal-idukáda","para_m_12041.xml"
"mal-idukádu","para_m_12042.xml"
"malígas","para_m_12043.xml"
"malignu","para_m_12044.xml"
"malignù","para_m_12045.xml"
"malimnu","para_m_12046.xml"
"malingka","para_m_12047.xml"
"malisya","para_m_12048.xml"
"málit","para_m_12049.xml"
"malíta","para_m_12050.xml"
"malitin","para_m_12051.xml"
"malmal1","para_m_12052.xml"
"malmal2","para_m_12053.xml"
"malpagadur","para_m_12054.xml"
"maltabána","para_m_12055.xml"
"maltratar","para_m_12056.xml"
"*málu","para_m_12057.xml"
"malù1 — [dat.]","para_m_12058.xml"
"malù2, málù1","para_m_12059.xml"
"málù2","para_m_12060.xml"
"malubgas","para_m_12061.xml"
"maluíbun","para_m_12062.xml"
"málung","para_m_12063.xml"
"malunggay","para_m_12064.xml"
"málus1","para_m_12065.xml"
"malyíti","para_m_12066.xml"
"malyurka","para_m_12067.xml"
"mám","para_m_12068.xml"
"máma1","para_m_12069.xml"
"máma2","para_m_12070.xml"
"mamà","para_m_12071.xml"
"mamadur","para_m_12072.xml"
"mámam","para_m_12073.xml"
"mamay","para_m_12074.xml"
"mambad","para_m_12075.xml"
"mambu","para_m_12076.xml"
"mámi1","para_m_12077.xml"
"mámi2","para_m_12078.xml"
"mamilúku","para_m_12079.xml"
"maming","para_m_12080.xml"
"mampud","para_m_12081.xml"
"Mampur","para_m_12082.xml"
"mamsà1","para_m_12083.xml"
"mamsà2","para_m_12084.xml"
"mamun1","para_m_12085.xml"
"mamun2","para_m_12086.xml"
"mámurd, mámurds","para_m_12087.xml"
"man","para_m_12088.xml"
"maN-","para_m_12089.xml"
"mana, mána1","para_m_12090.xml"
"mána2","para_m_12091.xml"
"manáging","para_m_12092.xml"
"manalabtan","para_m_12093.xml"
"manámù","para_m_12094.xml"
"mananabtan","para_m_12095.xml"
"manananggal","para_m_12096.xml"
"mananangkuy","para_m_12097.xml"
"mananap","para_m_12098.xml"
"manan-aw","para_m_12099.xml"
"manandis","para_m_12100.xml"
"manang, mánang","para_m_12101.xml"
"mananggíti","para_m_12102.xml"
"manánuy","para_m_12103.xml"
"manátad","para_m_12104.xml"
"manau, manaul1","para_m_12105.xml"
"manaul2","para_m_12106.xml"
"manay, mánay","para_m_12107.xml"
"maN-ay","para_m_12108.xml"
"manbad","para_m_12109.xml"
"mandalúsa","para_m_12110.xml"
"Mandalúyung","para_m_12111.xml"
"mandamyintu diaristu","para_m_12112.xml"
"mandǎr","para_m_12113.xml"
"mandasiyun","para_m_12114.xml"
"manday","para_m_12115.xml"
"mandi, manding","para_m_12116.xml"
"mandù","para_m_12117.xml"
"mandunggu","para_m_12118.xml"
"manga","para_m_12119.xml"
"mangagat, mangágat","para_m_12120.xml"
"mangágaw","para_m_12121.xml"
"mangga","para_m_12122.xml"
"manggad","para_m_12123.xml"
"manggas","para_m_12124.xml"
"manggátus","para_m_12125.xml"
"manggi-","para_m_12126.xml"
"manggilis","para_m_12127.xml"
"manggi-un(←)","para_m_12128.xml"
"manggu","para_m_12129.xml"
"manggulimbaw","para_m_12130.xml"
"manggustan","para_m_12131.xml"
"manghud","para_m_12132.xml"
"mangkay","para_m_12133.xml"
"mangkimangki","para_m_12134.xml"
"mangku","para_m_12135.xml"
"mangkù","para_m_12136.xml"
"mangkumu","para_m_12137.xml"
"mangliw, mangluy","para_m_12138.xml"
"mangnu, mangnù","para_m_12139.xml"
"mangsi","para_m_12140.xml"
"mangtas","para_m_12141.xml"
"mangù","para_m_12142.xml"
"Mangyan","para_m_12143.xml"
"manhak","para_m_12144.xml"
"mani","para_m_12145.xml"
"*máni","para_m_12146.xml"
"manibila","para_m_12147.xml"
"mánids","para_m_12148.xml"
"maníhu","para_m_12149.xml"
"maniit","para_m_12150.xml"
"manikin","para_m_12151.xml"
"manikiyur","para_m_12152.xml"
"Maníla, Manílà1","para_m_12153.xml"
"manílà2","para_m_12154.xml"
"maniN-","para_m_12155.xml"
"manínay","para_m_12156.xml"
"maniníyut","para_m_12157.xml"
"manínuy","para_m_12158.xml"
"manistil","para_m_12159.xml"
"maniubra","para_m_12160.xml"
"mankumunidad","para_m_12161.xml"
"maN-l-","para_m_12162.xml"
"manlà","para_m_12163.xml"
"manlawud","para_m_12164.xml"
"manlulundà","para_m_12165.xml"
"manlut1","para_m_12166.xml"
"manlut2","para_m_12167.xml"
"maN-r-","para_m_12168.xml"
"maN-r-ay","para_m_12169.xml"
"mansa","para_m_12170.xml"
"mansánas","para_m_12171.xml"
"mansanilya","para_m_12172.xml"
"mansanítas","para_m_12173.xml"
"mansibádu","para_m_12174.xml"
"mansinítas","para_m_12175.xml"
"mansiyun","para_m_12176.xml"
"mansu","para_m_12177.xml"
"mantágà","para_m_12178.xml"
"mantálà","para_m_12179.xml"
"mantalágà","para_m_12180.xml"
"mantas","para_m_12181.xml"
"mantiának","para_m_12182.xml"
"mantíaw","para_m_12183.xml"
"mantíkà","para_m_12184.xml"
"mantíka dikakaw","para_m_12185.xml"
"mantikilya","para_m_12186.xml"
"mantil","para_m_12187.xml"
"mantilya","para_m_12188.xml"
"mantilyína","para_m_12189.xml"
"mantinil, mantinir","para_m_12190.xml"
"mantiw","para_m_12191.xml"
"mantiyának","para_m_12192.xml"
"mantsa","para_m_12193.xml"
"mantsinítas","para_m_12194.xml"
"mantsúsu","para_m_12195.xml"
"mánu1","para_m_12196.xml"
"mánu2","para_m_12197.xml"
"mánu3","para_m_12198.xml"
"mánu4","para_m_12199.xml"
"*mánu5","para_m_12200.xml"
"manúbig","para_m_12201.xml"
"manubíla","para_m_12202.xml"
"Manúbu, Manúbù","para_m_12203.xml"
"manugimpu, manugimpul","para_m_12204.xml"
"manuk","para_m_12205.xml"
"manukmánuk","para_m_12206.xml"
"manukúlu","para_m_12207.xml"
"manul","para_m_12208.xml"
"manulunda, manulundà","para_m_12209.xml"
"manumbága","para_m_12210.xml"
"manung, mánung","para_m_12211.xml"
"manunggal","para_m_12212.xml"
"manunggul","para_m_12213.xml"
"mánus","para_m_12214.xml"
"manútu","para_m_12215.xml"
"mánuy","para_m_12216.xml"
"manwal","para_m_12217.xml"
"manya","para_m_12218.xml"
"manyak","para_m_12219.xml"
"manyampuk","para_m_12220.xml"
"*manyána","para_m_12221.xml"
"manyang","para_m_12222.xml"
"mápa","para_m_12223.xml"
"máping1","para_m_12224.xml"
"mapunti","para_m_12225.xml"
"Mar.","para_m_12226.xml"
"marabal","para_m_12227.xml"
"marabilyas","para_m_12228.xml"
"marabya","para_m_12229.xml"
"maragábit","para_m_12230.xml"
"maragáti","para_m_12231.xml"
"marákas","para_m_12232.xml"
"maral","para_m_12233.xml"
"máram","para_m_12234.xml"
"maramà, marámà","para_m_12235.xml"
"Maranaw","para_m_12236.xml"
"marang","para_m_12237.xml"
"márang","para_m_12238.xml"
"marapíta","para_m_12239.xml"
"maratun","para_m_12240.xml"
"marbas","para_m_12241.xml"
"margarin, margarína","para_m_12242.xml"
"margáti","para_m_12243.xml"
"mari","para_m_12244.xml"
"maribágu","para_m_12245.xml"
"maribuhuk","para_m_12246.xml"
"mariguld","para_m_12247.xml"
"marihwána","para_m_12248.xml"
"márik","para_m_12249.xml"
"marika","para_m_12250.xml"
"marína","para_m_12251.xml"
"mariníra","para_m_12252.xml"
"marínu","para_m_12253.xml"
"maripúsa","para_m_12254.xml"
"marísi","para_m_12255.xml"
"Maríya","para_m_12256.xml"
"maríya buhuk","para_m_12257.xml"
"mariyal","para_m_12258.xml"
"marka","para_m_12259.xml"
"markir","para_m_12260.xml"
"markis","para_m_12261.xml"
"*markit","para_m_12262.xml"
"marku1","para_m_12263.xml"
"marku2","para_m_12264.xml"
"markut","para_m_12265.xml"
"marmul","para_m_12266.xml"
"marpil","para_m_12267.xml"
"marsanti","para_m_12268.xml"
"marsíku","para_m_12269.xml"
"marsiyal","para_m_12270.xml"
"Marsu","para_m_12271.xml"
"marsútu","para_m_12272.xml"
"martabána","para_m_12273.xml"
"Marti","para_m_12274.xml"
"martilyu","para_m_12275.xml"
"martiníku","para_m_12276.xml"
"martir","para_m_12277.xml"
"Martis","para_m_12278.xml"
"*marts","para_m_12279.xml"
"martsa","para_m_12280.xml"
"martsanti","para_m_12281.xml"
"martuníku","para_m_12282.xml"
"marubya","para_m_12283.xml"
"marúnung","para_m_12284.xml"
"maruy","para_m_12285.xml"
"marúya","para_m_12286.xml"
"maryánas","para_m_12287.xml"
"Maryúsip","para_m_12288.xml"
"*mas","para_m_12289.xml"
"mása1","para_m_12290.xml"
"mása2","para_m_12291.xml"
"masáhi","para_m_12292.xml"
"masámung","para_m_12293.xml"
"másang","para_m_12294.xml"
"masariyal","para_m_12295.xml"
"mási","para_m_12296.xml"
"*masig1","para_m_12297.xml"
"masig2","para_m_12298.xml"
"masimasi","para_m_12299.xml"
"masimási","para_m_12300.xml"
"masin-gan","para_m_12301.xml"
"masinggan","para_m_12302.xml"
"masítas","para_m_12303.xml"
"masiyar","para_m_12304.xml"
"maskáda","para_m_12305.xml"
"maskara","para_m_12306.xml"
"maski, maskin","para_m_12307.xml"
"maskipap, maskipaps","para_m_12308.xml"
"maskirid bul","para_m_12309.xml"
"maskuláda","para_m_12310.xml"
"maskuládu","para_m_12311.xml"
"masputítu, masputítus","para_m_12312.xml"
"*mastir","para_m_12313.xml"
"masturbisyun","para_m_12314.xml"
"másu","para_m_12315.xml"
"mas-uk","para_m_12316.xml"
"masun","para_m_12317.xml"
"masuy","para_m_12318.xml"
"masyáda","para_m_12319.xml"
"masyádu","para_m_12320.xml"
"masyadur","para_m_12321.xml"
"masyaw","para_m_12322.xml"
"mat","para_m_12323.xml"
"mát","para_m_12324.xml"
"mata","para_m_12325.xml"
"matáda","para_m_12326.xml"
"matadíra","para_m_12327.xml"
"matadíru1","para_m_12328.xml"
"matadíru2","para_m_12329.xml"
"matadur","para_m_12330.xml"
"matag","para_m_12331.xml"
"matalak-un, matak-ánun","para_m_12332.xml"
"matang1","para_m_12333.xml"
"matang2, mátang","para_m_12334.xml"
"matansa","para_m_12335.xml"
"matansíra, matansíru","para_m_12336.xml"
"matay","para_m_12337.xml"
"máti","para_m_12338.xml"
"matikmátik","para_m_12339.xml"
"matikud","para_m_12340.xml"
"matimáti","para_m_12341.xml"
"matimátiks","para_m_12342.xml"
"mating","para_m_12343.xml"
"matiriyal1","para_m_12344.xml"
"matiriyal2","para_m_12345.xml"
"matirniti","para_m_12346.xml"
"matiryális","para_m_12347.xml"
"matmat1","para_m_12348.xml"
"matmat2","para_m_12349.xml"
"matngà","para_m_12350.xml"
"matngun","para_m_12351.xml"
"matráka","para_m_12352.xml"
"matrídu","para_m_12353.xml"
"matrikula","para_m_12354.xml"
"matrimunyal","para_m_12355.xml"
"matríra","para_m_12356.xml"
"matríru","para_m_12357.xml"
"matris1","para_m_12358.xml"
"matris2","para_m_12359.xml"
"matrúna","para_m_12360.xml"
"mats","para_m_12361.xml"
"matsa","para_m_12362.xml"
"matsing1","para_m_12363.xml"
"matsing2","para_m_12364.xml"
"matsuy","para_m_12365.xml"
"mátud","para_m_12366.xml"
"matulì","para_m_12367.xml"
"matúmat","para_m_12368.xml"
"matun","para_m_12369.xml"
"matutù","para_m_12370.xml"
"matyag","para_m_12371.xml"
"matyanak","para_m_12372.xml"
"mau","para_m_12373.xml"
"ma-un(←)","para_m_12374.xml"
"maung","para_m_12375.xml"
"mauraúra","para_m_12376.xml"
"maut","para_m_12377.xml"
"máut","para_m_12378.xml"
"mawu-","para_m_12379.xml"
"mawungmáwung","para_m_12380.xml"
"mawutpis","para_m_12381.xml"
"maw-uy","para_m_12382.xml"
"may","para_m_12383.xml"
"máya","para_m_12384.xml"
"mayà","para_m_12385.xml"
"mayáman","para_m_12386.xml"
"mayamaya, mayamáya","para_m_12387.xml"
"mayánà","para_m_12388.xml"
"mayáus","para_m_12389.xml"
"maybay","para_m_12390.xml"
"mayhu, mayhum","para_m_12391.xml"
"mayik","para_m_12392.xml"
"maylab","para_m_12393.xml"
"maymay","para_m_12394.xml"
"maynur","para_m_12395.xml"
"maypáy","para_m_12396.xml"
"mayrun","para_m_12397.xml"
"maytir","para_m_12398.xml"
"Máyu","para_m_12399.xml"
"mayukmuk","para_m_12400.xml"
"máyung","para_m_12401.xml"
"may-ung","para_m_12402.xml"
"mayunis, mayunísa","para_m_12403.xml"
"mayur","para_m_12404.xml"
"mayuríya","para_m_12405.xml"
"mayurù","para_m_12406.xml"
"mayuskula","para_m_12407.xml"
"mga","para_m_12408.xml"
"mi1","para_m_12409.xml"
"mi2","para_m_12410.xml"
"mī̀","para_m_12411.xml"
"mi-","para_m_12412.xml"
"míd","para_m_12413.xml"
"mídal","para_m_12414.xml"
"midalya","para_m_12415.xml"
"midalyun","para_m_12416.xml"
"mídi","para_m_12417.xml"
"midída","para_m_12418.xml"
"midikal","para_m_12419.xml"
"midikilyu","para_m_12420.xml"
"midiku","para_m_12421.xml"
"mid-in dyapan","para_m_12422.xml"
"midisin","para_m_12423.xml"
"midisína","para_m_12424.xml"
"midiya","para_m_12425.xml"
"midiyas","para_m_12426.xml"
"midiyu —","para_m_12427.xml"
"midiyus","para_m_12428.xml"
"midtik","para_m_12429.xml"
"midtirm","para_m_12430.xml"
"mid-ub-ánur","para_m_12431.xml"
"mídul kard","para_m_12432.xml"
"midwayip","para_m_12433.xml"
"midyur","para_m_12434.xml"
"migkap","para_m_12435.xml"
"migkat","para_m_12436.xml"
"migrupunu","para_m_12437.xml"
"mihihì","para_m_12438.xml"
"mihìmihì","para_m_12439.xml"
"mihit","para_m_12440.xml"
"mihúras","para_m_12441.xml"
"mík","para_m_12442.xml"
"mikà","para_m_12443.xml"
"mikanikal","para_m_12444.xml"
"mikaniku","para_m_12445.xml"
"mikanismu","para_m_12446.xml"
"mik-ap1","para_m_12447.xml"
"mik-ap2","para_m_12448.xml"
"míki","para_m_12449.xml"
"mikrubyu","para_m_12450.xml"
"mikru krúm","para_m_12451.xml"
"mikrupunu","para_m_12452.xml"
"mikruskupyu","para_m_12453.xml"
"mikskla","para_m_12454.xml"
"mil","para_m_12455.xml"
"míl","para_m_12456.xml"
"milagru","para_m_12457.xml"
"milàmilà","para_m_12458.xml"
"milangkuliya, milangkulíya","para_m_12459.xml"
"miláru","para_m_12460.xml"
"milbaks","para_m_12461.xml"
"milibiki","para_m_12462.xml"
"miligrámu","para_m_12463.xml"
"miliguy","para_m_12464.xml"
"milimitru","para_m_12465.xml"
"milindris","para_m_12466.xml"
"milisya","para_m_12467.xml"
"militar","para_m_12468.xml"
"*milk","para_m_12469.xml"
"milma","para_m_12470.xml"
"milù","para_m_12471.xml"
"milun, mílun","para_m_12472.xml"
"milung","para_m_12473.xml"
"milya","para_m_12474.xml"
"milyun","para_m_12475.xml"
"milyun pláwir","para_m_12476.xml"
"mimbru","para_m_12477.xml"
"mími","para_m_12478.xml"
"míming","para_m_12479.xml"
"mímis1","para_m_12480.xml"
"mímis2","para_m_12481.xml"
"mímu, mimurandum","para_m_12482.xml"
"mimuráyis","para_m_12483.xml"
"mimurya","para_m_12484.xml"
"mimyu","para_m_12485.xml"
"mimyugrap","para_m_12486.xml"
"mína1","para_m_12487.xml"
"mína2","para_m_12488.xml"
"minandis","para_m_12489.xml"
"Mindanaw","para_m_12490.xml"
"ming-","para_m_12491.xml"
"míng","para_m_12492.xml"
"míngaw","para_m_12493.xml"
"minghuy","para_m_12494.xml"
"mingkay","para_m_12495.xml"
"mingming","para_m_12496.xml"
"minì","para_m_12497.xml"
"min-ibin, min-ibint","para_m_12498.xml"
"minimu2, minimum","para_m_12499.xml"
"minindyaytis","para_m_12500.xml"
"miniral, minirális","para_m_12501.xml"
"minirba","para_m_12502.xml"
"miníru","para_m_12503.xml"
"miniskirt","para_m_12504.xml"
"ministil","para_m_12505.xml"
"ministiryu","para_m_12506.xml"
"ministru","para_m_12507.xml"
"míns","para_m_12508.xml"
"minsáhi","para_m_12509.xml"
"mintal","para_m_12510.xml"
"mintalidad","para_m_12511.xml"
"mintira","para_m_12512.xml"
"mintiryu","para_m_12513.xml"
"mintras","para_m_12514.xml"
"mintul","para_m_12515.xml"
"mínù","para_m_12516.xml"
"minúdu","para_m_12517.xml"
"minuldi","para_m_12518.xml"
"minúnga","para_m_12519.xml"
"min-úpis","para_m_12520.xml"
"minur1","para_m_12521.xml"
"minur2","para_m_12522.xml"
"minur diidad","para_m_12523.xml"
"minuríya","para_m_12524.xml"
"mínus","para_m_12525.xml"
"minuskula","para_m_12526.xml"
"minutíru","para_m_12527.xml"
"minútu","para_m_12528.xml"
"minyak, minyat","para_m_12529.xml"
"minyù","para_m_12530.xml"
"míra","para_m_12531.xml"
"mirakul","para_m_12532.xml"
"miramíra","para_m_12533.xml"
"mirasul","para_m_12534.xml"
"mirída","para_m_12535.xml"
"miriguráwun","para_m_12536.xml"
"mirkánu","para_m_12537.xml"
"miriku","para_m_12538.xml"
"mirinda","para_m_12539.xml"
"miringgi1","para_m_12540.xml"
"mirísi","para_m_12541.xml"
"miritu","para_m_12542.xml"
"mirkádu","para_m_12543.xml"
"mirkána, mirkánu","para_m_12544.xml"
"Mirkulis","para_m_12545.xml"
"mirkyur krúm, mirkyuru krúm","para_m_12546.xml"
"mirma","para_m_12547.xml"
"mirtiyulit","para_m_12548.xml"
"mirun","para_m_12549.xml"
"miruy","para_m_12550.xml"
"miryinda","para_m_12551.xml"
"mis1","para_m_12552.xml"
"mis2","para_m_12553.xml"
"mísa1","para_m_12554.xml"
"mísa2","para_m_12555.xml"
"misal, mísal","para_m_12556.xml"
"misay","para_m_12557.xml"
"misbuy","para_m_12558.xml"
"misik","para_m_12559.xml"
"misímis","para_m_12560.xml"
"misimus","para_m_12561.xml"
"misirabli","para_m_12562.xml"
"misirinúbis","para_m_12563.xml"
"mísis1","para_m_12564.xml"
"mísis2","para_m_12565.xml"
"misíta","para_m_12566.xml"
"misítas","para_m_12567.xml"
"misitíra","para_m_12568.xml"
"misíyas","para_m_12569.xml"
"misiyun","para_m_12570.xml"
"miskínu","para_m_12571.xml"
"miskla","para_m_12572.xml"
"mismis","para_m_12573.xml"
"mismu","para_m_12574.xml"
"mistík","para_m_12575.xml"
"mistil","para_m_12576.xml"
"mistir","para_m_12577.xml"
"mistiri tyún","para_m_12578.xml"
"mistiryu","para_m_12579.xml"
"mistísa","para_m_12580.xml"
"mistísu","para_m_12581.xml"
"mistra","para_m_12582.xml"
"mistru","para_m_12583.xml"
"miswa1","para_m_12584.xml"
"miswa2","para_m_12585.xml"
"misyunibirs","para_m_12586.xml"
"mitad","para_m_12587.xml"
"mítal","para_m_12588.xml"
"mitalika","para_m_12589.xml"
"mitaliku","para_m_12590.xml"
"mitàmità1","para_m_12591.xml"
"mitàmità2","para_m_12592.xml"
"mithì","para_m_12593.xml"
"miti, mitimíti, mitilmítil","para_m_12594.xml"
"míting","para_m_12595.xml"
"mitirmítir","para_m_12596.xml"
"mitkan","para_m_12597.xml"
"mitmit","para_m_12598.xml"
"mitnà","para_m_12599.xml"
"mitru","para_m_12600.xml"
"mitsa1","para_m_12601.xml"
"mitsa2","para_m_12602.xml"
"mitsádu","para_m_12603.xml"
"mitsilin","para_m_12604.xml"
"mituáku","para_m_12605.xml"
"mitudu","para_m_12606.xml"
"mituluhíya","para_m_12607.xml"
"miunmíun","para_m_12608.xml"
"*míya","para_m_12609.xml"
"miyaw","para_m_12610.xml"
"míyur","para_m_12611.xml"
"Mlbn.","para_m_12612.xml"
"mm","para_m_12613.xml"
"Mr.","para_m_12614.xml"
"mu1","para_m_12615.xml"
"mu2","para_m_12616.xml"
"mu3","para_m_12617.xml"
"mu4","para_m_12618.xml"
"mū̀","para_m_12619.xml"
"mu-","para_m_12620.xml"
"múb","para_m_12621.xml"
"mubgas","para_m_12622.xml"
"múbil","para_m_12623.xml"
"mubù","para_m_12624.xml"
"múda","para_m_12625.xml"
"mudílu","para_m_12626.xml"
"mudipikar","para_m_12627.xml"
"mudiradur","para_m_12628.xml"
"múdirn","para_m_12629.xml"
"mudirnu","para_m_12630.xml"
"mudista","para_m_12631.xml"
"mudmud","para_m_12632.xml"
"mudtu","para_m_12633.xml"
"múdu","para_m_12634.xml"
"mud-uk","para_m_12635.xml"
"múdus","para_m_12636.xml"
"mug-aw","para_m_12637.xml"
"mugmug","para_m_12638.xml"
"mugnà","para_m_12639.xml"
"mugtuk","para_m_12640.xml"
"mug-ut","para_m_12641.xml"
"*muhir","para_m_12642.xml"
"muhun","para_m_12643.xml"
"mukasin","para_m_12644.xml"
"mukda","para_m_12645.xml"
"múku","para_m_12646.xml"
"*múkuy","para_m_12647.xml"
"mul","para_m_12648.xml"
"múla","para_m_12649.xml"
"mulásis","para_m_12650.xml"
"muldi","para_m_12651.xml"
"mulignù","para_m_12652.xml"
"mulínu","para_m_12653.xml"
"mulistiya","para_m_12654.xml"
"mulitsing","para_m_12655.xml"
"mulmul1","para_m_12656.xml"
"mulmul2","para_m_12657.xml"
"multa","para_m_12658.xml"
"multibaytamins","para_m_12659.xml"
"multiplay","para_m_12660.xml"
"multiplikar","para_m_12661.xml"
"multu","para_m_12662.xml"
"mulù","para_m_12663.xml"
"mulyi1","para_m_12664.xml"
"mulyi2","para_m_12665.xml"
"mulyi3","para_m_12666.xml"
"mulyínu","para_m_12667.xml"
"mumhu","para_m_12668.xml"
"mumintu","para_m_12669.xml"
"múmu","para_m_12670.xml"
"mumù","para_m_12671.xml"
"mùmù","para_m_12672.xml"
"múmug","para_m_12673.xml"
"múmuy","para_m_12674.xml"
"munamúna","para_m_12675.xml"
"munarkíya","para_m_12676.xml"
"munastiryu","para_m_12677.xml"
"múnay","para_m_12678.xml"
"mundu1","para_m_12679.xml"
"mundu2, munduy","para_m_12680.xml"
"mungà","para_m_12681.xml"
"*mungálung","para_m_12682.xml"
"*mungawmúngaw","para_m_12683.xml"
"*mungáwung","para_m_12684.xml"
"munggus","para_m_12685.xml"
"mungha","para_m_12686.xml"
"munghi","para_m_12687.xml"
"mungit","para_m_12688.xml"
"mungkádu kuluni","para_m_12689.xml"
"munha, munhi","para_m_12690.xml"
"*munisipal","para_m_12691.xml"
"munisipyu","para_m_12692.xml"
"munitur","para_m_12693.xml"
"muntáda","para_m_12694.xml"
"muntǎr","para_m_12695.xml"
"munti1","para_m_12696.xml"
"munti2","para_m_12697.xml"
"muntinglúpà","para_m_12698.xml"
"muntúra","para_m_12699.xml"
"munumintu","para_m_12700.xml"
"munyíka","para_m_12701.xml"
"munyumintu1","para_m_12702.xml"
"munyumintu2","para_m_12703.xml"
"múr","para_m_12704.xml"
"mura","para_m_12705.xml"
"múra","para_m_12706.xml"
"murabya","para_m_12707.xml"
"murádu","para_m_12708.xml"
"mural","para_m_12709.xml"
"muralidad","para_m_12710.xml"
"muralista","para_m_12711.xml"
"murdir","para_m_12712.xml"
"murgi","para_m_12713.xml"
"murína","para_m_12714.xml"
"murínu","para_m_12715.xml"
"muritsing","para_m_12716.xml"
"murkun","para_m_12717.xml"
"murpína","para_m_12718.xml"
"mursíku, mursíkus","para_m_12719.xml"
"murtal1","para_m_12720.xml"
"murtal2","para_m_12721.xml"
"murtar sin","para_m_12722.xml"
"muru","para_m_12723.xml"
"murumúru","para_m_12724.xml"
"murun","para_m_12725.xml"
"múrus","para_m_12726.xml"
"murúsu","para_m_12727.xml"
"muryumuryu","para_m_12728.xml"
"mus","para_m_12729.xml"
"músa","para_m_12730.xml"
"musgut","para_m_12731.xml"
"musì","para_m_12732.xml"
"musika","para_m_12733.xml"
"musikal","para_m_12734.xml"
"musiku","para_m_12735.xml"
"musimus","para_m_12736.xml"
"muskatil","para_m_12737.xml"
"muskit","para_m_12738.xml"
"muskitíru","para_m_12739.xml"
"muskubádu","para_m_12740.xml"
"muskuládu, muskuláwu","para_m_12741.xml"
"musmus","para_m_12742.xml"
"mus na","para_m_12743.xml"
"mustása","para_m_12744.xml"
"mustra","para_m_12745.xml"
"músu","para_m_12746.xml"
"musulíyu","para_m_12747.xml"
"musyun","para_m_12748.xml"
"mútà","para_m_12749.xml"
"mutíbu","para_m_12750.xml"
"mutil","para_m_12751.xml"
"mutimuti","para_m_12752.xml"
"mutsatsa","para_m_12753.xml"
"mutsatsu","para_m_12754.xml"
"mutsu","para_m_12755.xml"
"mutu, mutù","para_m_12756.xml"
"mut-uk","para_m_12757.xml"
"mutùmútù1","para_m_12758.xml"
"mutùmútù2","para_m_12759.xml"
"mutun","para_m_12760.xml"
"mutung","para_m_12761.xml"
"mutur","para_m_12762.xml"
"mutursaykul, mutursiklu","para_m_12763.xml"
"mutyà","para_m_12764.xml"
"muu","para_m_12765.xml"
"múuk","para_m_12766.xml"
"muung","para_m_12767.xml"
"muut, múut","para_m_12768.xml"
"muwaybuway","para_m_12769.xml"
"muy","para_m_12770.xml"
"mùy","para_m_12771.xml"
"*muyù","para_m_12772.xml"
"mwiblis","para_m_12773.xml"
"mwilyi","para_m_12774.xml"
"mwistra","para_m_12775.xml"
"myápi","para_m_12776.xml"
"myáus","para_m_12777.xml"
"myimbru","para_m_12778.xml"
"myintras","para_m_12779.xml"
"Myirkulis","para_m_12780.xml"
"myúsik","para_m_12781.xml"
"na1","para_n_12782.xml"
"na2","para_n_12783.xml"
"na3","para_n_12784.xml"
"nà","para_n_12785.xml"
"na-","para_n_12786.xml"
"náa","para_n_12787.xml"
"naáka","para_n_12788.xml"
"na-an","para_n_12789.xml"
"nába","para_n_12790.xml"
"nabal","para_n_12791.xml"
"nában","para_n_12792.xml"
"nabdus","para_n_12793.xml"
"nabigar","para_n_12794.xml"
"nabu","para_n_12795.xml"
"náda","para_n_12796.xml"
"nadtu","para_n_12797.xml"
"nag-","para_n_12798.xml"
"naga-","para_n_12799.xml"
"nága","para_n_12800.xml"
"nagiknik","para_n_12801.xml"
"nagmù","para_n_12802.xml"
"nagnag","para_n_12803.xml"
"nagumnum","para_n_12804.xml"
"nagutnut","para_n_12805.xml"
"nagwas","para_n_12806.xml"
"náhù","para_n_12807.xml"
"nahut","para_n_12808.xml"
"náit","para_n_12809.xml"
"nak-áwut","para_n_12810.xml"
"nakdáwun","para_n_12811.xml"
"nakig-","para_n_12812.xml"
"nakinnákin","para_n_12813.xml"
"naknak","para_n_12814.xml"
"nákù","para_n_12815.xml"
"*nalam, *nálam","para_n_12816.xml"
"namarku","para_n_12817.xml"
"nambir","para_n_12818.xml"
"námù","para_n_12819.xml"
"namuk","para_n_12820.xml"
"nan1","para_n_12821.xml"
"nan2","para_n_12822.xml"
"nana","para_n_12823.xml"
"nána","para_n_12824.xml"
"nánà","para_n_12825.xml"
"nának","para_n_12826.xml"
"nanam","para_n_12827.xml"
"nánang","para_n_12828.xml"
"nánaw","para_n_12829.xml"
"nánay","para_n_12830.xml"
"nang","para_n_12831.xml"
"nangkà","para_n_12832.xml"
"nangnang","para_n_12833.xml"
"nanhi","para_n_12834.xml"
"naniw","para_n_12835.xml"
"nánu1","para_n_12836.xml"
"nánu2","para_n_12837.xml"
"nánuy","para_n_12838.xml"
"napkin","para_n_12839.xml"
"napta","para_n_12840.xml"
"naptalína","para_n_12841.xml"
"napù","para_n_12842.xml"
"napúlù","para_n_12843.xml"
"nára","para_n_12844.xml"
"naranghíta","para_n_12845.xml"
"narkutiku","para_n_12846.xml"
"nars","para_n_12847.xml"
"nasiyunalismu","para_n_12848.xml"
"nasiyunalista","para_n_12849.xml"
"nasnas","para_n_12850.xml"
"naspu","para_n_12851.xml"
"násud","para_n_12852.xml"
"nasyunalisar","para_n_12853.xml"
"nátad","para_n_12854.xml"
"nati","para_n_12855.xml"
"natibidad","para_n_12856.xml"
"nat kawuntid","para_n_12857.xml"
"nátù","para_n_12858.xml"
"natuk","para_n_12859.xml"
"nátun","para_n_12860.xml"
"natural","para_n_12861.xml"
"naturalísa","para_n_12862.xml"
"naturalya","para_n_12863.xml"
"*náug","para_n_12864.xml"
"naugnaug","para_n_12865.xml"
"nawása","para_n_12866.xml"
"náwi","para_n_12867.xml"
"nawnaw","para_n_12868.xml"
"nawug","para_n_12869.xml"
"nawung","para_n_12870.xml"
"này","para_n_12871.xml"
"nayanáya","para_n_12872.xml"
"nayintináyin","para_n_12873.xml"
"nayitklab","para_n_12874.xml"
"nayitlítir","para_n_12875.xml"
"nayits ab kulumbus","para_n_12876.xml"
"nayitskul","para_n_12877.xml"
"naylun","para_n_12878.xml"
"náyun","para_n_12879.xml"
"NBI","para_n_12880.xml"
"NDB","para_n_12881.xml"
"ng","para_n_12882.xml"
"nga","para_n_12883.xml"
"ngà","para_n_12884.xml"
"ngáab","para_n_12885.xml"
"ngáan","para_n_12886.xml"
"ngā́b","para_n_12887.xml"
"ngába","para_n_12888.xml"
"ngábil","para_n_12889.xml"
"ngabngab","para_n_12890.xml"
"ngadtu","para_n_12891.xml"
"ngalab","para_n_12892.xml"
"ngálab","para_n_12893.xml"
"ngálan","para_n_12894.xml"
"ngalngal","para_n_12895.xml"
"ngámig","para_n_12896.xml"
"ngan","para_n_12897.xml"
"ngā́n","para_n_12898.xml"
"nganga, ngánga","para_n_12899.xml"
"ngàngà","para_n_12900.xml"
"ngangha","para_n_12901.xml"
"nganhà","para_n_12902.xml"
"nganhi","para_n_12903.xml"
"ngánì","para_n_12904.xml"
"ngánu","para_n_12905.xml"
"ngari","para_n_12906.xml"
"ngasngas1","para_n_12907.xml"
"ngasngas2","para_n_12908.xml"
"ngatanan","para_n_12909.xml"
"ngatngat","para_n_12910.xml"
"ngawngaw1","para_n_12911.xml"
"ngawngaw2","para_n_12912.xml"
"ngayà","para_n_12913.xml"
"ngí","para_n_12914.xml"
"ngíaw1","para_n_12915.xml"
"ngíaw2","para_n_12916.xml"
"ngibingibi","para_n_12917.xml"
"ngidlis","para_n_12918.xml"
"ngidngid","para_n_12919.xml"
"ngigngig","para_n_12920.xml"
"ngihit","para_n_12921.xml"
"ngil-ad","para_n_12922.xml"
"ngilbit","para_n_12923.xml"
"ngili","para_n_12924.xml"
"ngilit","para_n_12925.xml"
"ngílit","para_n_12926.xml"
"ngilngig","para_n_12927.xml"
"ngilu","para_n_12928.xml"
"ngílu","para_n_12929.xml"
"ngípun","para_n_12930.xml"
"ngísi","para_n_12931.xml"
"ngislit","para_n_12932.xml"
"ngislù","para_n_12933.xml"
"ngisngis1","para_n_12934.xml"
"ngisngis2","para_n_12935.xml"
"ngitngit","para_n_12936.xml"
"ngitungitu","para_n_12937.xml"
"ngíub","para_n_12938.xml"
"ngiwngiw","para_n_12939.xml"
"ngiyan","para_n_12940.xml"
"ngiyaw, ngíyaw","para_n_12941.xml"
"ngual","para_n_12942.xml"
"ngugngug","para_n_12943.xml"
"nguhal","para_n_12944.xml"
"nguhù","para_n_12945.xml"
"ngulngul","para_n_12946.xml"
"ngúlub","para_n_12947.xml"
"ngúlut","para_n_12948.xml"
"ngúmiks","para_n_12949.xml"
"ngúngù","para_n_12950.xml"
"ngurk","para_n_12951.xml"
"ngusngus","para_n_12952.xml"
"ngutngut","para_n_12953.xml"
"nguwal","para_n_12954.xml"
"nguynguy","para_n_12955.xml"
"nguyunguyu","para_n_12956.xml"
"ngyáwà","para_n_12957.xml"
"ngyílu","para_n_12958.xml"
"ni-","para_n_12959.xml"
"ni1","para_n_12960.xml"
"ni2","para_n_12961.xml"
"ni3","para_n_12962.xml"
"nía","para_n_12963.xml"
"niadtu","para_n_12964.xml"
"niánà","para_n_12965.xml"
"níbi","para_n_12966.xml"
"nibil","para_n_12967.xml"
"*níbir","para_n_12968.xml"
"nibíra","para_n_12969.xml"
"nidnid","para_n_12970.xml"
"nigar","para_n_12971.xml"
"nigatib1","para_n_12972.xml"
"nigatib2","para_n_12973.xml"
"nigra","para_n_12974.xml"
"nigru","para_n_12975.xml"
"nigrus","para_n_12976.xml"
"nígu","para_n_12977.xml"
"nigusiyar","para_n_12978.xml"
"nigusyabul","para_n_12979.xml"
"nigusyanta","para_n_12980.xml"
"nigusyu","para_n_12981.xml"
"nihit","para_n_12982.xml"
"niíni","para_n_12983.xml"
"niíri","para_n_12984.xml"
"niítu","para_n_12985.xml"
"nikiládu, nikiláwu","para_n_12986.xml"
"nikinikinu","para_n_12987.xml"
"nikruluhíya","para_n_12988.xml"
"niktay","para_n_12989.xml"
"nikutin, nikutína","para_n_12990.xml"
"níla","para_n_12991.xml"
"nilkátir","para_n_12992.xml"
"nimpa","para_n_12993.xml"
"nímu","para_n_12994.xml"
"nindut","para_n_12995.xml"
"ning-","para_n_12996.xml"
"ninu","para_n_12997.xml"
"ninyu1","para_n_12998.xml"
"ninyu2","para_n_12999.xml"
"nípà","para_n_13000.xml"
"nipay, nípay","para_n_13001.xml"
"nipis","para_n_13002.xml"
"nipul","para_n_13003.xml"
"nirbiyus","para_n_13004.xml"
"nislagan","para_n_13005.xml"
"nisnis","para_n_13006.xml"
"nít1","para_n_13007.xml"
"nít2","para_n_13008.xml"
"nitbul","para_n_13009.xml"
"nitruhínu","para_n_13010.xml"
"nitsu","para_n_13011.xml"
"nítù","para_n_13012.xml"
"níwang","para_n_13013.xml"
"niwniw","para_n_13014.xml"
"níya","para_n_13015.xml"
"niyan","para_n_13016.xml"
"níyun","para_n_13017.xml"
"NPC","para_n_13018.xml"
"nu1","para_n_13019.xml"
"nu2","para_n_13020.xml"
"Nub.","para_n_13021.xml"
"*nubáli","para_n_13022.xml"
"nubátu, nubátus","para_n_13023.xml"
"núbi","para_n_13024.xml"
"nubíla","para_n_13025.xml"
"nubimbri","para_n_13026.xml"
"nubína","para_n_13027.xml"
"nubinta","para_n_13028.xml"
"nubù","para_n_13029.xml"
"núbù","para_n_13030.xml"
"nubya","para_n_13031.xml"
"nubyimbri","para_n_13032.xml"
"nubyu","para_n_13033.xml"
"nudnud","para_n_13034.xml"
"núdul sup","para_n_13035.xml"
"nugbù","para_n_13036.xml"
"nuísu","para_n_13037.xml"
"núka","para_n_13038.xml"
"nukanuk","para_n_13039.xml"
"nukliyar","para_n_13040.xml"
"núkus","para_n_13041.xml"
"núli","para_n_13042.xml"
"núlu","para_n_13043.xml"
"numbrar","para_n_13044.xml"
"numbri","para_n_13045.xml"
"numinar","para_n_13046.xml"
"numiráwu","para_n_13047.xml"
"numiru","para_n_13048.xml"
"numrǎr","para_n_13049.xml"
"numri","para_n_13050.xml"
"-nun","para_n_13051.xml"
"nung","para_n_13052.xml"
"nungka","para_n_13053.xml"
"nunut","para_n_13054.xml"
"nu puydi","para_n_13055.xml"
"nuranti","para_n_13056.xml"
"nurmal1","para_n_13057.xml"
"nurmal2","para_n_13058.xml"
"nurt","para_n_13059.xml"
"nurti","para_n_13060.xml"
"núrul","para_n_13061.xml"
"Nurwígu","para_n_13062.xml"
"nusnus","para_n_13063.xml"
"núsul","para_n_13064.xml"
"núta1","para_n_13065.xml"
"núta2","para_n_13066.xml"
"nutaryu","para_n_13067.xml"
"nutbuk","para_n_13068.xml"
"nutikal","para_n_13069.xml"
"nutisya","para_n_13070.xml"
"nutrisyunista","para_n_13071.xml"
"núts","para_n_13072.xml"
"*nutsi","para_n_13073.xml"
"núud","para_n_13074.xml"
"nuug","para_n_13075.xml"
"nuugnuug2","para_n_13076.xml"
"núun","para_n_13077.xml"
"nuy","para_n_13078.xml"
"nuybi","para_n_13079.xml"
"nuybinta","para_n_13080.xml"
"nwistra","para_n_13081.xml"
"nyà","para_n_13082.xml"
"nyíbi","para_n_13083.xml"
"nyur","para_n_13084.xml"
"nyura, nyúra","para_n_13085.xml"
"nyuralhiya","para_n_13086.xml"
"nyuríta","para_n_13087.xml"
"nyurítu","para_n_13088.xml"
"nyús","para_n_13089.xml"
"nyusbuy","para_n_13090.xml"
"nyutral","para_n_13091.xml"
"pa1","para_p_13092.xml"
"pa2","para_p_13093.xml"
"pa3","para_p_13094.xml"
"pá","para_p_13095.xml"
"pā̀","para_p_13096.xml"
"pa-","para_p_13097.xml"
"páa","para_p_13098.xml"
"paagpaag","para_p_13099.xml"
"páak","para_p_13100.xml"
"paas, páas","para_p_13101.xml"
"páaw1","para_p_13102.xml"
"páaw2","para_p_13103.xml"
"pabalúnan","para_p_13104.xml"
"pabhas","para_p_13105.xml"
"pabílu","para_p_13106.xml"
"pablik","para_p_13107.xml"
"pablikar","para_p_13108.xml"
"pabliku","para_p_13109.xml"
"pablísir","para_p_13110.xml"
"pablisiti","para_p_13111.xml"
"pablum","para_p_13112.xml"
"pabrika","para_p_13113.xml"
"pábu","para_p_13114.xml"
"pabur","para_p_13115.xml"
"paburíta","para_p_13116.xml"
"paburitismu","para_p_13117.xml"
"paburítu","para_p_13118.xml"
"pad","para_p_13119.xml"
"pád","para_p_13120.xml"
"padayugdug","para_p_13121.xml"
"páding","para_p_13122.xml"
"padir","para_p_13123.xml"
"pádir","para_p_13124.xml"
"padlak","para_p_13125.xml"
"padlas","para_p_13126.xml"
"padpad","para_p_13127.xml"
"padpád","para_p_13128.xml"
"padri","para_p_13129.xml"
"padrǐ","para_p_13130.xml"
"padri dipamilya","para_p_13131.xml"
"padrínu","para_p_13132.xml"
"padri nwistru","para_p_13133.xml"
"padrun1","para_p_13134.xml"
"padrun2","para_p_13135.xml"
"padyáma","para_p_13136.xml"
"pag-","para_p_13137.xml"
"pág","para_p_13138.xml"
"paga, pága1","para_p_13139.xml"
"pága2","para_p_13140.xml"
"pága3","para_p_13141.xml"
"paga-a","para_p_13142.xml"
"paga-an","para_p_13143.xml"
"paga-i","para_p_13144.xml"
"pagakpak","para_p_13145.xml"
"págal","para_p_13146.xml"
"pagan, págan","para_p_13147.xml"
"pagang","para_p_13148.xml"
"paganti","para_p_13149.xml"
"pagánu","para_p_13150.xml"
"pagapak","para_p_13151.xml"
"pagari","para_p_13152.xml"
"págas","para_p_13153.xml"
"pagatpat","para_p_13154.xml"
"paga-un","para_p_13155.xml"
"pagaw","para_p_13156.xml"
"pagáwal","para_p_13157.xml"
"pagawpaw","para_p_13158.xml"
"pagba","para_p_13159.xml"
"paghid","para_p_13160.xml"
"paghut","para_p_13161.xml"
"pági","para_p_13162.xml"
"pagiyun","para_p_13163.xml"
"pagka-1","para_p_13164.xml"
"pagka-2","para_p_13165.xml"
"pagka-a(←)","para_p_13166.xml"
"pagkang","para_p_13167.xml"
"pagkut","para_p_13168.xml"
"pagpag","para_p_13169.xml"
"pagtung","para_p_13170.xml"
"pagu","para_p_13171.xml"
"págu","para_p_13172.xml"
"pagù","para_p_13173.xml"
"págud","para_p_13174.xml"
"pag-ud","para_p_13175.xml"
"pagudpud","para_p_13176.xml"
"pagúha","para_p_13177.xml"
"pag-uk","para_p_13178.xml"
"pag-ulíngun","para_p_13179.xml"
"pag-umangkun","para_p_13180.xml"
"pagupak","para_p_13181.xml"
"pagúrut","para_p_13182.xml"
"pagut","para_p_13183.xml"
"pagutput","para_p_13184.xml"
"pagya, pagyà","para_p_13185.xml"
"páha","para_p_13186.xml"
"páhak","para_p_13187.xml"
"pahamtang","para_p_13188.xml"
"pahang, páhang","para_p_13189.xml"
"páhat","para_p_13190.xml"
"pahaw","para_p_13191.xml"
"pahawin","para_p_13192.xml"
"páhi","para_p_13193.xml"
"páhid","para_p_13194.xml"
"pahilihíli bágu kíri","para_p_13195.xml"
"pahimangnù","para_p_13196.xml"
"pahimulus","para_p_13197.xml"
"pahimús","para_p_13198.xml"
"pahína1","para_p_13199.xml"
"pahína2","para_p_13200.xml"
"pahináhin","para_p_13201.xml"
"pahinanti","para_p_13202.xml"
"pahinar","para_p_13203.xml"
"pahit","para_p_13204.xml"
"pahiyum","para_p_13205.xml"
"páhù","para_p_13206.xml"
"pahugpahug","para_p_13207.xml"
"pahúlì","para_p_13208.xml"
"pahung","para_p_13209.xml"
"pahunpáhun","para_p_13210.xml"
"pahut","para_p_13211.xml"
"pahuy","para_p_13212.xml"
"páig","para_p_13213.xml"
"paílub","para_p_13214.xml"
"pais","para_p_13215.xml"
"paisánu","para_p_13216.xml"
"pait","para_p_13217.xml"
"pak","para_p_13218.xml"
"paka","para_p_13219.xml"
"páka","para_p_13220.xml"
"pakà","para_p_13221.xml"
"pákà","para_p_13222.xml"
"paka-","para_p_13223.xml"
"pákal","para_p_13224.xml"
"pakang1","para_p_13225.xml"
"pakang2","para_p_13226.xml"
"pak-ap","para_p_13227.xml"
"pákas","para_p_13228.xml"
"pakat","para_p_13229.xml"
"pakaw","para_p_13230.xml"
"pákaw1","para_p_13231.xml"
"pákaw2","para_p_13232.xml"
"pakdul","para_p_13233.xml"
"pakgang1","para_p_13234.xml"
"pakgang2","para_p_13235.xml"
"pakgut1","para_p_13236.xml"
"pakgut2","para_p_13237.xml"
"pakha","para_p_13238.xml"
"paki-","para_p_13239.xml"
"páki, pakì1","para_p_13240.xml"
"pakì2","para_p_13241.xml"
"pakíbut","para_p_13242.xml"
"pákids","para_p_13243.xml"
"pakig-(←)","para_p_13244.xml"
"pakig-an(←)","para_p_13245.xml"
"pakig-i","para_p_13246.xml"
"pak-il","para_p_13247.xml"
"páking1","para_p_13248.xml"
"páking2","para_p_13249.xml"
"pákit","para_p_13250.xml"
"pakíti","para_p_13251.xml"
"paklang","para_p_13252.xml"
"paklay","para_p_13253.xml"
"paklì","para_p_13254.xml"
"paklid","para_p_13255.xml"
"pakling","para_p_13256.xml"
"pakluy","para_p_13257.xml"
"paknit","para_p_13258.xml"
"pakpak1","para_p_13259.xml"
"pakpak2","para_p_13260.xml"
"pakshul","para_p_13261.xml"
"paksì, paksit","para_p_13262.xml"
"paksiw","para_p_13263.xml"
"paksiyun","para_p_13264.xml"
"paksul","para_p_13265.xml"
"paksut","para_p_13266.xml"
"paktaw","para_p_13267.xml"
"paktu","para_p_13268.xml"
"paktul","para_p_13269.xml"
"paktúra","para_p_13270.xml"
"paku1","para_p_13271.xml"
"paku2","para_p_13272.xml"
"pakù","para_p_13273.xml"
"pákù","para_p_13274.xml"
"pakug","para_p_13275.xml"
"pakul","para_p_13276.xml"
"pákul","para_p_13277.xml"
"pakúma","para_p_13278.xml"
"pakung","para_p_13279.xml"
"pakupak","para_p_13280.xml"
"pákut1","para_p_13281.xml"
"pákut2","para_p_13282.xml"
"pakwan","para_p_13283.xml"
"pakyas","para_p_13284.xml"
"pakyaw","para_p_13285.xml"
"pál1","para_p_13286.xml"
"pál2","para_p_13287.xml"
"pala","para_p_13288.xml"
"pála1","para_p_13289.xml"
"pála2","para_p_13290.xml"
"pála3","para_p_13291.xml"
"pálà1","para_p_13292.xml"
"pálà2","para_p_13293.xml"
"palábad","para_p_13294.xml"
"palabangáhan, palabanghan","para_p_13295.xml"
"palabra","para_p_13296.xml"
"palábu","para_p_13297.xml"
"pálad","para_p_13298.xml"
"paláran","para_p_13299.xml"
"paladyaw","para_p_13300.xml"
"palag","para_p_13301.xml"
"palagpag1","para_p_13302.xml"
"palagpag2","para_p_13303.xml"
"palagupak","para_p_13304.xml"
"palahúta","para_p_13305.xml"
"pal-ak","para_p_13306.xml"
"palakà","para_p_13307.xml"
"palakáya","para_p_13308.xml"
"palakíru","para_p_13309.xml"
"palakpak","para_p_13310.xml"
"palakpalak","para_p_13311.xml"
"palakul, palákul","para_p_13312.xml"
"palakupak","para_p_13313.xml"
"palamban","para_p_13314.xml"
"palamingku","para_p_13315.xml"
"palanas","para_p_13316.xml"
"palandung","para_p_13317.xml"
"palanggà","para_p_13318.xml"
"palanggána, plangganíta","para_p_13319.xml"
"palangging, palanggingging","para_p_13320.xml"
"palangka1","para_p_13321.xml"
"palangka2","para_p_13322.xml"
"palangkì","para_p_13323.xml"
"palangri","para_p_13324.xml"
"palanhay","para_p_13325.xml"
"palansa","para_p_13326.xml"
"palantig","para_p_13327.xml"
"palantígun","para_p_13328.xml"
"palàpà","para_p_13329.xml"
"palapag","para_p_13330.xml"
"palápag","para_p_13331.xml"
"palapála","para_p_13332.xml"
"palàpálà1","para_p_13333.xml"
"palàpálà2","para_p_13334.xml"
"palaríti","para_p_13335.xml"
"pálas1","para_p_13336.xml"
"pálas2","para_p_13337.xml"
"pálas3","para_p_13338.xml"
"palásan","para_p_13339.xml"
"palasíbu","para_p_13340.xml"
"palastǎr","para_p_13341.xml"
"palásu","para_p_13342.xml"
"palasyu","para_p_13343.xml"
"palata","para_p_13344.xml"
"palatik","para_p_13345.xml"
"palatíru","para_p_13346.xml"
"palatsu","para_p_13347.xml"
"palátu","para_p_13348.xml"
"palatun","para_p_13349.xml"
"palaw","para_p_13350.xml"
"pálaw","para_p_13351.xml"
"palaw-a","para_p_13352.xml"
"paláwir","para_p_13353.xml"
"palaypay","para_p_13354.xml"
"palbangáan, palbangáhan","para_p_13355.xml"
"palda","para_p_13356.xml"
"paldíyas","para_p_13357.xml"
"paldu","para_p_13358.xml"
"palhi","para_p_13359.xml"
"palhug","para_p_13360.xml"
"palì1","para_p_13361.xml"
"palì2","para_p_13362.xml"
"palias","para_p_13363.xml"
"palibkas","para_p_13364.xml"
"palid1","para_p_13365.xml"
"palid2, pálid1","para_p_13366.xml"
"pálid2","para_p_13367.xml"
"palidpid","para_p_13368.xml"
"palíhan","para_p_13369.xml"
"paliháru","para_p_13370.xml"
"palíhug","para_p_13371.xml"
"palikíru","para_p_13372.xml"
"palinà","para_p_13373.xml"
"palínà","para_p_13374.xml"
"paling","para_p_13375.xml"
"palìpì","para_p_13376.xml"
"palinpinun","para_p_13377.xml"
"palis","para_p_13378.xml"
"pális","para_p_13379.xml"
"palispis","para_p_13380.xml"
"palit","para_p_13381.xml"
"palíta","para_p_13382.xml"
"palitaw, palítaw","para_p_13383.xml"
"palítu1","para_p_13384.xml"
"palítu2","para_p_13385.xml"
"paliya, palíya","para_p_13386.xml"
"paliyar","para_p_13387.xml"
"paliyu","para_p_13388.xml"
"palku","para_p_13389.xml"
"palma","para_p_13390.xml"
"palmíra","para_p_13391.xml"
"palmíta","para_p_13392.xml"
"palmu","para_p_13393.xml"
"palmug","para_p_13394.xml"
"palpag","para_p_13395.xml"
"palpagu","para_p_13396.xml"
"palpal","para_p_13397.xml"
"palpara","para_p_13398.xml"
"palsipikar","para_p_13399.xml"
"palsu","para_p_13400.xml"
"palta","para_p_13401.xml"
"paltik","para_p_13402.xml"
"paltus","para_p_13403.xml"
"palu","para_p_13404.xml"
"pálu","para_p_13405.xml"
"palù","para_p_13406.xml"
"pálù","para_p_13407.xml"
"paluap","para_p_13408.xml"
"pálud","para_p_13409.xml"
"palug1","para_p_13410.xml"
"palug2","para_p_13411.xml"
"palumar","para_p_13412.xml"
"palung1","para_p_13413.xml"
"palung2","para_p_13414.xml"
"pálung","para_p_13415.xml"
"palungpung1","para_p_13416.xml"
"palungpung2","para_p_13417.xml"
"paluphu","para_p_13418.xml"
"palúrus","para_p_13419.xml"
"palus1","para_p_13420.xml"
"palus2","para_p_13421.xml"
"pálus1","para_p_13422.xml"
"pálus","para_p_13423.xml"
"pálut","para_p_13424.xml"
"palutput","para_p_13425.xml"
"paluy","para_p_13426.xml"
"palwa","para_p_13427.xml"
"palya","para_p_13428.xml"
"palyu","para_p_13429.xml"
"pam-","para_p_13430.xml"
"pamáda","para_p_13431.xml"
"pamaláyi","para_p_13432.xml"
"pamálung","para_p_13433.xml"
"pamául","para_p_13434.xml"
"pambul","para_p_13435.xml"
"pambut","para_p_13436.xml"
"pamili — sayis","para_p_13437.xml"
"pamilínu","para_p_13438.xml"
"pamilya","para_p_13439.xml"
"pamilyar","para_p_13440.xml"
"pamimislun","para_p_13441.xml"
"pamínaw","para_p_13442.xml"
"pamingkúngan","para_p_13443.xml"
"pamingwit","para_p_13444.xml"
"paminta","para_p_13445.xml"
"paminti, pamintì","para_p_13446.xml"
"pamintun","para_p_13447.xml"
"pamisliun","para_p_13448.xml"
"pamlug","para_p_13449.xml"
"pampam","para_p_13450.xml"
"pampangginya","para_p_13451.xml"
"pampangginyu","para_p_13452.xml"
"pampbut","para_p_13453.xml"
"pamplit","para_p_13454.xml"
"pamúg","para_p_13455.xml"
"pamulígi","para_p_13456.xml"
"pamúu","para_p_13457.xml"
"pamúuk","para_p_13458.xml"
"pamyinta","para_p_13459.xml"
"pán","para_p_13460.xml"
"pan-","para_p_13461.xml"
"paN-","para_p_13462.xml"
"panà","para_p_13463.xml"
"pánà2","para_p_13464.xml"
"panábu","para_p_13465.xml"
"panabúgan","para_p_13466.xml"
"panagána","para_p_13467.xml"
"panag-ing","para_p_13468.xml"
"panahun, panáhun","para_p_13469.xml"
"panaksan","para_p_13470.xml"
"panákut","para_p_13471.xml"
"panalamban","para_p_13472.xml"
"panálang","para_p_13473.xml"
"panalángin","para_p_13474.xml"
"panama","para_p_13475.xml"
"panamban","para_p_13476.xml"
"panamílit","para_p_13477.xml"
"panangítan","para_p_13478.xml"
"panaptun","para_p_13479.xml"
"pánas1","para_p_13480.xml"
"pánas2","para_p_13481.xml"
"panatiku","para_p_13482.xml"
"panatismu","para_p_13483.xml"
"pánaw","para_p_13484.xml"
"panay","para_p_13485.xml"
"pandak","para_p_13486.xml"
"pandan","para_p_13487.xml"
"pandanggu","para_p_13488.xml"
"panday","para_p_13489.xml"
"pandíta","para_p_13490.xml"
"pandul","para_p_13491.xml"
"pandung","para_p_13492.xml"
"pang-","para_p_13493.xml"
"panga","para_p_13494.xml"
"pangadyì","para_p_13495.xml"
"pangag","para_p_13496.xml"
"pangaghu","para_p_13497.xml"
"pangágud","para_p_13498.xml"
"pangáhas","para_p_13499.xml"
"pangalíya","para_p_13500.xml"
"pangalwan","para_p_13501.xml"
"pangalyúpu, pangalyúpù","para_p_13502.xml"
"pangampis","para_p_13503.xml"
"pangamúyù","para_p_13504.xml"
"pangan, pángan","para_p_13505.xml"
"pang-an","para_p_13506.xml"
"*pangandak","para_p_13507.xml"
"panganduy","para_p_13508.xml"
"panganti","para_p_13509.xml"
"pangánud","para_p_13510.xml"
"pangapang, pangápang","para_p_13511.xml"
"pangarmin","para_p_13512.xml"
"pangáwan","para_p_13513.xml"
"pangáyam","para_p_13514.xml"
"pangáyaw","para_p_13515.xml"
"pangdan","para_p_13516.xml"
"pangdul","para_p_13517.xml"
"panggà","para_p_13518.xml"
"panggal","para_p_13519.xml"
"panggalatuk","para_p_13520.xml"
"panggasininsi","para_p_13521.xml"
"panggaw","para_p_13522.xml"
"panggi-","para_p_13523.xml"
"panggus","para_p_13524.xml"
"pangguun","para_p_13525.xml"
"panghak","para_p_13526.xml"
"panghaw","para_p_13527.xml"
"panghit","para_p_13528.xml"
"panghupaw","para_p_13529.xml"
"pangilába","para_p_13530.xml"
"pangílin","para_p_13531.xml"
"pangilyúpù","para_p_13532.xml"
"pangimbig","para_p_13533.xml"
"pangimbísug","para_p_13534.xml"
"panginánu","para_p_13535.xml"
"pangindáhay","para_p_13536.xml"
"pangit","para_p_13537.xml"
"pángit","para_p_13538.xml"
"pang-it","para_p_13539.xml"
"pangítà","para_p_13540.xml"
"pangkà","para_p_13541.xml"
"pangkay","para_p_13542.xml"
"pangkì","para_p_13543.xml"
"pangkù1","para_p_13544.xml"
"pangkù2","para_p_13545.xml"
"pangkug","para_p_13546.xml"
"pangkul","para_p_13547.xml"
"pangli, panglin","para_p_13548.xml"
"pangpang","para_p_13549.xml"
"pangsud","para_p_13550.xml"
"pangsut","para_p_13551.xml"
"pángu, pangug","para_p_13552.xml"
"pangulílang","para_p_13553.xml"
"pangulípas","para_p_13554.xml"
"pangunggu1","para_p_13555.xml"
"pangunggu2, 3","para_p_13556.xml"
"pángus","para_p_13557.xml"
"pang-us","para_p_13558.xml"
"pangusmu","para_p_13559.xml"
"pangut","para_p_13560.xml"
"pangyas","para_p_13561.xml"
"pangyáwan","para_p_13562.xml"
"panid1","para_p_13563.xml"
"panid2, pánid","para_p_13564.xml"
"pánig","para_p_13565.xml"
"paníga","para_p_13566.xml"
"panígù","para_p_13567.xml"
"pánil","para_p_13568.xml"
"paniN-","para_p_13569.xml"
"paningud","para_p_13570.xml"
"pánis","para_p_13571.xml"
"panit","para_p_13572.xml"
"pánit","para_p_13573.xml"
"pankik1","para_p_13574.xml"
"pankik2","para_p_13575.xml"
"pans","para_p_13576.xml"
"páns","para_p_13577.xml"
"pansak","para_p_13578.xml"
"pansat","para_p_13579.xml"
"pansayan","para_p_13580.xml"
"pansi","para_p_13581.xml"
"pansil","para_p_13582.xml"
"pansing1","para_p_13583.xml"
"pansing2","para_p_13584.xml"
"pansir","para_p_13585.xml"
"pansis","para_p_13586.xml"
"pansit","para_p_13587.xml"
"pansiyadur","para_p_13588.xml"
"pansu1","para_p_13589.xml"
"pansu2","para_p_13590.xml"
"pansud","para_p_13591.xml"
"pansung","para_p_13592.xml"
"pansut1","para_p_13593.xml"
"pansut2","para_p_13594.xml"
"pantalan","para_p_13595.xml"
"pantalun","para_p_13596.xml"
"pantalya","para_p_13597.xml"
"pantasma","para_p_13598.xml"
"pantat","para_p_13599.xml"
"pantaw","para_p_13600.xml"
"pantaypantay","para_p_13601.xml"
"panti1","para_p_13602.xml"
"panti2","para_p_13603.xml"
"pantíhan","para_p_13604.xml"
"pantilit","para_p_13605.xml"
"panting","para_p_13606.xml"
"pantiyun","para_p_13607.xml"
"pants","para_p_13608.xml"
"pantsak","para_p_13609.xml"
"pantug","para_p_13610.xml"
"pantuk","para_p_13611.xml"
"pantun","para_p_13612.xml"
"pantuplas","para_p_13613.xml"
"panuku","para_p_13614.xml"
"panukus","para_p_13615.xml"
"panulindaw","para_p_13616.xml"
"panúlung","para_p_13617.xml"
"panumbálay","para_p_13618.xml"
"panumbaling","para_p_13619.xml"
"panun","para_p_13620.xml"
"panúni","para_p_13621.xml"
"panurámik","para_p_13622.xml"
"panurúsu","para_p_13623.xml"
"pan-us","para_p_13624.xml"
"panut","para_p_13625.xml"
"panutsa","para_p_13626.xml"
"panuylu","para_p_13627.xml"
"panuyù","para_p_13628.xml"
"panyas","para_p_13629.xml"
"panyáwan","para_p_13630.xml"
"panyù","para_p_13631.xml"
"panyulítu","para_p_13632.xml"
"panyulun","para_p_13633.xml"
"pápa1","para_p_13634.xml"
"pápa2","para_p_13635.xml"
"pápà","para_p_13636.xml"
"pàpà","para_p_13637.xml"
"pàpā́","para_p_13638.xml"
"pápal nunsiyu","para_p_13639.xml"
"papan","para_p_13640.xml"
"pápang","para_p_13641.xml"
"pápap","para_p_13642.xml"
"pápas","para_p_13643.xml"
"pápay","para_p_13644.xml"
"pap-ay","para_p_13645.xml"
"papha","para_p_13646.xml"
"papil","para_p_13647.xml"
"papílis","para_p_13648.xml"
"papilíta","para_p_13649.xml"
"papilítus","para_p_13650.xml"
"papkurn","para_p_13651.xml"
"paplin","para_p_13652.xml"
"paprika","para_p_13653.xml"
"papsikul","para_p_13654.xml"
"pár","para_p_13655.xml"
"para","para_p_13656.xml"
"pára1","para_p_13657.xml"
"pára2","para_p_13658.xml"
"parabir","para_p_13659.xml"
"parabula","para_p_13660.xml"
"paráda1","para_p_13661.xml"
"paráda2","para_p_13662.xml"
"paráda3","para_p_13663.xml"
"paradista","para_p_13664.xml"
"paradur","para_p_13665.xml"
"paragátus","para_p_13666.xml"
"paragáyu","para_p_13667.xml"
"paragparag","para_p_13668.xml"
"paragù","para_p_13669.xml"
"paragwa","para_p_13670.xml"
"paraísu","para_p_13671.xml"
"parak1","para_p_13672.xml"
"parak2","para_p_13673.xml"
"parakayda","para_p_13674.xml"
"parakul","para_p_13675.xml"
"parakyut","para_p_13676.xml"
"paraláyis","para_p_13677.xml"
"paralisar","para_p_13678.xml"
"paralísis","para_p_13679.xml"
"paralitiku","para_p_13680.xml"
"párang","para_p_13681.xml"
"parapara","para_p_13682.xml"
"parapin","para_p_13683.xml"
"parapirnalya","para_p_13684.xml"
"parapu","para_p_13685.xml"
"páras1","para_p_13686.xml"
"páras2","para_p_13687.xml"
"parasparas1","para_p_13688.xml"
"parasparas2","para_p_13689.xml"
"parat, párat","para_p_13690.xml"
"paraw","para_p_13691.xml"
"paráwu","para_p_13692.xml"
"paray","para_p_13693.xml"
"paráyig","para_p_13694.xml"
"pardnir","para_p_13695.xml"
"pardu","para_p_13696.xml"
"pardun","para_p_13697.xml"
"pári","para_p_13698.xml"
"párì","para_p_13699.xml"
"parid","para_p_13700.xml"
"parigla","para_p_13701.xml"
"paríha","para_p_13702.xml"
"paríhas, paríhu","para_p_13703.xml"
"paril","para_p_13704.xml"
"parilya","para_p_13705.xml"
"parinhayit","para_p_13706.xml"
"parinti","para_p_13707.xml"
"páris","para_p_13708.xml"
"parisíyu","para_p_13709.xml"
"parka","para_p_13710.xml"
"parki","para_p_13711.xml"
"parking","para_p_13712.xml"
"parliyamint, parliyamintu","para_p_13713.xml"
"parlur","para_p_13714.xml"
"parmasya","para_p_13715.xml"
"parnásu","para_p_13716.xml"
"parsíla","para_p_13717.xml"
"parsir","para_p_13718.xml"
"parsiyar","para_p_13719.xml"
"part","para_p_13720.xml"
"partayim","para_p_13721.xml"
"parti1","para_p_13722.xml"
"parti2","para_p_13723.xml"
"partída1","para_p_13724.xml"
"partída2","para_p_13725.xml"
"partída3","para_p_13726.xml"
"partidista","para_p_13727.xml"
"partídu1","para_p_13728.xml"
"partídu2","para_p_13729.xml"
"partikular","para_p_13730.xml"
"partíra","para_p_13731.xml"
"partisipasiyun","para_p_13732.xml"
"partisiyun","para_p_13733.xml"
"parts","para_p_13734.xml"
"párù","para_p_13735.xml"
"paruk","para_p_13736.xml"
"parúku, parukya","para_p_13737.xml"
"parul1","para_p_13738.xml"
"parul2","para_p_13739.xml"
"parúla","para_p_13740.xml"
"parulíru","para_p_13741.xml"
"parúlus","para_p_13742.xml"
"parúni","para_p_13743.xml"
"parús","para_p_13744.xml"
"párut","para_p_13745.xml"
"parutput","para_p_13746.xml"
"páruy","para_p_13747.xml"
"paruyparuy","para_p_13748.xml"
"paryinti","para_p_13749.xml"
"pas, pás1","para_p_13750.xml"
"pás2","para_p_13751.xml"
"pás3","para_p_13752.xml"
"pás4","para_p_13753.xml"
"pasa1","para_p_13754.xml"
"pasa2","para_p_13755.xml"
"pása","para_p_13756.xml"
"pásad","para_p_13757.xml"
"pasádu","para_p_13758.xml"
"pasadur","para_p_13759.xml"
"paságad","para_p_13760.xml"
"pasáhi1","para_p_13761.xml"
"pasáhi2","para_p_13762.xml"
"pasahíra","para_p_13763.xml"
"pasahíru","para_p_13764.xml"
"pasakalyi, pasakayli","para_p_13765.xml"
"pasakpasak","para_p_13766.xml"
"pasamánu, pasamánus","para_p_13767.xml"
"pásan","para_p_13768.xml"
"pas-an","para_p_13769.xml"
"pasángil","para_p_13770.xml"
"pasanib","para_p_13771.xml"
"pasápul","para_p_13772.xml"
"pasapurti","para_p_13773.xml"
"pasar1","para_p_13774.xml"
"pasar2","para_p_13775.xml"
"pásas","para_p_13776.xml"
"pasatyimpu","para_p_13777.xml"
"pásaw","para_p_13778.xml"
"pasáyan","para_p_13779.xml"
"pasaylu","para_p_13780.xml"
"pasburd","para_p_13781.xml"
"pasgung","para_p_13782.xml"
"pasì","para_p_13783.xml"
"pasiatab","para_p_13784.xml"
"pasig","para_p_13785.xml"
"pasignunut","para_p_13786.xml"
"pasíkat","para_p_13787.xml"
"pásil","para_p_13788.xml"
"pasilyu","para_p_13789.xml"
"pasinsiya","para_p_13790.xml"
"pasinti","para_p_13791.xml"
"pasipála","para_p_13792.xml"
"Pasipiku","para_p_13793.xml"
"pásis1","para_p_13794.xml"
"pásis2","para_p_13795.xml"
"pasistur","para_p_13796.xml"
"pasitib","para_p_13797.xml"
"pasiugda","para_p_13798.xml"
"pasiuna","para_p_13799.xml"
"pasiyal","para_p_13800.xml"
"pasiyu, pasíyu","para_p_13801.xml"
"*pasiyu","para_p_13802.xml"
"pasiyun","para_p_13803.xml"
"paskan","para_p_13804.xml"
"paskin","para_p_13805.xml"
"Pasku","para_p_13806.xml"
"paskuwas","para_p_13807.xml"
"paslag","para_p_13808.xml"
"paslak","para_p_13809.xml"
"paslang","para_p_13810.xml"
"paslayit","para_p_13811.xml"
"pasluk","para_p_13812.xml"
"paslut","para_p_13813.xml"
"pasmu","para_p_13814.xml"
"paspas1","para_p_13815.xml"
"paspas2","para_p_13816.xml"
"paspasanan","para_p_13817.xml"
"paspáyit","para_p_13818.xml"
"paspurt","para_p_13819.xml"
"paspuru","para_p_13820.xml"
"pasta1","para_p_13821.xml"
"pasta2","para_p_13822.xml"
"pasta3","para_p_13823.xml"
"pastang","para_p_13824.xml"
"pastidiyar","para_p_13825.xml"
"pastidiyu","para_p_13826.xml"
"pastíkum","para_p_13827.xml"
"pastilan","para_p_13828.xml"
"pastiliríya","para_p_13829.xml"
"pastilyas","para_p_13830.xml"
"pastiyurisádu","para_p_13831.xml"
"pastu","para_p_13832.xml"
"pastǔr1","para_p_13833.xml"
"pastǔr2","para_p_13834.xml"
"pastúra","para_p_13835.xml"
"pastúris","para_p_13836.xml"
"pasu","para_p_13837.xml"
"pásu","para_p_13838.xml"
"pásù","para_p_13839.xml"
"pasugbu","para_p_13840.xml"
"pasuk","para_p_13841.xml"
"pásuk","para_p_13842.xml"
"pasul","para_p_13843.xml"
"pasulábi","para_p_13844.xml"
"pasúlit","para_p_13845.xml"
"pasumánu","para_p_13846.xml"
"pasunding","para_p_13847.xml"
"pasung","para_p_13848.xml"
"pásung","para_p_13849.xml"
"pas-ung","para_p_13850.xml"
"pasunud","para_p_13851.xml"
"paswurd","para_p_13852.xml"
"pasyinsiya","para_p_13853.xml"
"pasyinti","para_p_13854.xml"
"pasyunarya","para_p_13855.xml"
"pasyun syú","para_p_13856.xml"
"pat.","para_p_13857.xml"
"páta","para_p_13858.xml"
"pátà","para_p_13859.xml"
"patad, pátad1","para_p_13860.xml"
"pátad2","para_p_13861.xml"
"pátad3","para_p_13862.xml"
"patadyung","para_p_13863.xml"
"pátag","para_p_13864.xml"
"pátak","para_p_13865.xml"
"pat-ak","para_p_13866.xml"
"patal","para_p_13867.xml"
"patálas","para_p_13868.xml"
"patánì1","para_p_13869.xml"
"patánì2","para_p_13870.xml"
"pátas","para_p_13871.xml"
"patátas1","para_p_13872.xml"
"patátas2","para_p_13873.xml"
"pataw","para_p_13874.xml"
"patay","para_p_13875.xml"
"pathaw","para_p_13876.xml"
"pat huldir","para_p_13877.xml"
"pati1 ang [noun], [nom.]","para_p_13878.xml"
"pati2","para_p_13879.xml"
"pátid","para_p_13880.xml"
"patig","para_p_13881.xml"
"pátik1","para_p_13882.xml"
"pátik2","para_p_13883.xml"
"patikan","para_p_13884.xml"
"patilya","para_p_13885.xml"
"pátin","para_p_13886.xml"
"pating","para_p_13887.xml"
"patínga","para_p_13888.xml"
"patinti1","para_p_13889.xml"
"patinti2","para_p_13890.xml"
"patipati","para_p_13891.xml"
"pátirn","para_p_13892.xml"
"pátir nustir","para_p_13893.xml"
"patis","para_p_13894.xml"
"patriyúta","para_p_13895.xml"
"patrǔl","para_p_13896.xml"
"patrulya","para_p_13897.xml"
"patrun, patrǔn","para_p_13898.xml"
"patsáda","para_p_13899.xml"
"patsi","para_p_13900.xml"
"patsing","para_p_13901.xml"
"pátu","para_p_13902.xml"
"pátù","para_p_13903.xml"
"pat-ud","para_p_13904.xml"
"patuk","para_p_13905.xml"
"pátul","para_p_13906.xml"
"pat-ul1","para_p_13907.xml"
"pat-ul2","para_p_13908.xml"
"patúla","para_p_13909.xml"
"patung","para_p_13910.xml"
"pátung","para_p_13911.xml"
"patùpátù","para_p_13912.xml"
"paturágas","para_p_13913.xml"
"patúru","para_p_13914.xml"
"patyu, patyù","para_p_13915.xml"
"paud","para_p_13916.xml"
"páuk","para_p_13917.xml"
"paun","para_p_13918.xml"
"paúruy","para_p_13919.xml"
"paus, páus","para_p_13920.xml"
"páw","para_p_13921.xml"
"páwà","para_p_13922.xml"
"paw-ak","para_p_13923.xml"
"paw-ang","para_p_13924.xml"
"pawdir milk","para_p_13925.xml"
"pawíkan1","para_p_13926.xml"
"pawíkan2","para_p_13927.xml"
"páwir","para_p_13928.xml"
"páwis","para_p_13929.xml"
"pawla","para_p_13930.xml"
"pawpaw","para_p_13931.xml"
"pawu-","para_p_13932.xml"
"páwud","para_p_13933.xml"
"pawug","para_p_13934.xml"
"páwul","para_p_13935.xml"
"pawundirs dí","para_p_13936.xml"
"pawuntin","para_p_13937.xml"
"pay","para_p_13938.xml"
"payà","para_p_13939.xml"
"payadpayad","para_p_13940.xml"
"payag","para_p_13941.xml"
"payakpak","para_p_13942.xml"
"payanpayan","para_p_13943.xml"
"payas","para_p_13944.xml"
"payásu","para_p_13945.xml"
"payat","para_p_13946.xml"
"páyaw","para_p_13947.xml"
"paybut","para_p_13948.xml"
"payhag","para_p_13949.xml"
"payhaw","para_p_13950.xml"
"payì","para_p_13951.xml"
"payib kúlum","para_p_13952.xml"
"payib pinggir","para_p_13953.xml"
"payil1","para_p_13954.xml"
"payil2","para_p_13955.xml"
"payin tri","para_p_13956.xml"
"payir","para_p_13957.xml"
"payir tri","para_p_13958.xml"
"payit","para_p_13959.xml"
"payla","para_p_13960.xml"
"paylas","para_p_13961.xml"
"*payling","para_p_13962.xml"
"*paylut","para_p_13963.xml"
"payn-ápul","para_p_13964.xml"
"paynar","para_p_13965.xml"
"paypay1","para_p_13966.xml"
"paypay2","para_p_13967.xml"
"payramid","para_p_13968.xml"
"payr-awut","para_p_13969.xml"
"payriks","para_p_13970.xml"
"payring","para_p_13971.xml"
"payta","para_p_13972.xml"
"payting ispírit","para_p_13973.xml"
"payting pis","para_p_13974.xml"
"paytir","para_p_13975.xml"
"payud","para_p_13976.xml"
"payudpayud","para_p_13977.xml"
"páyuk","para_p_13978.xml"
"pay-uk","para_p_13979.xml"
"páyung","para_p_13980.xml"
"payúpas","para_p_13981.xml"
"payuphu","para_p_13982.xml"
"payuríya","para_p_13983.xml"
"payus","para_p_13984.xml"
"páyut","para_p_13985.xml"
"pay-ut1","para_p_13986.xml"
"pay-ut2","para_p_13987.xml"
"pi1","para_p_13988.xml"
"pi2","para_p_13989.xml"
"pí","para_p_13990.xml"
"píang","para_p_13991.xml"
"píar","para_p_13992.xml"
"píay","para_p_13993.xml"
"Pib.","para_p_13994.xml"
"píbak","para_p_13995.xml"
"Pibriru","para_p_13996.xml"
"píbur","para_p_13997.xml"
"píd","para_p_13998.xml"
"pídal","para_p_13999.xml"
"pidásu","para_p_14000.xml"
"pidbak","para_p_14001.xml"
"pídi","para_p_14002.xml"
"pidídu","para_p_14003.xml"
"pidikab","para_p_14004.xml"
"pidikiyur","para_p_14005.xml"
"pidirasiyun","para_p_14006.xml"
"pídir rud","para_p_14007.xml"
"pídir wit","para_p_14008.xml"
"pidistǎl","para_p_14009.xml"
"pidíyus","para_p_14010.xml"
"pidlà","para_p_14011.xml"
"pidlasut","para_p_14012.xml"
"pidlut","para_p_14013.xml"
"pidpid","para_p_14014.xml"
"Pidru","para_p_14015.xml"
"pidsbuy","para_p_14016.xml"
"pid-uk1","para_p_14017.xml"
"pid-uk2","para_p_14018.xml"
"pigà","para_p_14019.xml"
"pigádu","para_p_14020.xml"
"pigal","para_p_14021.xml"
"pígat","para_p_14022.xml"
"pigáwu","para_p_14023.xml"
"piging","para_p_14024.xml"
"pigiri","para_p_14025.xml"
"pigis","para_p_14026.xml"
"pigit","para_p_14027.xml"
"pig-it1","para_p_14028.xml"
"pig-it2","para_p_14029.xml"
"pignit","para_p_14030.xml"
"pigsà","para_p_14031.xml"
"pigsang","para_p_14032.xml"
"pigsat","para_p_14033.xml"
"pigsik","para_p_14034.xml"
"pigsit, pigsut","para_p_14035.xml"
"pigting","para_p_14036.xml"
"pigtul","para_p_14037.xml"
"pígung","para_p_14038.xml"
"pigúra","para_p_14039.xml"
"pigurin","para_p_14040.xml"
"pigus","para_p_14041.xml"
"pig-ut","para_p_14042.xml"
"pihádu","para_p_14043.xml"
"pihak","para_p_14044.xml"
"pihar","para_p_14045.xml"
"pihaw","para_p_14046.xml"
"pihig","para_p_14047.xml"
"pihing","para_p_14048.xml"
"píhu, píhù","para_p_14049.xml"
"pihuk","para_p_14050.xml"
"pii","para_p_14051.xml"
"píi","para_p_14052.xml"
"píis","para_p_14053.xml"
"piit","para_p_14054.xml"
"pík","para_p_14055.xml"
"pika","para_p_14056.xml"
"píkak","para_p_14057.xml"
"pikal, píkal","para_p_14058.xml"
"pik-ap1","para_p_14059.xml"
"pik-ap2","para_p_14060.xml"
"pik-ap3","para_p_14061.xml"
"pik-ap4","para_p_14062.xml"
"píkas","para_p_14063.xml"
"pikat1","para_p_14064.xml"
"pikat2","para_p_14065.xml"
"pikatúrum","para_p_14066.xml"
"pikbung","para_p_14067.xml"
"pikdul, pikdung","para_p_14068.xml"
"pikdut","para_p_14069.xml"
"piki","para_p_14070.xml"
"pikì1","para_p_14071.xml"
"pikì2","para_p_14072.xml"
"píking","para_p_14073.xml"
"píkit1","para_p_14074.xml"
"píkit2","para_p_14075.xml"
"piknat","para_p_14076.xml"
"piknik, piknit","para_p_14077.xml"
"pikpik","para_p_14078.xml"
"piktus","para_p_14079.xml"
"piktiyur tíking","para_p_14080.xml"
"píku1","para_p_14081.xml"
"píku2","para_p_14082.xml"
"pikù","para_p_14083.xml"
"píkuls","para_p_14084.xml"
"pikun","para_p_14085.xml"
"píkut1","para_p_14086.xml"
"píkut2","para_p_14087.xml"
"pikuy","para_p_14088.xml"
"píl1","para_p_14089.xml"
"píl2","para_p_14090.xml"
"pila","para_p_14091.xml"
"píla","para_p_14092.xml"
"pílak","para_p_14093.xml"
"pilantrupu","para_p_14094.xml"
"pil-ap","para_p_14095.xml"
"pilápil","para_p_14096.xml"
"pílas","para_p_14097.xml"
"piláta","para_p_14098.xml"
"pilátu","para_p_14099.xml"
"pilaw","para_p_14100.xml"
"pílay","para_p_14101.xml"
"pilbaks","para_p_14102.xml"
"pildi","para_p_14103.xml"
"pildir","para_p_14104.xml"
"pildúra","para_p_14105.xml"
"pildúras","para_p_14106.xml"
"pilhuk1","para_p_14107.xml"
"pilhuk2","para_p_14108.xml"
"pilhung","para_p_14109.xml"
"píli","para_p_14110.xml"
"pílì","para_p_14111.xml"
"pilígis","para_p_14112.xml"
"piligru","para_p_14113.xml"
"pilígu","para_p_14114.xml"
"pilíik","para_p_14115.xml"
"pilik","para_p_14116.xml"
"pilikpilik2","para_p_14117.xml"
"pilikpilik3","para_p_14118.xml"
"pilikula","para_p_14119.xml"
"pilínu","para_p_14120.xml"
"pilípig","para_p_14121.xml"
"Pilipína","para_p_14122.xml"
"Pilipínas","para_p_14123.xml"
"pilipinista","para_p_14124.xml"
"Pilipínu","para_p_14125.xml"
"pilípit","para_p_14126.xml"
"pilipíti","para_p_14127.xml"
"pilípug","para_p_14128.xml"
"pilípul","para_p_14129.xml"
"pílir","para_p_14130.xml"
"pílir gids","para_p_14131.xml"
"pilis","para_p_14132.xml"
"pilit","para_p_14133.xml"
"pílit2","para_p_14134.xml"
"pilíti","para_p_14135.xml"
"pilitína","para_p_14136.xml"
"píliw","para_p_14137.xml"
"pilkag","para_p_14138.xml"
"pilm","para_p_14139.xml"
"pilpil","para_p_14140.xml"
"píls","para_p_14141.xml"
"pilt","para_p_14142.xml"
"piltir","para_p_14143.xml"
"pilu","para_p_14144.xml"
"pílu","para_p_14145.xml"
"pilù","para_p_14146.xml"
"piluk","para_p_14147.xml"
"pilúka","para_p_14148.xml"
"piluk maríya","para_p_14149.xml"
"pilung","para_p_14150.xml"
"pilus","para_p_14151.xml"
"pilusupíya","para_p_14152.xml"
"pilusupu","para_p_14153.xml"
"pílut","para_p_14154.xml"
"pilutári","para_p_14155.xml"
"pilútu","para_p_14156.xml"
"pilya","para_p_14157.xml"
"pilyu","para_p_14158.xml"
"píma","para_p_14159.xml"
"pimbríra","para_p_14160.xml"
"piminta","para_p_14161.xml"
"pimríra","para_p_14162.xml"
"pimyinta","para_p_14163.xml"
"pín1","para_p_14164.xml"
"pín2","para_p_14165.xml"
"pina-","para_p_14166.xml"
"pína1","para_p_14167.xml"
"pína2","para_p_14168.xml"
"pinal","para_p_14169.xml"
"pináli","para_p_14170.xml"
"pinápul","para_p_14171.xml"
"pinatbátir","para_p_14172.xml"
"pinay","para_p_14173.xml"
"pinbuy","para_p_14174.xml"
"pindaypinday","para_p_14175.xml"
"pindì","para_p_14176.xml"
"pinding","para_p_14177.xml"
"pindir","para_p_14178.xml"
"pindisítis","para_p_14179.xml"
"pindulu, pindulum","para_p_14180.xml"
"pindulun","para_p_14181.xml"
"ping","para_p_14182.xml"
"píngag","para_p_14183.xml"
"pingak","para_p_14184.xml"
"pingakpíngak","para_p_14185.xml"
"pingay","para_p_14186.xml"
"pingga","para_p_14187.xml"
"pinggan","para_p_14188.xml"
"pinggiring","para_p_14189.xml"
"pinggir prin, pinggir print","para_p_14190.xml"
"pinghuy","para_p_14191.xml"
"pingis","para_p_14192.xml"
"ping-it","para_p_14193.xml"
"pingk","para_p_14194.xml"
"pingkaw","para_p_14195.xml"
"pingkì","para_p_14196.xml"
"pingkit","para_p_14197.xml"
"pingpung","para_p_14198.xml"
"pinguspingus","para_p_14199.xml"
"píngut","para_p_14200.xml"
"ping-ut","para_p_14201.xml"
"pinguypinguy","para_p_14202.xml"
"pingwit","para_p_14203.xml"
"pinhuldir","para_p_14204.xml"
"pinid","para_p_14205.xml"
"pinig","para_p_14206.xml"
"pinikáda","para_p_14207.xml"
"pinikítu","para_p_14208.xml"
"*píning","para_p_14209.xml"
"pinípig","para_p_14210.xml"
"pinipíta","para_p_14211.xml"
"pinisilin","para_p_14212.xml"
"pinising, pinísing","para_p_14213.xml"
"pinitinsiya","para_p_14214.xml"
"pinkaw","para_p_14215.xml"
"pinkusyun","para_p_14216.xml"
"pinpal","para_p_14217.xml"
"pinpin","para_p_14218.xml"
"pinsa","para_p_14219.xml"
"pinsar, pinsǎr","para_p_14220.xml"
"pinsil1","para_p_14221.xml"
"pinsil2","para_p_14222.xml"
"pinsing","para_p_14223.xml"
"pinsit","para_p_14224.xml"
"pinsiyun","para_p_14225.xml"
"pinta1","para_p_14226.xml"
"pinta2","para_p_14227.xml"
"pintakási1","para_p_14228.xml"
"pintakási2","para_p_14229.xml"
"pintal","para_p_14230.xml"
"pintas","para_p_14231.xml"
"pintik1","para_p_14232.xml"
"pintik2","para_p_14233.xml"
"pintikustis","para_p_14234.xml"
"pintuk1","para_p_14235.xml"
"pintuk2","para_p_14236.xml"
"pintil pin","para_p_14237.xml"
"pintul","para_p_14238.xml"
"pintur, pintǔr","para_p_14239.xml"
"pintúra","para_p_14240.xml"
"pintus","para_p_14241.xml"
"pínu1","para_p_14242.xml"
"pínu2","para_p_14243.xml"
"pínul","para_p_14244.xml"
"pin-ut","para_p_14245.xml"
"pinúun","para_p_14246.xml"
"pinuy1","para_p_14247.xml"
"pinuy, pínuy","para_p_14248.xml"
"pinya","para_p_14249.xml"
"pinyátu","para_p_14250.xml"
"pípa","para_p_14251.xml"
"pípar bag","para_p_14252.xml"
"pípì","para_p_14253.xml"
"pìpì","para_p_14254.xml"
"pipínu","para_p_14255.xml"
"pípir","para_p_14256.xml"
"pípir bag","para_p_14257.xml"
"pipis","para_p_14258.xml"
"pípis","para_p_14259.xml"
"piplum","para_p_14260.xml"
"pipsi","para_p_14261.xml"
"pipti","para_p_14262.xml"
"pír","para_p_14263.xml"
"pira","para_p_14264.xml"
"píras","para_p_14265.xml"
"pirásu","para_p_14266.xml"
"pirat","para_p_14267.xml"
"piráta","para_p_14268.xml"
"piraypiray, piraypíray","para_p_14269.xml"
"pir bay pir","para_p_14270.xml"
"pir dayim","para_p_14271.xml"
"pirdi","para_p_14272.xml"
"pirdigána","para_p_14273.xml"
"pirdigun, pirdigúnis","para_p_14274.xml"
"pirdisiyun","para_p_14275.xml"
"pirdǔn","para_p_14276.xml"
"pirgula","para_p_14277.xml"
"pirhisyu","para_p_14278.xml"
"pirhwisyu","para_p_14279.xml"
"piri","para_p_14280.xml"
"píri","para_p_14281.xml"
"pirigpirig","para_p_14282.xml"
"pirigrínu","para_p_14283.xml"
"pirigula","para_p_14284.xml"
"pirihisyu","para_p_14285.xml"
"piríku","para_p_14286.xml"
"pirimyu","para_p_14287.xml"
"pirinda","para_p_14288.xml"
"piris wil","para_p_14289.xml"
"pirítu","para_p_14290.xml"
"pirkal","para_p_14291.xml"
"pirlas","para_p_14292.xml"
"pirma1","para_p_14293.xml"
"pirma2","para_p_14294.xml"
"pirmaninti","para_p_14295.xml"
"pirmi","para_p_14296.xml"
"pirmíru","para_p_14297.xml"
"pirmísu","para_p_14298.xml"
"pirmisyas","para_p_14299.xml"
"pirmit","para_p_14300.xml"
"pirnu","para_p_14301.xml"
"pirpiktu","para_p_14302.xml"
"pirpitwa","para_p_14303.xml"
"pirpúmi","para_p_14304.xml"
"pirs","para_p_14305.xml"
"pirsigir","para_p_14306.xml"
"pirsing kap","para_p_14307.xml"
"pirst","para_p_14308.xml"
"pirsúna","para_p_14309.xml"
"pirsunáhi","para_p_14310.xml"
"pirsunal","para_p_14311.xml"
"pirsunalidad","para_p_14312.xml"
"pirtilaysir","para_p_14313.xml"
"piru, píru","para_p_14314.xml"
"pirù","para_p_14315.xml"
"piruhwisyu","para_p_14316.xml"
"piruk","para_p_14317.xml"
"pirukpiruk","para_p_14318.xml"
"pírul","para_p_14319.xml"
"pirut, pírut","para_p_14320.xml"
"piruypiruy","para_p_14321.xml"
"pirwil parti","para_p_14322.xml"
"pirwisyu","para_p_14323.xml"
"pirya","para_p_14324.xml"
"piryud","para_p_14325.xml"
"piryudikal","para_p_14326.xml"
"piryudiku","para_p_14327.xml"
"piryudista","para_p_14328.xml"
"pís","para_p_14329.xml"
"písa1","para_p_14330.xml"
"písa2","para_p_14331.xml"
"pisà, písà","para_p_14332.xml"
"pisáda1, pisadur","para_p_14333.xml"
"pisáda2","para_p_14334.xml"
"pisak, písak","para_p_14335.xml"
"pis-ak","para_p_14336.xml"
"pisami","para_p_14337.xml"
"pisan","para_p_14338.xml"
"pisar1","para_p_14339.xml"
"pisar2","para_p_14340.xml"
"pisar3","para_p_14341.xml"
"pisára","para_p_14342.xml"
"pisat","para_p_14343.xml"
"pisaw","para_p_14344.xml"
"písi","para_p_14345.xml"
"písì","para_p_14346.xml"
"pisik","para_p_14347.xml"
"pisikal","para_p_14348.xml"
"písiks","para_p_14349.xml"
"pisil, písil","para_p_14350.xml"
"piskadur","para_p_14351.xml"
"piskal","para_p_14352.xml"
"piskanti","para_p_14353.xml"
"piskat1","para_p_14354.xml"
"piskat2","para_p_14355.xml"
"piskay","para_p_14356.xml"
"piskul","para_p_14357.xml"
"piskur","para_p_14358.xml"
"piskut, piskuy","para_p_14359.xml"
"pislà","para_p_14360.xml"
"pislangù","para_p_14361.xml"
"pislat","para_p_14362.xml"
"pislayit","para_p_14363.xml"
"pislit","para_p_14364.xml"
"pisluk","para_p_14365.xml"
"pislun","para_p_14366.xml"
"pislung","para_p_14367.xml"
"pislut","para_p_14368.xml"
"pismil","para_p_14369.xml"
"pisngà, pisngag, pisngi, pisngì, pisngig","para_p_14370.xml"
"pisngù","para_p_14371.xml"
"pispan","para_p_14372.xml"
"pispis","para_p_14373.xml"
"pista","para_p_14374.xml"
"pistayim","para_p_14375.xml"
"pisti","para_p_14376.xml"
"pistud","para_p_14377.xml"
"pistul","para_p_14378.xml"
"pistúla","para_p_14379.xml"
"pistun1","para_p_14380.xml"
"pistun2","para_p_14381.xml"
"písu1","para_p_14382.xml"
"písu2","para_p_14383.xml"
"pisù","para_p_14384.xml"
"písù2","para_p_14385.xml"
"pisuk, písuk","para_p_14386.xml"
"pisukut","para_p_14387.xml"
"písul","para_p_14388.xml"
"písun","para_p_14389.xml"
"pisut1","para_p_14390.xml"
"pisut2","para_p_14391.xml"
"pisyat","para_p_14392.xml"
"pisyu","para_p_14393.xml"
"pisyútis","para_p_14394.xml"
"píta","para_p_14395.xml"
"pità","para_p_14396.xml"
"pitáda","para_p_14397.xml"
"pitak","para_p_14398.xml"
"pítak2","para_p_14399.xml"
"pitáka","para_p_14400.xml"
"pitáti","para_p_14401.xml"
"pítay","para_p_14402.xml"
"piti1","para_p_14403.xml"
"piti2","para_p_14404.xml"
"pitì","para_p_14405.xml"
"pitibut","para_p_14406.xml"
"pitii","para_p_14407.xml"
"pitik","para_p_14408.xml"
"pitikut","para_p_14409.xml"
"pitimini","para_p_14410.xml"
"píting","para_p_14411.xml"
"pitisyun","para_p_14412.xml"
"pitiw","para_p_14413.xml"
"pitla","para_p_14414.xml"
"pitlà","para_p_14415.xml"
"pitlag","para_p_14416.xml"
"pitlagung","para_p_14417.xml"
"pitlud","para_p_14418.xml"
"pitluk","para_p_14419.xml"
"pitnit","para_p_14420.xml"
"pitpit1","para_p_14421.xml"
"pitpit2","para_p_14422.xml"
"pitpit3","para_p_14423.xml"
"pitpíta","para_p_14424.xml"
"pí trap","para_p_14425.xml"
"pitrulyu, pitrulyum","para_p_14426.xml"
"pitrumaks","para_p_14427.xml"
"pits1","para_p_14428.xml"
"pits2","para_p_14429.xml"
"pits3","para_p_14430.xml"
"pitsa","para_p_14431.xml"
"pitsas","para_p_14432.xml"
"pitsay","para_p_14433.xml"
"pitsbuy","para_p_14434.xml"
"pitsi","para_p_14435.xml"
"pitsikurnu","para_p_14436.xml"
"pitsil","para_p_14437.xml"
"pit sinyur","para_p_14438.xml"
"pitsipitsi","para_p_14439.xml"
"pitsir1","para_p_14440.xml"
"pitsir2","para_p_14441.xml"
"pitsu","para_p_14442.xml"
"pitsukurnu","para_p_14443.xml"
"pitu","para_p_14444.xml"
"pítu1","para_p_14445.xml"
"pítu2","para_p_14446.xml"
"pitúgu","para_p_14447.xml"
"pituk1","para_p_14448.xml"
"pituk2","para_p_14449.xml"
"pítul","para_p_14450.xml"
"pitupitu","para_p_14451.xml"
"pitúru","para_p_14452.xml"
"pit-us","para_p_14453.xml"
"pitut","para_p_14454.xml"
"pitwurk","para_p_14455.xml"
"piud","para_p_14456.xml"
"píud","para_p_14457.xml"
"piug","para_p_14458.xml"
"piut","para_p_14459.xml"
"píward","para_p_14460.xml"
"píyad","para_p_14461.xml"
"piyak1, píyak","para_p_14462.xml"
"piyak2","para_p_14463.xml"
"piyal","para_p_14464.xml"
"piyangpiyang, piyangpíyang","para_p_14465.xml"
"píyas","para_p_14466.xml"
"piyatpiyat","para_p_14467.xml"
"píyu","para_p_14468.xml"
"píyù","para_p_14469.xml"
"píyuk","para_p_14470.xml"
"piyun, píyun","para_p_14471.xml"
"píyung","para_p_14472.xml"
"plág","para_p_14473.xml"
"plag-in","para_p_14474.xml"
"plagpul","para_p_14475.xml"
"plagrísing","para_p_14476.xml"
"plagritrǐt","para_p_14477.xml"
"plagsirimúni","para_p_14478.xml"
"plagsut","para_p_14479.xml"
"plahúta","para_p_14480.xml"
"pláka","para_p_14481.xml"
"plakul","para_p_14482.xml"
"plamingku","para_p_14483.xml"
"plámir","para_p_14484.xml"
"plán","para_p_14485.xml"
"planggána","para_p_14486.xml"
"plangganíta","para_p_14487.xml"
"plangka","para_p_14488.xml"
"plangkíru","para_p_14489.xml"
"planhay","para_p_14490.xml"
"planíla","para_p_14491.xml"
"planíta","para_p_14492.xml"
"plansa","para_p_14493.xml"
"planta","para_p_14494.xml"
"plantáda","para_p_14495.xml"
"plantasiyun","para_p_14496.xml"
"plantilya","para_p_14497.xml"
"plantsa","para_p_14498.xml"
"plánu","para_p_14499.xml"
"plaríti","para_p_14500.xml"
"*plas","para_p_14501.xml"
"plás1","para_p_14502.xml"
"plás2","para_p_14503.xml"
"plása","para_p_14504.xml"
"plas balb","para_p_14505.xml"
"plasíbu","para_p_14506.xml"
"plásing2","para_p_14507.xml"
"plásis","para_p_14508.xml"
"plaskíya","para_p_14509.xml"
"plasláyit","para_p_14510.xml"
"plasta, plastǎr","para_p_14511.xml"
"plastik","para_p_14512.xml"
"plastir","para_p_14513.xml"
"plásu","para_p_14514.xml"
"plat","para_p_14515.xml"
"plát","para_p_14516.xml"
"pláta","para_p_14517.xml"
"plátap","para_p_14518.xml"
"platapurma","para_p_14519.xml"
"platik","para_p_14520.xml"
"platínu, platínum","para_p_14521.xml"
"platiríya","para_p_14522.xml"
"platíru","para_p_14523.xml"
"platítu1","para_p_14524.xml"
"platítu2","para_p_14525.xml"
"platnus","para_p_14526.xml"
"plátu, platun1","para_p_14527.xml"
"platun2","para_p_14528.xml"
"pláwir","para_p_14529.xml"
"plawta","para_p_14530.xml"
"*play","para_p_14531.xml"
"play-awi","para_p_14532.xml"
"playing súsir","para_p_14533.xml"
"pláyir","para_p_14534.xml"
"playis","para_p_14535.xml"
"playit","para_p_14536.xml"
"playwit","para_p_14537.xml"
"playwud","para_p_14538.xml"
"plí1","para_p_14539.xml"
"plí2","para_p_14540.xml"
"plibisítu","para_p_14541.xml"
"plíbul","para_p_14542.xml"
"plíbuy1","para_p_14543.xml"
"plíbuy2","para_p_14544.xml"
"plígis","para_p_14545.xml"
"pligráwun","para_p_14546.xml"
"plígu","para_p_14547.xml"
"plíma","para_p_14548.xml"
"plimíru","para_p_14549.xml"
"plín1","para_p_14550.xml"
"plín2","para_p_14551.xml"
"plirayid","para_p_14552.xml"
"plirt","para_p_14553.xml"
"plísing","para_p_14554.xml"
"plismat","para_p_14555.xml"
"plít","para_p_14556.xml"
"plíti","para_p_14557.xml"
"plitína","para_p_14558.xml"
"plitnambir","para_p_14559.xml"
"plíts","para_p_14560.xml"
"plitsa","para_p_14561.xml"
"plú","para_p_14562.xml"
"plúhu","para_p_14563.xml"
"plúma","para_p_14564.xml"
"plumáhi","para_p_14565.xml"
"plumíru1","para_p_14566.xml"
"plumíru2","para_p_14567.xml"
"plúmu","para_p_14568.xml"
"plur","para_p_14569.xml"
"plúral upiring","para_p_14570.xml"
"plurdilis","para_p_14571.xml"
"pluríra","para_p_14572.xml"
"plúris","para_p_14573.xml"
"plurisin","para_p_14574.xml"
"plurlídir","para_p_14575.xml"
"plurwaks","para_p_14576.xml"
"plút","para_p_14577.xml"
"plúting","para_p_14578.xml"
"plúting rít","para_p_14579.xml"
"plúwid","para_p_14580.xml"
"prá","para_p_14581.xml"
"prabir","para_p_14582.xml"
"pragáta","para_p_14583.xml"
"pragátus","para_p_14584.xml"
"pragmin","para_p_14585.xml"
"prak1","para_p_14586.xml"
"prak2, prák","para_p_14587.xml"
"prakásu","para_p_14588.xml"
"prakayda","para_p_14589.xml"
"praktikal","para_p_14590.xml"
"praktis","para_p_14591.xml"
"prákul","para_p_14592.xml"
"prangha","para_p_14593.xml"
"prangka","para_p_14594.xml"
"prangkísa","para_p_14595.xml"
"prangkisíya","para_p_14596.xml"
"prangkíyu","para_p_14597.xml"
"prangku1","para_p_14598.xml"
"prangku2","para_p_14599.xml"
"praníla","para_p_14600.xml"
"pransis","para_p_14601.xml"
"Pransiya","para_p_14602.xml"
"prantáda","para_p_14603.xml"
"prantsit","para_p_14604.xml"
"prásis","para_p_14605.xml"
"prasku","para_p_14606.xml"
"prawud","para_p_14607.xml"
"praybasi","para_p_14608.xml"
"praybit","para_p_14609.xml"
"prayid rayis","para_p_14610.xml"
"prayid tsíkin","para_p_14611.xml"
"prayli","para_p_14612.xml"
"praymari","para_p_14613.xml"
"pri","para_p_14614.xml"
"prí","para_p_14615.xml"
"pribáda, pribádu","para_p_14616.xml"
"pribilids","para_p_14617.xml"
"pribilihiyu","para_p_14618.xml"
"pribinir","para_p_14619.xml"
"pribyu","para_p_14620.xml"
"prídi","para_p_14621.xml"
"pridikar","para_p_14622.xml"
"pridiktǎr","para_p_14623.xml"
"pridyidir","para_p_14624.xml"
"prigunta","para_p_14625.xml"
"príhu","para_p_14626.xml"
"prilansir","para_p_14627.xml"
"prílim","para_p_14628.xml"
"priliminári","para_p_14629.xml"
"prilimináris","para_p_14630.xml"
"príma","para_p_14631.xml"
"primarya","para_p_14632.xml"
"primatiyur","para_p_14633.xml"
"prí mid","para_p_14634.xml"
"*primir","para_p_14635.xml"
"primíra","para_p_14636.xml"
"primíru","para_p_14637.xml"
"primisyas","para_p_14638.xml"
"prímu","para_p_14639.xml"
"primyu","para_p_14640.xml"
"prinátal","para_p_14641.xml"
"prinda","para_p_14642.xml"
"prinsa1","para_p_14643.xml"
"prinsa2","para_p_14644.xml"
"prinsipal1","para_p_14645.xml"
"prinsipal2","para_p_14646.xml"
"prinsipi","para_p_14647.xml"
"prinsipyu","para_p_14648.xml"
"prinsísa","para_p_14649.xml"
"prinsis kat","para_p_14650.xml"
"prinspus","para_p_14651.xml"
"printing pris","para_p_14652.xml"
"prínu","para_p_14653.xml"
"prípab","para_p_14654.xml"
"priparar","para_p_14655.xml"
"priparatúri","para_p_14656.xml"
"pris","para_p_14657.xml"
"prís","para_p_14658.xml"
"Pris.","para_p_14659.xml"
"prisidinsiya","para_p_14660.xml"
"prisidinsiyal","para_p_14661.xml"
"prisidint","para_p_14662.xml"
"prisidinta","para_p_14663.xml"
"prisidinti","para_p_14664.xml"
"prisidiyu1","para_p_14665.xml"
"prisidiyu2, prisidiyum","para_p_14666.xml"
"prisintabli","para_p_14667.xml"
"prisintǎr","para_p_14668.xml"
"prisintu","para_p_14669.xml"
"prísir","para_p_14670.xml"
"prisirb","para_p_14671.xml"
"prisirbing dyar","para_p_14672.xml"
"prisiyun","para_p_14673.xml"
"priska","para_p_14674.xml"
"priskráyib","para_p_14675.xml"
"priskripsiyun","para_p_14676.xml"
"prisku","para_p_14677.xml"
"pristihiyu","para_p_14678.xml"
"prísu","para_p_14679.xml"
"prisupwistu","para_p_14680.xml"
"prisyat","para_p_14681.xml"
"prisyu","para_p_14682.xml"
"pritindǐr","para_p_14683.xml"
"pritru","para_p_14684.xml"
"prítu","para_p_14685.xml"
"príwar","para_p_14686.xml"
"príward","para_p_14687.xml"
"príwur","para_p_14688.xml"
"prubar","para_p_14689.xml"
"prubidinsiya","para_p_14690.xml"
"prubinsiya","para_p_14691.xml"
"prubinsyal","para_p_14692.xml"
"prubisung","para_p_14693.xml"
"prubisyun","para_p_14694.xml"
"prubisyunal","para_p_14695.xml"
"prubitsǎr","para_p_14696.xml"
"prubitsu","para_p_14697.xml"
"prublíma","para_p_14698.xml"
"pruduksiyun","para_p_14699.xml"
"pruduktu","para_p_14700.xml"
"prudyúsir","para_p_14701.xml"
"prugram","para_p_14702.xml"
"prugráma","para_p_14703.xml"
"prugrisista","para_p_14704.xml"
"prugrísu","para_p_14705.xml"
"pruhibir","para_p_14706.xml"
"pruklamar","para_p_14707.xml"
"prumininti","para_p_14708.xml"
"prumísa","para_p_14709.xml"
"prumusyun","para_p_14710.xml"
"prumusyun síl, prumusyunal síl","para_p_14711.xml"
"prumut","para_p_14712.xml"
"prumútir","para_p_14713.xml"
"prunáwuns","para_p_14714.xml"
"prunsit, pruntsit","para_p_14715.xml"
"pruntu","para_p_14716.xml"
"pruntun","para_p_14717.xml"
"prunumbri","para_p_14718.xml"
"prup","para_p_14719.xml"
"prupidad","para_p_14720.xml"
"prupaganda","para_p_14721.xml"
"prupagar","para_p_14722.xml"
"prupisiyun","para_p_14723.xml"
"prupisur","para_p_14724.xml"
"prupisúra","para_p_14725.xml"
"prupíta","para_p_14726.xml"
"prupitaryu","para_p_14727.xml"
"prupursiyun","para_p_14728.xml"
"prupusisiyun","para_p_14729.xml"
"prupyidad","para_p_14730.xml"
"prúsa","para_p_14731.xml"
"prusikusiyun","para_p_14732.xml"
"prusisiyun, prusisyun","para_p_14733.xml"
"pruspik","para_p_14734.xml"
"pruspiktus","para_p_14735.xml"
"pruspirar","para_p_14736.xml"
"prusúsu","para_p_14737.xml"
"prutagunista","para_p_14738.xml"
"prútas","para_p_14739.xml"
"prutihir","para_p_14740.xml"
"prutiksiyun","para_p_14741.xml"
"prutína","para_p_14742.xml"
"prutíra","para_p_14743.xml"
"prutista","para_p_14744.xml"
"prutistanti","para_p_14745.xml"
"prut kik","para_p_14746.xml"
"prúwa","para_p_14747.xml"
"pruyba","para_p_14748.xml"
"pruyiktu","para_p_14749.xml"
"P.S.","para_p_14750.xml"
"P.S.K.","para_p_14751.xml"
"pū́","para_p_14752.xml"
"pû","para_p_14753.xml"
"pū̂","para_p_14754.xml"
"púan","para_p_14755.xml"
"puángud","para_p_14756.xml"
"púas walay —","para_p_14757.xml"
"puása","para_p_14758.xml"
"púay","para_p_14759.xml"
"publasiyun","para_p_14760.xml"
"publikar","para_p_14761.xml"
"publiku","para_p_14762.xml"
"publisidad","para_p_14763.xml"
"pubri","para_p_14764.xml"
"pud","para_p_14765.xml"
"pū́d","para_p_14766.xml"
"puday","para_p_14767.xml"
"púding","para_p_14768.xml"
"pudir","para_p_14769.xml"
"pud kuluring","para_p_14770.xml"
"pudlung","para_p_14771.xml"
"pudlus1","para_p_14772.xml"
"pudlus2","para_p_14773.xml"
"pudlus3","para_p_14774.xml"
"pudngan","para_p_14775.xml"
"pudpud1","para_p_14776.xml"
"*pudpud2","para_p_14777.xml"
"púdul","para_p_14778.xml"
"pudyut","para_p_14779.xml"
"púg","para_p_14780.xml"
"púga1","para_p_14781.xml"
"púga2","para_p_14782.xml"
"pugà","para_p_14783.xml"
"púgad","para_p_14784.xml"
"pugáhan","para_p_14785.xml"
"pugápu","para_p_14786.xml"
"pugapúga","para_p_14787.xml"
"pugas","para_p_14788.xml"
"pug-aw","para_p_14789.xml"
"pugáwù","para_p_14790.xml"
"pugdaw1","para_p_14791.xml"
"pugdaw2","para_p_14792.xml"
"pugdul","para_p_14793.xml"
"pughad","para_p_14794.xml"
"pughak","para_p_14795.xml"
"pughaw","para_p_14796.xml"
"púgi","para_p_14797.xml"
"pugì","para_p_14798.xml"
"púgis, pug-is","para_p_14799.xml"
"pugnit","para_p_14800.xml"
"pugpug","para_p_14801.xml"
"pugsak","para_p_14802.xml"
"pugsit","para_p_14803.xml"
"pugtas1","para_p_14804.xml"
"pugtas2","para_p_14805.xml"
"pugtud","para_p_14806.xml"
"púgu","para_p_14807.xml"
"púgud","para_p_14808.xml"
"pug-uk","para_p_14809.xml"
"púgul","para_p_14810.xml"
"pugun","para_p_14811.xml"
"pugung","para_p_14812.xml"
"pugus","para_p_14813.xml"
"pugut","para_p_14814.xml"
"pugwat","para_p_14815.xml"
"púhag","para_p_14816.xml"
"puhal","para_p_14817.xml"
"puhaw","para_p_14818.xml"
"puhun","para_p_14819.xml"
"puhúnan","para_p_14820.xml"
"puhúun","para_p_14821.xml"
"puk","para_p_14822.xml"
"púk","para_p_14823.xml"
"puka","para_p_14824.xml"
"pukak","para_p_14825.xml"
"pukakha","para_p_14826.xml"
"púkan","para_p_14827.xml"
"pukang","para_p_14828.xml"
"pukas","para_p_14829.xml"
"pukat, púkat","para_p_14830.xml"
"púkaw","para_p_14831.xml"
"pukay","para_p_14832.xml"
"pukdaw, pukgaw","para_p_14833.xml"
"pukgù","para_p_14834.xml"
"púkì","para_p_14835.xml"
"púkir","para_p_14836.xml"
"puklat","para_p_14837.xml"
"puklid, pukling","para_p_14838.xml"
"puklu","para_p_14839.xml"
"puknit","para_p_14840.xml"
"pukpuk1","para_p_14841.xml"
"pukpuk2","para_p_14842.xml"
"puksì","para_p_14843.xml"
"pukù1","para_p_14844.xml"
"pukù2","para_p_14845.xml"
"púku mas u mínus","para_p_14846.xml"
"puk-ung","para_p_14847.xml"
"pukupúku","para_p_14848.xml"
"púkut","para_p_14849.xml"
"pukuy","para_p_14850.xml"
"pukwang","para_p_14851.xml"
"pukwat","para_p_14852.xml"
"pukway","para_p_14853.xml"
"púl1","para_p_14854.xml"
"púl2","para_p_14855.xml"
"pula","para_p_14856.xml"
"púlak","para_p_14857.xml"
"pulákì","para_p_14858.xml"
"pulákut","para_p_14859.xml"
"pulálak, pulálay","para_p_14860.xml"
"pul-an","para_p_14861.xml"
"pulána","para_p_14862.xml"
"pulang","para_p_14863.xml"
"púlang1","para_p_14864.xml"
"púlang2","para_p_14865.xml"
"pulángì","para_p_14866.xml"
"pulangkì1","para_p_14867.xml"
"pulangkì2","para_p_14868.xml"
"pulánu","para_p_14869.xml"
"pulas, púlas","para_p_14870.xml"
"pulásik","para_p_14871.xml"
"pulaspulas","para_p_14872.xml"
"pulaw, púlaw","para_p_14873.xml"
"pulaw-as","para_p_14874.xml"
"pulay","para_p_14875.xml"
"pulaynas","para_p_14876.xml"
"pulbíra","para_p_14877.xml"
"pulbu","para_p_14878.xml"
"pulbura","para_p_14879.xml"
"pulburun","para_p_14880.xml"
"pulbus","para_p_14881.xml"
"puldir","para_p_14882.xml"
"pulgáda","para_p_14883.xml"
"pulgas","para_p_14884.xml"
"pulhawus","para_p_14885.xml"
"pulhù","para_p_14886.xml"
"puli","para_p_14887.xml"
"púli","para_p_14888.xml"
"pulída","para_p_14889.xml"
"pulídu","para_p_14890.xml"
"pulíkì","para_p_14891.xml"
"púling","para_p_14892.xml"
"pulípug","para_p_14893.xml"
"púlir","para_p_14894.xml"
"pulis","para_p_14895.xml"
"pulísa","para_p_14896.xml"
"pulitika","para_p_14897.xml"
"pulitiku","para_p_14898.xml"
"pulka","para_p_14899.xml"
"pulkas","para_p_14900.xml"
"pulkum","para_p_14901.xml"
"pulmun, pulmunya, pulmuníya","para_p_14902.xml"
"pulpitu","para_p_14903.xml"
"pulpug","para_p_14904.xml"
"pulpul","para_p_14905.xml"
"pulríra","para_p_14906.xml"
"pulsíras","para_p_14907.xml"
"pulsu","para_p_14908.xml"
"pulta","para_p_14909.xml"
"pultri","para_p_14910.xml"
"púlu1","para_p_14911.xml"
"púlu2","para_p_14912.xml"
"pulù","para_p_14913.xml"
"púlù","para_p_14914.xml"
"pulud, púlud","para_p_14915.xml"
"pulug","para_p_14916.xml"
"pulúhu","para_p_14917.xml"
"pulukuy","para_p_14918.xml"
"púlun","para_p_14919.xml"
"púlung","para_p_14920.xml"
"pul-ung","para_p_14921.xml"
"pulúris","para_p_14922.xml"
"pulus1","para_p_14923.xml"
"pulus2, púlus1","para_p_14924.xml"
"pulut","para_p_14925.xml"
"púlut","para_p_14926.xml"
"pulyitu, pulyítus","para_p_14927.xml"
"pulyu","para_p_14928.xml"
"pumáda","para_p_14929.xml"
"pumpung","para_p_14930.xml"
"púna","para_p_14931.xml"
"púnà1","para_p_14932.xml"
"púnà2","para_p_14933.xml"
"púnas","para_p_14934.xml"
"punaw","para_p_14935.xml"
"púnaw","para_p_14936.xml"
"punay, púnay1","para_p_14937.xml"
"púnay2","para_p_14938.xml"
"punda","para_p_14939.xml"
"pundadur","para_p_14940.xml"
"pundahan","para_p_14941.xml"
"pundǎr","para_p_14942.xml"
"pundasiyun","para_p_14943.xml"
"pundídu","para_p_14944.xml"
"pundilyu","para_p_14945.xml"
"pundir1","para_p_14946.xml"
"pundir2","para_p_14947.xml"
"pundíyu","para_p_14948.xml"
"pundu","para_p_14949.xml"
"punduk","para_p_14950.xml"
"pundul","para_p_14951.xml"
"pundyi","para_p_14952.xml"
"pung1","para_p_14953.xml"
"pung2, púng1","para_p_14954.xml"
"púng2","para_p_14955.xml"
"punga1","para_p_14956.xml"
"punga2","para_p_14957.xml"
"púnga","para_p_14958.xml"
"pungag, púngag","para_p_14959.xml"
"púngal","para_p_14960.xml"
"pungángu","para_p_14961.xml"
"pungàpungà","para_p_14962.xml"
"pungasì","para_p_14963.xml"
"pungdul","para_p_14964.xml"
"pungga","para_p_14965.xml"
"punggak","para_p_14966.xml"
"punggit","para_p_14967.xml"
"punggud","para_p_14968.xml"
"punggut","para_p_14969.xml"
"púngì, púngil","para_p_14970.xml"
"pungíngi","para_p_14971.xml"
"pungkay1","para_p_14972.xml"
"pungkay2","para_p_14973.xml"
"pungkù","para_p_14974.xml"
"pungkul","para_p_14975.xml"
"pungkuy","para_p_14976.xml"
"pungli","para_p_14977.xml"
"pungpung","para_p_14978.xml"
"pungpungáya","para_p_14979.xml"
"pungpung lálung","para_p_14980.xml"
"pungpung pyángaw","para_p_14981.xml"
"pungtud","para_p_14982.xml"
"pung-ul","para_p_14983.xml"
"pungun","para_p_14984.xml"
"púngus","para_p_14985.xml"
"pungut","para_p_14986.xml"
"púngut","para_p_14987.xml"
"pungyut","para_p_14988.xml"
"puni","para_p_14989.xml"
"púni","para_p_14990.xml"
"punirarya","para_p_14991.xml"
"punit","para_p_14992.xml"
"punitil","para_p_14993.xml"
"puniyal","para_p_14994.xml"
"punlas","para_p_14995.xml"
"punpal","para_p_14996.xml"
"punpun","para_p_14997.xml"
"punsi","para_p_14998.xml"
"punsísuk","para_p_14999.xml"
"punsiyun","para_p_15000.xml"
"punsiyunaryu","para_p_15001.xml"
"Punsiyu Pilátu","para_p_15002.xml"
"punsu1","para_p_15003.xml"
"punsu2","para_p_15004.xml"
"punsun","para_p_15005.xml"
"punta1","para_p_15006.xml"
"punta2","para_p_15007.xml"
"punta blangku","para_p_15008.xml"
"puntaríya","para_p_15009.xml"
"puntik","para_p_15010.xml"
"puntil","para_p_15011.xml"
"punting","para_p_15012.xml"
"puntinpin","para_p_15013.xml"
"puntiríya","para_p_15014.xml"
"puntíru","para_p_15015.xml"
"puntíyas","para_p_15016.xml"
"puntu","para_p_15017.xml"
"puntud","para_p_15018.xml"
"puntun","para_p_15019.xml"
"puntus","para_p_15020.xml"
"púnu","para_p_15021.xml"
"punù","para_p_15022.xml"
"púnù1","para_p_15023.xml"
"púnù2","para_p_15024.xml"
"punugrapu","para_p_15025.xml"
"punuk","para_p_15026.xml"
"púnung","para_p_15027.xml"
"punyal","para_p_15028.xml"
"punyímas","para_p_15029.xml"
"punyíta1","para_p_15030.xml"
"punyíta2","para_p_15031.xml"
"punyíti","para_p_15032.xml"
"punyitíra","para_p_15033.xml"
"punyitíru","para_p_15034.xml"
"punyu","para_p_15035.xml"
"punyus","para_p_15036.xml"
"púpa","para_p_15037.xml"
"pupanda","para_p_15038.xml"
"puphu","para_p_15039.xml"
"púpù","para_p_15040.xml"
"pùpù","para_p_15041.xml"
"púpug","para_p_15042.xml"
"pupular","para_p_15043.xml"
"pupulasiyun","para_p_15044.xml"
"púpus","para_p_15045.xml"
"púpuy","para_p_15046.xml"
"pupúyu","para_p_15047.xml"
"pur","para_p_15048.xml"
"pur-","para_p_15049.xml"
"purà","para_p_15050.xml"
"púrang","para_p_15051.xml"
"púras","para_p_15052.xml"
"purawundir","para_p_15053.xml"
"puray","para_p_15054.xml"
"purba","para_p_15055.xml"
"purbída","para_p_15056.xml"
"purbinggay, purbingguy, purbisgut, purbista","para_p_15057.xml"
"purbitsu","para_p_15058.xml"
"purdiyus","para_p_15059.xml"
"purga","para_p_15060.xml"
"purgáda","para_p_15061.xml"
"purgas","para_p_15062.xml"
"purgaturyu","para_p_15063.xml"
"purhan","para_p_15064.xml"
"purhisyu, purhwisyu","para_p_15065.xml"
"purigit","para_p_15066.xml"
"purikit","para_p_15067.xml"
"puríku","para_p_15068.xml"
"púril","para_p_15069.xml"
"purin","para_p_15070.xml"
"puririt","para_p_15071.xml"
"púris rindyir","para_p_15072.xml"
"purísu, pur-ísu","para_p_15073.xml"
"purk an bins","para_p_15074.xml"
"*purki","para_p_15075.xml"
"purk tsap","para_p_15076.xml"
"purlumínus","para_p_15077.xml"
"purlun","para_p_15078.xml"
"purma","para_p_15079.xml"
"purmal","para_p_15080.xml"
"purmalin, purmalína","para_p_15081.xml"
"purman","para_p_15082.xml"
"*purmidiyu","para_p_15083.xml"
"purmula","para_p_15084.xml"
"purpulyu","para_p_15085.xml"
"pursigir","para_p_15086.xml"
"*pursiakásu, pursikásu","para_p_15087.xml"
"pursilána","para_p_15088.xml"
"pursilína","para_p_15089.xml"
"pursintu","para_p_15090.xml"
"pursip","para_p_15091.xml"
"pursir","para_p_15092.xml"
"pursíras","para_p_15093.xml"
"pursisyun","para_p_15094.xml"
"pursiyintu","para_p_15095.xml"
"*pursúsu","para_p_15096.xml"
"pursyut","para_p_15097.xml"
"purtáda","para_p_15098.xml"
"purtamunída","para_p_15099.xml"
"purtintúsu","para_p_15100.xml"
"purtipayib","para_p_15101.xml"
"purtíru","para_p_15102.xml"
"purtis","para_p_15103.xml"
"purtúna","para_p_15104.xml"
"púru1","para_p_15105.xml"
"púru2","para_p_15106.xml"
"puruhan","para_p_15107.xml"
"púruk","para_p_15108.xml"
"purúkù","para_p_15109.xml"
"purul","para_p_15110.xml"
"purung, púrung","para_p_15111.xml"
"purus, púrus","para_p_15112.xml"
"puruspurus","para_p_15113.xml"
"purward1","para_p_15114.xml"
"purward2","para_p_15115.xml"
"purya","para_p_15116.xml"
"puryut","para_p_15117.xml"
"pús1","para_p_15118.xml"
"pús2","para_p_15119.xml"
"pusà","para_p_15120.xml"
"pusak, púsak","para_p_15121.xml"
"pusamánu","para_p_15122.xml"
"púsas","para_p_15123.xml"
"pusaw","para_p_15124.xml"
"pus-aw","para_p_15125.xml"
"pusbútun","para_p_15126.xml"
"pusdak","para_p_15127.xml"
"pusdù","para_p_15128.xml"
"pusgay","para_p_15129.xml"
"pusgù","para_p_15130.xml"
"pusibilidad","para_p_15131.xml"
"pusibli","para_p_15132.xml"
"pusil","para_p_15133.xml"
"púsing","para_p_15134.xml"
"pusísit","para_p_15135.xml"
"pusisiyun","para_p_15136.xml"
"pusit","para_p_15137.xml"
"pusitib","para_p_15138.xml"
"pusitíbu","para_p_15139.xml"
"pusiyun","para_p_15140.xml"
"puskay","para_p_15141.xml"
"pusmastir","para_p_15142.xml"
"pusngà","para_p_15143.xml"
"puspas","para_p_15144.xml"
"puspun","para_p_15145.xml"
"puspuru","para_p_15146.xml"
"puspus","para_p_15147.xml"
"puspuygu","para_p_15148.xml"
"pusta","para_p_15149.xml"
"pustal","para_p_15150.xml"
"pusti","para_p_15151.xml"
"pustir","para_p_15152.xml"
"pustísu","para_p_15153.xml"
"pustmastir","para_p_15154.xml"
"pustri1","para_p_15155.xml"
"pustri2","para_p_15156.xml"
"pust-úpis","para_p_15157.xml"
"pustúra","para_p_15158.xml"
"púsu","para_p_15159.xml"
"púsù","para_p_15160.xml"
"púsud","para_p_15161.xml"
"pus-un","para_p_15162.xml"
"púsung","para_p_15163.xml"
"pus-úpis","para_p_15164.xml"
"pusut","para_p_15165.xml"
"put","para_p_15166.xml"
"pút","para_p_15167.xml"
"púta1","para_p_15168.xml"
"púta2","para_p_15169.xml"
"*putablis","para_p_15170.xml"
"pútad","para_p_15171.xml"
"putáhi","para_p_15172.xml"
"putak","para_p_15173.xml"
"putaputa","para_p_15174.xml"
"putbul","para_p_15175.xml"
"puthaw","para_p_15176.xml"
"púti","para_p_15177.xml"
"putì","para_p_15178.xml"
"putik","para_p_15179.xml"
"putikar","para_p_15180.xml"
"púting","para_p_15181.xml"
"pútis","para_p_15182.xml"
"putítu tri","para_p_15183.xml"
"putlì","para_p_15184.xml"
"putput1","para_p_15185.xml"
"putput2","para_p_15186.xml"
"putput3","para_p_15187.xml"
"putris","para_p_15188.xml"
"putru","para_p_15189.xml"
"putsíru","para_p_15190.xml"
"pútu1","para_p_15191.xml"
"pútu2","para_p_15192.xml"
"pútù","para_p_15193.xml"
"putud","para_p_15194.xml"
"putugrapiku","para_p_15195.xml"
"putugrapu","para_p_15196.xml"
"putuk","para_p_15197.xml"
"pútuk","para_p_15198.xml"
"put-uk","para_p_15199.xml"
"putukputuk","para_p_15200.xml"
"putul","para_p_15201.xml"
"putung","para_p_15202.xml"
"pútung","para_p_15203.xml"
"put-ung","para_p_15204.xml"
"putuputu","para_p_15205.xml"
"putus","para_p_15206.xml"
"putustǎt","para_p_15207.xml"
"putut","para_p_15208.xml"
"pútut1","para_p_15209.xml"
"pútut2","para_p_15210.xml"
"putyúkan","para_p_15211.xml"
"púu","para_p_15212.xml"
"púuk","para_p_15213.xml"
"puul","para_p_15214.xml"
"púung","para_p_15215.xml"
"púut","para_p_15216.xml"
"puwa-","para_p_15217.xml"
"puwak","para_p_15218.xml"
"puwi","para_p_15219.xml"
"puwi-","para_p_15220.xml"
"púwin, púwint","para_p_15221.xml"
"puwis","para_p_15222.xml"
"puwit","para_p_15223.xml"
"puwíta","para_p_15224.xml"
"puya","para_p_15225.xml"
"puyasut","para_p_15226.xml"
"púyat","para_p_15227.xml"
"puyay","para_p_15228.xml"
"puydi","para_p_15229.xml"
"puydut","para_p_15230.xml"
"puygu","para_p_15231.xml"
"puyit","para_p_15232.xml"
"puypuy","para_p_15233.xml"
"puyra","para_p_15234.xml"
"puyrut","para_p_15235.xml"
"puyu","para_p_15236.xml"
"púyu","para_p_15237.xml"
"puyù","para_p_15238.xml"
"púyù","para_p_15239.xml"
"puyuk1","para_p_15240.xml"
"púyung","para_p_15241.xml"
"púyus","para_p_15242.xml"
"puy-us","para_p_15243.xml"
"pwí, pwì","para_p_15244.xml"
"pwídi","para_p_15245.xml"
"pwintsitya","para_p_15246.xml"
"pwinti1","para_p_15247.xml"
"pwinti2","para_p_15248.xml"
"pwíra","para_p_15249.xml"
"pwirsa","para_p_15250.xml"
"pwirta1","para_p_15251.xml"
"pwirta2","para_p_15252.xml"
"pwirti","para_p_15253.xml"
"pwirtu1","para_p_15254.xml"
"pwirtu2","para_p_15255.xml"
"pwís","para_p_15256.xml"
"pwistu","para_p_15257.xml"
"pyádu","para_p_15258.xml"
"pyahuk, pyáhuk","para_p_15259.xml"
"pyáit","para_p_15260.xml"
"pyakpak","para_p_15261.xml"
"pyamríra","para_p_15262.xml"
"pyangà","para_p_15263.xml"
"pyangaw","para_p_15264.xml"
"pyangguy","para_p_15265.xml"
"pyanghaw","para_p_15266.xml"
"pyanguk","para_p_15267.xml"
"pyangut","para_p_15268.xml"
"pyanista","para_p_15269.xml"
"pyansa","para_p_15270.xml"
"pyánu","para_p_15271.xml"
"pyanúnu","para_p_15272.xml"
"pyapi","para_p_15273.xml"
"pyápi2","para_p_15274.xml"
"pyásà","para_p_15275.xml"
"pyásat","para_p_15276.xml"
"pyasut","para_p_15277.xml"
"pyaus1, pyáus1","para_p_15278.xml"
"pyaus2, pyáus2","para_p_15279.xml"
"pyí","para_p_15280.xml"
"pyimríra","para_p_15281.xml"
"pyirdi","para_p_15282.xml"
"pyirdigána","para_p_15283.xml"
"pyirnu","para_p_15284.xml"
"pyís","para_p_15285.xml"
"pyísa","para_p_15286.xml"
"pyista","para_p_15287.xml"
"pyunggut","para_p_15288.xml"
"pyungkù","para_p_15289.xml"
"pyungkut","para_p_15290.xml"
"pyúr","para_p_15291.xml"
"pyuríya","para_p_15292.xml"
"pyúrus","para_p_15293.xml"
"pyuus, pyúus","para_p_15294.xml"
"ra","para_r_15295.xml"
"rabana","para_r_15296.xml"
"rabanit","para_r_15297.xml"
"rabanus","para_r_15298.xml"
"rabatikung","para_r_15299.xml"
"*rábir","para_r_15300.xml"
"rábis","para_r_15301.xml"
"rábit","para_r_15302.xml"
"rábuls","para_r_15303.xml"
"rabunit","para_r_15304.xml"
"radar, rádar","para_r_15305.xml"
"radikal","para_r_15306.xml"
"rádis","para_r_15307.xml"
"radiyu","para_r_15308.xml"
"radya","para_r_15309.xml"
"radyaw","para_r_15310.xml"
"rágid","para_r_15311.xml"
"ráha1","para_r_15312.xml"
"ráha2","para_r_15313.xml"
"rak-an rúl","para_r_15314.xml"
"rak-in rúl","para_r_15315.xml"
"rákit1","para_r_15316.xml"
"rákit2","para_r_15317.xml"
"rákit3","para_r_15318.xml"
"rakrak","para_r_15319.xml"
"rám","para_r_15320.xml"
"ráma","para_r_15321.xml"
"rambul1","para_r_15322.xml"
"rambul2","para_r_15323.xml"
"rami1","para_r_15324.xml"
"rami2, rámi","para_r_15325.xml"
"rámids sil","para_r_15326.xml"
"*ramus","para_r_15327.xml"
"rán","para_r_15328.xml"
"ran-abáwut","para_r_15329.xml"
"ranggu","para_r_15330.xml"
"ráning","para_r_15331.xml"
"ráning burd","para_r_15332.xml"
"ransiyu1","para_r_15333.xml"
"ransiyu2","para_r_15334.xml"
"ransu1","para_r_15335.xml"
"ransu2","para_r_15336.xml"
"rantsu","para_r_15337.xml"
"ranwi","para_r_15338.xml"
"rapal","para_r_15339.xml"
"rapdrap","para_r_15340.xml"
"rapidu","para_r_15341.xml"
"rápir","para_r_15342.xml"
"rás","para_r_15343.xml"
"rása","para_r_15344.xml"
"rásak","para_r_15345.xml"
"rasiyun","para_r_15346.xml"
"raspa1","para_r_15347.xml"
"raspa2","para_r_15348.xml"
"rasun","para_r_15349.xml"
"ratatat","para_r_15350.xml"
"ratipikar","para_r_15351.xml"
"ratsáda","para_r_15352.xml"
"ratsar","para_r_15353.xml"
"*rátu","para_r_15354.xml"
"rauk","para_r_15355.xml"
"raw","para_r_15356.xml"
"rawraw","para_r_15357.xml"
"rawun, ráwun","para_r_15358.xml"
"*rawundir","para_r_15359.xml"
"ráya","para_r_15360.xml"
"rayadilyu","para_r_15361.xml"
"rayban","para_r_15362.xml"
"rayit han","para_r_15363.xml"
"rayit huk","para_r_15364.xml"
"rayna","para_r_15365.xml"
"ráyu íkis, rayuiks","para_r_15366.xml"
"rayúma","para_r_15367.xml"
"ráyus1","para_r_15368.xml"
"ráyus2","para_r_15369.xml"
"ráyus íkis","para_r_15370.xml"
"ráyut","para_r_15371.xml"
"Rdu.","para_r_15372.xml"
"ri1","para_r_15373.xml"
"ri2","para_r_15374.xml"
"riaksiyun","para_r_15375.xml"
"riay","para_r_15376.xml"
"Rib.","para_r_15377.xml"
"ribáha","para_r_15378.xml"
"ríbal","para_r_15379.xml"
"ribansa, ribansin","para_r_15380.xml"
"ribáwun","para_r_15381.xml"
"ribildi","para_r_15382.xml"
"ribilyun","para_r_15383.xml"
"ribintadur1","para_r_15384.xml"
"ribintadur2","para_r_15385.xml"
"ribirb","para_r_15386.xml"
"Ribirindu","para_r_15387.xml"
"ribisar","para_r_15388.xml"
"ribisiyun","para_r_15389.xml"
"ribista","para_r_15390.xml"
"ribíti","para_r_15391.xml"
"ribulbir, ribulbǐr","para_r_15392.xml"
"ribultu","para_r_15393.xml"
"ribulusiyun","para_r_15394.xml"
"ríbun","para_r_15395.xml"
"ribunit","para_r_15396.xml"
"ribyú","para_r_15397.xml"
"ríd","para_r_15398.xml"
"rid drágun","para_r_15399.xml"
"ridhart","para_r_15400.xml"
"rídi","para_r_15401.xml"
"ridiskwintu","para_r_15402.xml"
"ridiyu upirítur","para_r_15403.xml"
"rid karpit","para_r_15404.xml"
"rid krus","para_r_15405.xml"
"ridyistǐr","para_r_15406.xml"
"ridyistir-ub dids, ridyistir-up dids","para_r_15407.xml"
"ridyun","para_r_15408.xml"
"ridyǔs","para_r_15409.xml"
"*ridyuyridyǔy","para_r_15410.xml"
"rigadíra, rigadur, rigadúra","para_r_15411.xml"
"rigálu","para_r_15412.xml"
"rigla","para_r_15413.xml"
"rigudun","para_r_15414.xml"
"rigul","para_r_15415.xml"
"rigular","para_r_15416.xml"
"rigulasiyun","para_r_15417.xml"
"rigur","para_r_15418.xml"
"rigyular","para_r_15419.xml"
"ríhas","para_r_15420.xml"
"*rihistráda","para_r_15421.xml"
"rihistrǎr","para_r_15422.xml"
"rihistru","para_r_15423.xml"
"rihiyunal","para_r_15424.xml"
"riiliksiyunista","para_r_15425.xml"
"rík","para_r_15426.xml"
"rikábir","para_r_15427.xml"
"rikádu","para_r_15428.xml"
"rikap","para_r_15429.xml"
"rikargu","para_r_15430.xml"
"ríkim","para_r_15431.xml"
"rikísa","para_r_15432.xml"
"rikisisiyun","para_r_15433.xml"
"rikisíta, rikisítas, rikisítus","para_r_15434.xml"
"rikiyim","para_r_15435.xml"
"riklamadur","para_r_15436.xml"
"riklamasiyun","para_r_15437.xml"
"riklámu","para_r_15438.xml"
"rikrak","para_r_15439.xml"
"rikta","para_r_15440.xml"
"riktanggul, riktanggulu","para_r_15441.xml"
"riktu1","para_r_15442.xml"
"riktu2","para_r_15443.xml"
"riktur","para_r_15444.xml"
"rikúbir","para_r_15445.xml"
"rikúdu","para_r_15446.xml"
"rikúla","para_r_15447.xml"
"rikulúta1","para_r_15448.xml"
"rikulúta2","para_r_15449.xml"
"rikumindǎr","para_r_15450.xml"
"rikunsidirasiyun","para_r_15451.xml"
"rikunusir","para_r_15452.xml"
"ríkurd","para_r_15453.xml"
"rikurída, rikurídas","para_r_15454.xml"
"*rikursus naturális","para_r_15455.xml"
"rikwirdu","para_r_15456.xml"
"rikwisasiyun","para_r_15457.xml"
"rikwisisiyun, rikwisisyun","para_r_15458.xml"
"rikwisítus","para_r_15459.xml"
"rilak, rilaks","para_r_15460.xml"
"rilansi","para_r_15461.xml"
"rilasiyun","para_r_15462.xml"
"rilíbu","para_r_15463.xml"
"rilidyun","para_r_15464.xml"
"rilihiyun","para_r_15465.xml"
"rilihiyúsa","para_r_15466.xml"
"rilihiyúsu","para_r_15467.xml"
"rilikaryu","para_r_15468.xml"
"rilikyas","para_r_15469.xml"
"rilip","para_r_15470.xml"
"rilis1","para_r_15471.xml"
"rilis2, rílis","para_r_15472.xml"
"rilisiyun","para_r_15473.xml"
"rilu","para_r_15474.xml"
"rilus","para_r_15475.xml"
"rilyíbu","para_r_15476.xml"
"rilyínu","para_r_15477.xml"
"rím","para_r_15478.xml"
"ríma","para_r_15479.xml"
"rímas","para_r_15480.xml"
"rimatádu","para_r_15481.xml"
"rimáti1","para_r_15482.xml"
"rimáti2","para_r_15483.xml"
"rimatsi","para_r_15484.xml"
"rimidiyu","para_r_15485.xml"
"rimin","para_r_15486.xml"
"rímu","para_r_15487.xml"
"rimulatsa","para_r_15488.xml"
"rimurki1","para_r_15489.xml"
"rimurki2","para_r_15490.xml"
"rimut kuntrul","para_r_15491.xml"
"rína","para_r_15492.xml"
"rinda","para_r_15493.xml"
"rindǐr","para_r_15494.xml"
"rindyir","para_r_15495.xml"
"ring","para_r_15496.xml"
"ríng","para_r_15497.xml"
"ringgíru","para_r_15498.xml"
"ringlis","para_r_15499.xml"
"rinigar","para_r_15500.xml"
"rintas","para_r_15501.xml"
"rinyun","para_r_15502.xml"
"RIP","para_r_15503.xml"
"rip.","para_r_15504.xml"
"ríp","para_r_15505.xml"
"rípa","para_r_15506.xml"
"ripan","para_r_15507.xml"
"riparasiyun","para_r_15508.xml"
"ripásu","para_r_15509.xml"
"ripíki","para_r_15510.xml"
"ripílint","para_r_15511.xml"
"ripinádu","para_r_15512.xml"
"ripir","para_r_15513.xml"
"ripiri","para_r_15514.xml"
"ripitir","para_r_15515.xml"
"ripitisiyun","para_r_15516.xml"
"riplǎn","para_r_15517.xml"
"ripli","para_r_15518.xml"
"riplí","para_r_15519.xml"
"ripliksiyun","para_r_15520.xml"
"ripliktur","para_r_15521.xml"
"riprǎn","para_r_15522.xml"
"ripridyirítur","para_r_15523.xml"
"riprisintǎr","para_r_15524.xml"
"riprisintasiyun2","para_r_15525.xml"
"riprisku","para_r_15526.xml"
"riprismin, riprismint","para_r_15527.xml"
"ripublika","para_r_15528.xml"
"ripulyu","para_r_15529.xml"
"ripurt","para_r_15530.xml"
"rirayit","para_r_15531.xml"
"*risáda","para_r_15532.xml"
"Risal","para_r_15533.xml"
"risáyin","para_r_15534.xml"
"risáyit","para_r_15535.xml"
"risaytal","para_r_15536.xml"
"risgu","para_r_15537.xml"
"risibi","para_r_15538.xml"
"risíbu","para_r_15539.xml"
"risidídu","para_r_15540.xml"
"risidins","para_r_15541.xml"
"risidin sirtipikit","para_r_15542.xml"
"risidinsiya","para_r_15543.xml"
"risikáda","para_r_15544.xml"
"risíku","para_r_15545.xml"
"risintǎr","para_r_15546.xml"
"risipi","para_r_15547.xml"
"rísir","para_r_15548.xml"
"risirba","para_r_15549.xml"
"risis","para_r_15550.xml"
"risistinsiya","para_r_15551.xml"
"risíta","para_r_15552.xml"
"risma","para_r_15553.xml"
"rispitar","para_r_15554.xml"
"rispítu","para_r_15555.xml"
"rispundi","para_r_15556.xml"
"rispunsabli","para_r_15557.xml"
"rispunsabilidad, rispunsibilidad","para_r_15558.xml"
"rispunsu","para_r_15559.xml"
"rista","para_r_15560.xml"
"ristanti","para_r_15561.xml"
"ristǎr","para_r_15562.xml"
"ristawran","para_r_15563.xml"
"risulta","para_r_15564.xml"
"risulusiyun","para_r_15565.xml"
"risuriksiyun","para_r_15566.xml"
"ritásu","para_r_15567.xml"
"ritatsir","para_r_15568.xml"
"ritáyir","para_r_15569.xml"
"rítim","para_r_15570.xml"
"ríting","para_r_15571.xml"
"ritíra","para_r_15572.xml"
"ritmu","para_r_15573.xml"
"ritratar","para_r_15574.xml"
"ritrátu","para_r_15575.xml"
"ritrít","para_r_15576.xml"
"ritríta","para_r_15577.xml"
"ritru di-","para_r_15578.xml"
"ritrúku","para_r_15579.xml"
"ritubáda","para_r_15580.xml"
"ritubádu","para_r_15581.xml"
"ritubar","para_r_15582.xml"
"ritukadur","para_r_15583.xml"
"ritúki","para_r_15584.xml"
"riturn báwut","para_r_15585.xml"
"riurganisar","para_r_15586.xml"
"riyal1","para_r_15587.xml"
"riyal2","para_r_15588.xml"
"riyal3","para_r_15589.xml"
"riyal istít","para_r_15590.xml"
"riyúma","para_r_15591.xml"
"riyumatismu","para_r_15592.xml"
"riyunyun","para_r_15593.xml"
"RPS /arpíis/","para_r_15594.xml"
"rubar","para_r_15595.xml"
"rubi","para_r_15596.xml"
"rublis","para_r_15597.xml"
"rúbu","para_r_15598.xml"
"rúbut","para_r_15599.xml"
"rud-aylan","para_r_15600.xml"
"rúgi","para_r_15601.xml"
"rúl1","para_r_15602.xml"
"rúl2","para_r_15603.xml"
"rúling1","para_r_15604.xml"
"*rúling2","para_r_15605.xml"
"rúlir","para_r_15606.xml"
"rulíta","para_r_15607.xml"
"rulkul","para_r_15608.xml"
"rulpad","para_r_15609.xml"
"rulyu1","para_r_15610.xml"
"rulyu2","para_r_15611.xml"
"rulyista","para_r_15612.xml"
"rúmi","para_r_15613.xml"
"rúma","para_r_15614.xml"
"Rumanista","para_r_15615.xml"
"rúmans","para_r_15616.xml"
"rumansa","para_r_15617.xml"
"rumantika","para_r_15618.xml"
"rumantiku","para_r_15619.xml"
"Rumánu","para_r_15620.xml"
"rumba","para_r_15621.xml"
"rumblun","para_r_15622.xml"
"rumbu","para_r_15623.xml"
"rumíru","para_r_15624.xml"
"rumlun","para_r_15625.xml"
"rumpi","para_r_15626.xml"
"run","para_r_15627.xml"
"runda","para_r_15628.xml"
"rundalya","para_r_15629.xml"
"rúng","para_r_15630.xml"
"rungkilyu","para_r_15631.xml"
"runíyu","para_r_15632.xml"
"rup gardin","para_r_15633.xml"
"rúral","para_r_15634.xml"
"rús","para_r_15635.xml"
"rúsa","para_r_15636.xml"
"rusal","para_r_15637.xml"
"rusaryu","para_r_15638.xml"
"rúsas","para_r_15639.xml"
"rusítas","para_r_15640.xml"
"ruska","para_r_15641.xml"
"ruskilyus","para_r_15642.xml"
"Rúsu","para_r_15643.xml"
"rúta","para_r_15644.xml"
"rutisiyun","para_r_15645.xml"
"rutunda","para_r_15646.xml"
"rúyal","para_r_15647.xml"
"ruyda","para_r_15648.xml"
"sa1","para_s_15649.xml"
"sa2","para_s_15650.xml"
"sā́","para_s_15651.xml"
"sà","para_s_15652.xml"
"sâ","para_s_15653.xml"
"sáa","para_s_15654.xml"
"sáad","para_s_15655.xml"
"saag","para_s_15656.xml"
"sáag","para_s_15657.xml"
"saang","para_s_15658.xml"
"sab","para_s_15659.xml"
"sáb","para_s_15660.xml"
"sábà","para_s_15661.xml"
"sab-a","para_s_15662.xml"
"sabad","para_s_15663.xml"
"sabadista","para_s_15664.xml"
"Sabadu","para_s_15665.xml"
"sab-ag1","para_s_15666.xml"
"sab-ag2","para_s_15667.xml"
"sábak1","para_s_15668.xml"
"sábak2","para_s_15669.xml"
"sábal","para_s_15670.xml"
"sabana","para_s_15671.xml"
"sabang, sábang","para_s_15672.xml"
"Sábas","para_s_15673.xml"
"sabat","para_s_15674.xml"
"sabaw","para_s_15675.xml"
"sabay1","para_s_15676.xml"
"sabay2","para_s_15677.xml"
"sábay1","para_s_15678.xml"
"sábay2","para_s_15679.xml"
"sab-ay","para_s_15680.xml"
"sabdyik","para_s_15681.xml"
"sabid","para_s_15682.xml"
"*sabikil","para_s_15683.xml"
"sabilay, sab-ilay","para_s_15684.xml"
"sabin","para_s_15685.xml"
"sab-it","para_s_15686.xml"
"sablag","para_s_15687.xml"
"sablaw","para_s_15688.xml"
"sablay","para_s_15689.xml"
"sabli","para_s_15690.xml"
"sablig","para_s_15691.xml"
"sabluk","para_s_15692.xml"
"sabnit","para_s_15693.xml"
"sabsab","para_s_15694.xml"
"sabud1","para_s_15695.xml"
"sábud2","para_s_15696.xml"
"sabug, sábug","para_s_15697.xml"
"sábul","para_s_15698.xml"
"sabúlag","para_s_15699.xml"
"sabúlak","para_s_15700.xml"
"sabun","para_s_15701.xml"
"sábung","para_s_15702.xml"
"sab-ung","para_s_15703.xml"
"saburnu","para_s_15704.xml"
"sabut","para_s_15705.xml"
"sabutáhi","para_s_15706.xml"
"sabúwak","para_s_15707.xml"
"sábuy","para_s_15708.xml"
"sab-uy","para_s_15709.xml"
"sabwag","para_s_15710.xml"
"sabyag","para_s_15711.xml"
"sabyu","para_s_15712.xml"
"sabyuk","para_s_15713.xml"
"sad","para_s_15714.xml"
"sád","para_s_15715.xml"
"sad-ang1","para_s_15716.xml"
"sad-ang2","para_s_15717.xml"
"sad-ay","para_s_15718.xml"
"sadiyà","para_s_15719.xml"
"sadlayin","para_s_15720.xml"
"sadsad","para_s_15721.xml"
"sadsarun","para_s_15722.xml"
"sadtu","para_s_15723.xml"
"saduk","para_s_15724.xml"
"sad-ung1","para_s_15725.xml"
"*sad-ung2","para_s_15726.xml"
"sadyap","para_s_15727.xml"
"sā́g","para_s_15728.xml"
"ságà","para_s_15729.xml"
"sagábal","para_s_15730.xml"
"sagábay","para_s_15731.xml"
"ságad1","para_s_15732.xml"
"*ságad2 sagdi","para_s_15733.xml"
"sagadsad","para_s_15734.xml"
"sagahid1","para_s_15735.xml"
"sagahid2","para_s_15736.xml"
"sagákang","para_s_15737.xml"
"sagákay","para_s_15738.xml"
"sagalak","para_s_15739.xml"
"sagalsal","para_s_15740.xml"
"sagang","para_s_15741.xml"
"sag-ang1","para_s_15742.xml"
"sagangat","para_s_15743.xml"
"sagangsang","para_s_15744.xml"
"sagansal","para_s_15745.xml"
"ságap","para_s_15746.xml"
"sagapsap1","para_s_15747.xml"
"sagapsap2","para_s_15748.xml"
"sagarat, sagárat","para_s_15749.xml"
"sagàsà1","para_s_15750.xml"
"sagàsà2","para_s_15751.xml"
"sagatà","para_s_15752.xml"
"sagay","para_s_15753.xml"
"ságay","para_s_15754.xml"
"sagáyad","para_s_15755.xml"
"sagaysay","para_s_15756.xml"
"sagbat","para_s_15757.xml"
"sagbay","para_s_15758.xml"
"sagbuk","para_s_15759.xml"
"sagbut","para_s_15760.xml"
"saghid","para_s_15761.xml"
"ságib1","para_s_15762.xml"
"ságib2","para_s_15763.xml"
"sagíbu","para_s_15764.xml"
"sagidsid","para_s_15765.xml"
"sag-ilay","para_s_15766.xml"
"sagílit","para_s_15767.xml"
"ságing","para_s_15768.xml"
"sagiput","para_s_15769.xml"
"sagip-ut","para_s_15770.xml"
"sagírit","para_s_15771.xml"
"sagísag","para_s_15772.xml"
"sagisi","para_s_15773.xml"
"sagitsit","para_s_15774.xml"
"sagiwsiw","para_s_15775.xml"
"sagka","para_s_15776.xml"
"sagmukù","para_s_15777.xml"
"sagmúkuy","para_s_15778.xml"
"sagmun1","para_s_15779.xml"
"sagmun2","para_s_15780.xml"
"sagmuyù","para_s_15781.xml"
"sagnunut","para_s_15782.xml"
"sagpà","para_s_15783.xml"
"sagpang","para_s_15784.xml"
"sagpù","para_s_15785.xml"
"*sagráda","para_s_15786.xml"
"sagrádu","para_s_15787.xml"
"sagu1","para_s_15788.xml"
"sagu2","para_s_15789.xml"
"sag-ū́","para_s_15790.xml"
"sagū̀","para_s_15791.xml"
"sag-ub","para_s_15792.xml"
"sagubang","para_s_15793.xml"
"sagud","para_s_15794.xml"
"ságud","para_s_15795.xml"
"sagudsud","para_s_15796.xml"
"saguksuk","para_s_15797.xml"
"sagúkum","para_s_15798.xml"
"sagukuy","para_s_15799.xml"
"ságul","para_s_15800.xml"
"sag-úlu","para_s_15801.xml"
"sagumáyun","para_s_15802.xml"
"sagum-ut","para_s_15803.xml"
"sagungsung","para_s_15804.xml"
"sagúngut","para_s_15805.xml"
"sagunsun","para_s_15806.xml"
"sagunting","para_s_15807.xml"
"saguntù","para_s_15808.xml"
"sagup","para_s_15809.xml"
"sagúran","para_s_15810.xml"
"ságut","para_s_15811.xml"
"sagutsut","para_s_15812.xml"
"sagutsutun1","para_s_15813.xml"
"sagutsutun2","para_s_15814.xml"
"saguy","para_s_15815.xml"
"saguysuy","para_s_15816.xml"
"sagúyud","para_s_15817.xml"
"sagyad","para_s_15818.xml"
"sáhà","para_s_15819.xml"
"sahì","para_s_15820.xml"
"sáhì","para_s_15821.xml"
"sáhid","para_s_15822.xml"
"sahù","para_s_15823.xml"
"sáhù","para_s_15824.xml"
"sáhug","para_s_15825.xml"
"sahuy","para_s_15826.xml"
"sái, sáin","para_s_15827.xml"
"saka","para_s_15828.xml"
"sakáang","para_s_15829.xml"
"sakab","para_s_15830.xml"
"sak-absurbir","para_s_15831.xml"
"sak-ang","para_s_15832.xml"
"sakapi, sakapì","para_s_15833.xml"
"sakar","para_s_15834.xml"
"sakat","para_s_15835.xml"
"sakáti","para_s_15836.xml"
"sakay","para_s_15837.xml"
"sakbang","para_s_15838.xml"
"sakbat","para_s_15839.xml"
"sakbit","para_s_15840.xml"
"sakbut","para_s_15841.xml"
"sakdap","para_s_15842.xml"
"sakdaw","para_s_15843.xml"
"sakdup","para_s_15844.xml"
"sakgaw","para_s_15845.xml"
"sakgum","para_s_15846.xml"
"sákir","para_s_15847.xml"
"sakit","para_s_15848.xml"
"sákit","para_s_15849.xml"
"sakíyu","para_s_15850.xml"
"saklaw","para_s_15851.xml"
"saklit","para_s_15852.xml"
"saklub1","para_s_15853.xml"
"saklub2","para_s_15854.xml"
"saklut","para_s_15855.xml"
"sakmal","para_s_15856.xml"
"sakmit","para_s_15857.xml"
"sakna, saknà","para_s_15858.xml"
"saknib","para_s_15859.xml"
"saknit","para_s_15860.xml"
"sakpaw","para_s_15861.xml"
"sakramintu","para_s_15862.xml"
"sakrilihiyu","para_s_15863.xml"
"sakripisyu","para_s_15864.xml"
"sakris","para_s_15865.xml"
"sakristan","para_s_15866.xml"
"sakristíya","para_s_15867.xml"
"saks","para_s_15868.xml"
"saksak1","para_s_15869.xml"
"saksak2","para_s_15870.xml"
"saksak3","para_s_15871.xml"
"saksak4","para_s_15872.xml"
"saksi","para_s_15873.xml"
"saksupun","para_s_15874.xml"
"saktu","para_s_15875.xml"
"sáku1","para_s_15876.xml"
"sáku2","para_s_15877.xml"
"sakù","para_s_15878.xml"
"sákù","para_s_15879.xml"
"sakub","para_s_15880.xml"
"sákul","para_s_15881.xml"
"sakum","para_s_15882.xml"
"sakung","para_s_15883.xml"
"sakup1","para_s_15884.xml"
"sakup","para_s_15885.xml"
"sakup3","para_s_15886.xml"
"sákut","para_s_15887.xml"
"sakuting","para_s_15888.xml"
"sakúung","para_s_15889.xml"
"sakwat","para_s_15890.xml"
"sakyab","para_s_15891.xml"
"sakyud","para_s_15892.xml"
"sála1","para_s_15893.xml"
"sála2","para_s_15894.xml"
"salà","para_s_15895.xml"
"*sálà1, salà","para_s_15896.xml"
"sálà2","para_s_15897.xml"
"saláag","para_s_15898.xml"
"sálab","para_s_15899.xml"
"salában","para_s_15900.xml"
"salabat","para_s_15901.xml"
"salábay","para_s_15902.xml"
"sálad1","para_s_15903.xml"
"sálad2","para_s_15904.xml"
"sálag","para_s_15905.xml"
"salagmà","para_s_15906.xml"
"salagsag","para_s_15907.xml"
"salag-un","para_s_15908.xml"
"salagunting","para_s_15909.xml"
"salahid","para_s_15910.xml"
"salak","para_s_15911.xml"
"sálak","para_s_15912.xml"
"sal-ak","para_s_15913.xml"
"salakut","para_s_15914.xml"
"salamà","para_s_15915.xml"
"salamabit, salamabits","para_s_15916.xml"
"salamangka","para_s_15917.xml"
"salámat","para_s_15918.xml"
"salámi","para_s_15919.xml"
"salamin, salaming","para_s_15920.xml"
"salampáti","para_s_15921.xml"
"salan","para_s_15922.xml"
"sálan","para_s_15923.xml"
"salánap","para_s_15924.xml"
"sal-ang","para_s_15925.xml"
"salánga","para_s_15926.xml"
"salangásag","para_s_15927.xml"
"salangásang","para_s_15928.xml"
"salangkap","para_s_15929.xml"
"salantà","para_s_15930.xml"
"salapang","para_s_15931.xml"
"salapat","para_s_15932.xml"
"salapáti","para_s_15933.xml"
"salápi","para_s_15934.xml"
"salapì","para_s_15935.xml"
"salápid","para_s_15936.xml"
"salapsap","para_s_15937.xml"
"salapwang","para_s_15938.xml"
"salapyaw","para_s_15939.xml"
"sálas","para_s_15940.xml"
"salasa1","para_s_15941.xml"
"salasa2","para_s_15942.xml"
"sálat","para_s_15943.xml"
"salátan","para_s_15944.xml"
"saláud","para_s_15945.xml"
"salawákì","para_s_15946.xml"
"salawásid","para_s_15947.xml"
"salay","para_s_15948.xml"
"salaysalay","para_s_15949.xml"
"salba","para_s_15950.xml"
"salbabída","para_s_15951.xml"
"salbadur","para_s_15952.xml"
"salbáhis","para_s_15953.xml"
"salbǎr","para_s_15954.xml"
"salbáru1","para_s_15955.xml"
"salbáru2","para_s_15956.xml"
"salbasiyun","para_s_15957.xml"
"salbid, salbids","para_s_15958.xml"
"salbu","para_s_15959.xml"
"salga","para_s_15960.xml"
"salgu","para_s_15961.xml"
"sáli","para_s_15962.xml"
"saliabgaw","para_s_15963.xml"
"saliat","para_s_15964.xml"
"saliay","para_s_15965.xml"
"salibadyaw","para_s_15966.xml"
"salibag","para_s_15967.xml"
"salibagyaw","para_s_15968.xml"
"salibagyu","para_s_15969.xml"
"salibay","para_s_15970.xml"
"salib-ay","para_s_15971.xml"
"salíbu","para_s_15972.xml"
"salibut","para_s_15973.xml"
"salibutbut","para_s_15974.xml"
"salída1","para_s_15975.xml"
"salída2","para_s_15976.xml"
"salid-ay","para_s_15977.xml"
"salidsid","para_s_15978.xml"
"sálig","para_s_15979.xml"
"sal-ig","para_s_15980.xml"
"salig-ay","para_s_15981.xml"
"saligbay","para_s_15982.xml"
"salihukngaw","para_s_15983.xml"
"salíid","para_s_15984.xml"
"salíit","para_s_15985.xml"
"salik","para_s_15986.xml"
"salíku","para_s_15987.xml"
"salikubkub","para_s_15988.xml"
"salikwaut","para_s_15989.xml"
"salikway","para_s_15990.xml"
"salikyat","para_s_15991.xml"
"salikyaub","para_s_15992.xml"
"salíli","para_s_15993.xml"
"salimagaw, salimágaw","para_s_15994.xml"
"salimbágat","para_s_15995.xml"
"salimbángun","para_s_15996.xml"
"salimbung","para_s_15997.xml"
"salimpúkut","para_s_15998.xml"
"salimuang","para_s_15999.xml"
"salin","para_s_16000.xml"
"salindánaw","para_s_16001.xml"
"salindrun","para_s_16002.xml"
"salindut","para_s_16003.xml"
"salindyǐr","para_s_16004.xml"
"sal-ing","para_s_16005.xml"
"salingawa","para_s_16006.xml"
"salingay1","para_s_16007.xml"
"salingay2","para_s_16008.xml"
"saling-ay","para_s_16009.xml"
"salinggáay","para_s_16010.xml"
"salinggáway","para_s_16011.xml"
"salinggúkud","para_s_16012.xml"
"saling-it","para_s_16013.xml"
"salingkápaw1","para_s_16014.xml"
"salingkápaw2","para_s_16015.xml"
"salingsing","para_s_16016.xml"
"salingtuud","para_s_16017.xml"
"saling-uwang","para_s_16018.xml"
"salinrun","para_s_16019.xml"
"salintuud","para_s_16020.xml"
"salinyási","para_s_16021.xml"
"salip-ang","para_s_16022.xml"
"salipì","para_s_16023.xml"
"saliping, salíping","para_s_16024.xml"
"salip-ing","para_s_16025.xml"
"salip-it","para_s_16026.xml"
"salipnù","para_s_16027.xml"
"salipud","para_s_16028.xml"
"salip-ut","para_s_16029.xml"
"salir1","para_s_16030.xml"
"salir2","para_s_16031.xml"
"salírap","para_s_16032.xml"
"salíring","para_s_16033.xml"
"salisi, salísi","para_s_16034.xml"
"salìsì","para_s_16035.xml"
"salit","para_s_16036.xml"
"salitri","para_s_16037.xml"
"salíut","para_s_16038.xml"
"saliut-ut","para_s_16039.xml"
"salíyab","para_s_16040.xml"
"salmu","para_s_16041.xml"
"salmun","para_s_16042.xml"
"salmuníti","para_s_16043.xml"
"salmut","para_s_16044.xml"
"salpù","para_s_16045.xml"
"salsa","para_s_16046.xml"
"salsag","para_s_16047.xml"
"salsal","para_s_16048.xml"
"salsitsas","para_s_16049.xml"
"salta","para_s_16050.xml"
"saltu1","para_s_16051.xml"
"saltu2","para_s_16052.xml"
"sálu","para_s_16053.xml"
"salù","para_s_16054.xml"
"sal-ub","para_s_16055.xml"
"sálud","para_s_16056.xml"
"saludar","para_s_16057.xml"
"salúdu","para_s_16058.xml"
"salug","para_s_16059.xml"
"sálug","para_s_16060.xml"
"salugsug","para_s_16061.xml"
"salukgu","para_s_16062.xml"
"saluksuk1","para_s_16063.xml"
"saluksuk2","para_s_16064.xml"
"salukut","para_s_16065.xml"
"sálum","para_s_16066.xml"
"salúma","para_s_16067.xml"
"salumabit, salumabits","para_s_16068.xml"
"salumsum","para_s_16069.xml"
"salun","para_s_16070.xml"
"salundung","para_s_16071.xml"
"sálung","para_s_16072.xml"
"salunggat","para_s_16073.xml"
"salungsung","para_s_16074.xml"
"salup","para_s_16075.xml"
"sálup","para_s_16076.xml"
"salúpan","para_s_16077.xml"
"salùsù","para_s_16078.xml"
"salut","para_s_16079.xml"
"sálut1","para_s_16080.xml"
"sálut2","para_s_16081.xml"
"sal-ut","para_s_16082.xml"
"salutaturyan","para_s_16083.xml"
"salutsut","para_s_16084.xml"
"saluwákì","para_s_16085.xml"
"salúwal","para_s_16086.xml"
"saluwásid","para_s_16087.xml"
"salúyut","para_s_16088.xml"
"salwag","para_s_16089.xml"
"salwákì","para_s_16090.xml"
"salya","para_s_16091.xml"
"salyáda","para_s_16092.xml"
"sáma","para_s_16093.xml"
"samà","para_s_16094.xml"
"sámad","para_s_16095.xml"
"samágaw","para_s_16096.xml"
"samalabit, samalabits","para_s_16097.xml"
"samalúna","para_s_16098.xml"
"sam-ang","para_s_16099.xml"
"Sámar","para_s_16100.xml"
"samàsamà","para_s_16101.xml"
"samaw, sámaw","para_s_16102.xml"
"*samay","para_s_16103.xml"
"samba1","para_s_16104.xml"
"samba2","para_s_16105.xml"
"sambà","para_s_16106.xml"
"sambag1","para_s_16107.xml"
"*sambag2","para_s_16108.xml"
"sambag3","para_s_16109.xml"
"sambara","para_s_16110.xml"
"sambat","para_s_16111.xml"
"sambil","para_s_16112.xml"
"sambílat","para_s_16113.xml"
"sambilay","para_s_16114.xml"
"sambíngay","para_s_16115.xml"
"sambiri","para_s_16116.xml"
"sambud","para_s_16117.xml"
"sambug","para_s_16118.xml"
"sambul","para_s_16119.xml"
"sambúlak","para_s_16120.xml"
"sambúnut","para_s_16121.xml"
"samì","para_s_16122.xml"
"sam-id","para_s_16123.xml"
"samilya","para_s_16124.xml"
"sámin1","para_s_16125.xml"
"sámin2","para_s_16126.xml"
"saminsámin1","para_s_16127.xml"
"saminsámin2","para_s_16128.xml"
"sámir","para_s_16129.xml"
"samkun","para_s_16130.xml"
"sampablu","para_s_16131.xml"
"sampaday","para_s_16132.xml"
"sampágà","para_s_16133.xml"
"sampagíta","para_s_16134.xml"
"sampak","para_s_16135.xml"
"sampáka","para_s_16136.xml"
"sampal1","para_s_16137.xml"
"sampal2","para_s_16138.xml"
"sampaling","para_s_16139.xml"
"sampalita","para_s_16140.xml"
"sampalung","para_s_16141.xml"
"sampan","para_s_16142.xml"
"sampangkung -in-","para_s_16143.xml"
"samparay","para_s_16144.xml"
"samparing","para_s_16145.xml"
"sampay","para_s_16146.xml"
"sampayna","para_s_16147.xml"
"sampid","para_s_16148.xml"
"sampidru","para_s_16149.xml"
"sampig","para_s_16150.xml"
"sampil1","para_s_16151.xml"
"sampil2","para_s_16152.xml"
"sampilà","para_s_16153.xml"
"sampilay","para_s_16154.xml"
"sampiling","para_s_16155.xml"
"sampíling","para_s_16156.xml"
"sampínit","para_s_16157.xml"
"sampiray","para_s_16158.xml"
"sampit","para_s_16159.xml"
"sampiyad","para_s_16160.xml"
"sampiyun","para_s_16161.xml"
"sampul","para_s_16162.xml"
"sampung","para_s_16163.xml"
"sampúngut","para_s_16164.xml"
"sampura","para_s_16165.xml"
"sampurádu1","para_s_16166.xml"
"sampurádu2","para_s_16167.xml"
"sampuráwu","para_s_16168.xml"
"samput","para_s_16169.xml"
"samsam","para_s_16170.xml"
"samsuy","para_s_16171.xml"
"samtang","para_s_16172.xml"
"samu","para_s_16173.xml"
"sámù","para_s_16174.xml"
"samúal","para_s_16175.xml"
"samúhan","para_s_16176.xml"
"sámuk","para_s_16177.xml"
"samúk","para_s_16178.xml"
"samung","para_s_16179.xml"
"samut","para_s_16180.xml"
"samuyaw, samúyaw","para_s_16181.xml"
"san1","para_s_16182.xml"
"san2","para_s_16183.xml"
"sán","para_s_16184.xml"
"sana1","para_s_16185.xml"
"sana2","para_s_16186.xml"
"sanad","para_s_16187.xml"
"sanag","para_s_16188.xml"
"sanan, sánan","para_s_16189.xml"
"sánap","para_s_16190.xml"
"sanasána","para_s_16191.xml"
"sanaturyum","para_s_16192.xml"
"sánaw1","para_s_16193.xml"
"sánaw2","para_s_16194.xml"
"sánay","para_s_16195.xml"
"sanaysánay","para_s_16196.xml"
"sanburn","para_s_16197.xml"
"sandak","para_s_16198.xml"
"sandal","para_s_16199.xml"
"sandalyas","para_s_16200.xml"
"sandanan","para_s_16201.xml"
"sandánaw","para_s_16202.xml"
"sandanay, sandanun","para_s_16203.xml"
"sandaw","para_s_16204.xml"
"sanday","para_s_16205.xml"
"sandayung","para_s_16206.xml"
"sandig","para_s_16207.xml"
"sandi skul","para_s_16208.xml"
"sandíya","para_s_16209.xml"
"sandu","para_s_16210.xml"
"sandúgù","para_s_16211.xml"
"sanduk","para_s_16212.xml"
"sandul","para_s_16213.xml"
"sanduluy","para_s_16214.xml"
"sandúrut","para_s_16215.xml"
"sandùsandù","para_s_16216.xml"
"sang","para_s_16217.xml"
"sáng","para_s_16218.xml"
"sanga","para_s_16219.xml"
"sánga","para_s_16220.xml"
"sángab","para_s_16221.xml"
"sángad","para_s_16222.xml"
"sángag","para_s_16223.xml"
"sángan","para_s_16224.xml"
"sángat","para_s_16225.xml"
"sang-at","para_s_16226.xml"
"sangay","para_s_16227.xml"
"sángay","para_s_16228.xml"
"sang-ay","para_s_16229.xml"
"sangbat","para_s_16230.xml"
"sangbud","para_s_16231.xml"
"sangga1","para_s_16232.xml"
"sangga2","para_s_16233.xml"
"sanggà","para_s_16234.xml"
"sanggab1","para_s_16235.xml"
"sanggab2","para_s_16236.xml"
"sanggabun","para_s_16237.xml"
"sanggákà","para_s_16238.xml"
"sanggaráyung","para_s_16239.xml"
"sanggat","para_s_16240.xml"
"sanggì","para_s_16241.xml"
"sanggíkit","para_s_16242.xml"
"sanggra","para_s_16243.xml"
"sangguli","para_s_16244.xml"
"sangguráyung","para_s_16245.xml"
"sanggut","para_s_16246.xml"
"sangguwar","para_s_16247.xml"
"sanghid","para_s_16248.xml"
"sangì","para_s_16249.xml"
"sángì","para_s_16250.xml"
"sangig","para_s_16251.xml"
"*sángil","para_s_16252.xml"
"sángit","para_s_16253.xml"
"sangkà1","para_s_16254.xml"
"sangkà2","para_s_16255.xml"
"sangkad","para_s_16256.xml"
"sangkap","para_s_16257.xml"
"sangkay1","para_s_16258.xml"
"sangkay2","para_s_16259.xml"
"sangkayud","para_s_16260.xml"
"sangki","para_s_16261.xml"
"sangkíguy","para_s_16262.xml"
"sangkiig","para_s_16263.xml"
"sangkil","para_s_16264.xml"
"sangkiríbut","para_s_16265.xml"
"sangkis","para_s_16266.xml"
"sangkiyud","para_s_16267.xml"
"sangkù","para_s_16268.xml"
"sangkung","para_s_16269.xml"
"sangkuráyung, sangkuriyung","para_s_16270.xml"
"sangla","para_s_16271.xml"
"sanglad","para_s_16272.xml"
"sanglag","para_s_16273.xml"
"san-glas","para_s_16274.xml"
"sanglay1","para_s_16275.xml"
"sanglay2","para_s_16276.xml"
"sanglit","para_s_16277.xml"
"sangpit","para_s_16278.xml"
"sangput","para_s_16279.xml"
"sangsang1","para_s_16280.xml"
"sangsang2","para_s_16281.xml"
"sangù","para_s_16282.xml"
"sángud1","para_s_16283.xml"
"sángud2","para_s_16284.xml"
"sanguhal","para_s_16285.xml"
"sángun","para_s_16286.xml"
"sangúwal","para_s_16287.xml"
"sangyad","para_s_16288.xml"
"sangyag","para_s_16289.xml"
"sangyaw","para_s_16290.xml"
"San Huwan","para_s_16291.xml"
"sani1, sáni","para_s_16292.xml"
"*sani2","para_s_16293.xml"
"sánib","para_s_16294.xml"
"*sanib","para_s_16295.xml"
"sanidad","para_s_16296.xml"
"sanílas","para_s_16297.xml"
"sanínà","para_s_16298.xml"
"sanípa","para_s_16299.xml"
"sanit","para_s_16300.xml"
"sanitári inspiktur","para_s_16301.xml"
"sankis","para_s_16302.xml"
"sanla","para_s_16303.xml"
"San Markus","para_s_16304.xml"
"San Pidru","para_s_16305.xml"
"sanpípar","para_s_16306.xml"
"san pransisku","para_s_16307.xml"
"sansan","para_s_16308.xml"
"sansiyut, sansut","para_s_16309.xml"
"sansuy","para_s_16310.xml"
"santa","para_s_16311.xml"
"santà","para_s_16312.xml"
"santak","para_s_16313.xml"
"santáku","para_s_16314.xml"
"santal","para_s_16315.xml"
"santa lusíya","para_s_16316.xml"
"santan","para_s_16317.xml"
"santas","para_s_16318.xml"
"santíban","para_s_16319.xml"
"santik1","para_s_16320.xml"
"santik2","para_s_16321.xml"
"santik3","para_s_16322.xml"
"santilmu","para_s_16323.xml"
"santing","para_s_16324.xml"
"santisima","para_s_16325.xml"
"santisimu","para_s_16326.xml"
"santisiyam","para_s_16327.xml"
"santíta","para_s_16328.xml"
"santítu, santítù1","para_s_16329.xml"
"santítù2","para_s_16330.xml"
"santu","para_s_16331.xml"
"santul1","para_s_16332.xml"
"*santul2","para_s_16333.xml"
"santup","para_s_16334.xml"
"santus","para_s_16335.xml"
"sanu","para_s_16336.xml"
"san-u","para_s_16337.xml"
"sanung","para_s_16338.xml"
"sanùsanù","para_s_16339.xml"
"san-ut","para_s_16340.xml"
"sanúud","para_s_16341.xml"
"sanuuy","para_s_16342.xml"
"sanwit, sanwits","para_s_16343.xml"
"sápa","para_s_16344.xml"
"sapà","para_s_16345.xml"
"sapak","para_s_16346.xml"
"sapal","para_s_16347.xml"
"sápal","para_s_16348.xml"
"sápang","para_s_16349.xml"
"sap-ang","para_s_16350.xml"
"sapar","para_s_16351.xml"
"sápat1","para_s_16352.xml"
"sápat2","para_s_16353.xml"
"sapatilya","para_s_16354.xml"
"sapátus","para_s_16355.xml"
"sápaw","para_s_16356.xml"
"sapay","para_s_16357.xml"
"sapayan","para_s_16358.xml"
"sapáyan","para_s_16359.xml"
"sapda","para_s_16360.xml"
"saphag","para_s_16361.xml"
"saphid","para_s_16362.xml"
"saphig","para_s_16363.xml"
"sapi","para_s_16364.xml"
"sapì","para_s_16365.xml"
"sápì","para_s_16366.xml"
"sápid","para_s_16367.xml"
"sapidpid","para_s_16368.xml"
"sap-ig","para_s_16369.xml"
"sapígad","para_s_16370.xml"
"sapil","para_s_16371.xml"
"sapilis","para_s_16372.xml"
"sapilya","para_s_16373.xml"
"sapilyu","para_s_16374.xml"
"sapin","para_s_16375.xml"
"sapinday","para_s_16376.xml"
"sapinit","para_s_16377.xml"
"*sapínu","para_s_16378.xml"
"sapípid","para_s_16379.xml"
"sapiray","para_s_16380.xml"
"sapiring","para_s_16381.xml"
"sapiru1","para_s_16382.xml"
"sapiru2","para_s_16383.xml"
"sapisápi","para_s_16384.xml"
"sapiti","para_s_16385.xml"
"sapla1","para_s_16386.xml"
"sapla2","para_s_16387.xml"
"saplag1","para_s_16388.xml"
"saplag2","para_s_16389.xml"
"saplì","para_s_16390.xml"
"saplína","para_s_16391.xml"
"saplù","para_s_16392.xml"
"saplud","para_s_16393.xml"
"saplung","para_s_16394.xml"
"saplut","para_s_16395.xml"
"sapnay","para_s_16396.xml"
"sapnig","para_s_16397.xml"
"sapnut","para_s_16398.xml"
"sapsap1","para_s_16399.xml"
"sapsap2","para_s_16400.xml"
"sapsap3","para_s_16401.xml"
"sapsing","para_s_16402.xml"
"sapsiyútir","para_s_16403.xml"
"sapsuy","para_s_16404.xml"
"sapu","para_s_16405.xml"
"sapud1","para_s_16406.xml"
"sapud2","para_s_16407.xml"
"*sápul1","para_s_16408.xml"
"sápul2","para_s_16409.xml"
"sapun1","para_s_16410.xml"
"sapun2","para_s_16411.xml"
"sapung","para_s_16412.xml"
"sap-ung","para_s_16413.xml"
"sapunir","para_s_16414.xml"
"sapúpu","para_s_16415.xml"
"saput","para_s_16416.xml"
"sáput","para_s_16417.xml"
"sapúti","para_s_16418.xml"
"sapwang","para_s_16419.xml"
"sapya","para_s_16420.xml"
"sapyà","para_s_16421.xml"
"sapyag","para_s_16422.xml"
"sapyaw","para_s_16423.xml"
"sapyur","para_s_16424.xml"
"sapyut","para_s_16425.xml"
"sarà","para_s_16426.xml"
"sarabya","para_s_16427.xml"
"saragáti","para_s_16428.xml"
"sarahintu","para_s_16429.xml"
"sarang","para_s_16430.xml"
"saranggat","para_s_16431.xml"
"sarap1","para_s_16432.xml"
"sárap","para_s_16433.xml"
"sarásay","para_s_16434.xml"
"sardínas","para_s_16435.xml"
"sargáti","para_s_16436.xml"
"sarguylas","para_s_16437.xml"
"sarhintu","para_s_16438.xml"
"saril","para_s_16439.xml"
"saring","para_s_16440.xml"
"sarìsárì","para_s_16441.xml"
"sarlistun","para_s_16442.xml"
"sarsa1","para_s_16443.xml"
"sarsa2","para_s_16444.xml"
"sarsaparilya","para_s_16445.xml"
"sarsuyla","para_s_16446.xml"
"sartin","para_s_16447.xml"
"sáru","para_s_16448.xml"
"saruk","para_s_16449.xml"
"sarul1","para_s_16450.xml"
"sarul2","para_s_16451.xml"
"sarung, sárung","para_s_16452.xml"
"sarunsuy","para_s_16453.xml"
"sása","para_s_16454.xml"
"sàsà","para_s_16455.xml"
"sasag","para_s_16456.xml"
"sásing","para_s_16457.xml"
"sasirdúti","para_s_16458.xml"
"sastri","para_s_16459.xml"
"sátan","para_s_16460.xml"
"satanas","para_s_16461.xml"
"satgan","para_s_16462.xml"
"satin","para_s_16463.xml"
"satispitsu","para_s_16464.xml"
"satsat","para_s_16465.xml"
"sátu, sátum","para_s_16466.xml"
"satung","para_s_16467.xml"
"sátung","para_s_16468.xml"
"saud","para_s_16469.xml"
"saudsaud","para_s_16470.xml"
"saudsáud","para_s_16471.xml"
"sáug","para_s_16472.xml"
"sául","para_s_16473.xml"
"saulì","para_s_16474.xml"
"saulu","para_s_16475.xml"
"saúlug","para_s_16476.xml"
"sáun","para_s_16477.xml"
"saup1","para_s_16478.xml"
"saup2","para_s_16479.xml"
"sáup","para_s_16480.xml"
"sáuy","para_s_16481.xml"
"sawa","para_s_16482.xml"
"saw-a","para_s_16483.xml"
"sawad","para_s_16484.xml"
"sawáli","para_s_16485.xml"
"sáwan","para_s_16486.xml"
"sáwang","para_s_16487.xml"
"sawásid","para_s_16488.xml"
"saway","para_s_16489.xml"
"sawi","para_s_16490.xml"
"saw-id","para_s_16491.xml"
"sáwil","para_s_16492.xml"
"sawilik","para_s_16493.xml"
"saw-it","para_s_16494.xml"
"sawpan","para_s_16495.xml"
"sawsaw","para_s_16496.xml"
"sawsyung","para_s_16497.xml"
"sawu-","para_s_16498.xml"
"sáwun","para_s_16499.xml"
"sáwut","para_s_16500.xml"
"sawuy","para_s_16501.xml"
"sáya","para_s_16502.xml"
"sayà1","para_s_16503.xml"
"*sayà2","para_s_16504.xml"
"say-a1","para_s_16505.xml"
"say-a2","para_s_16506.xml"
"sayab","para_s_16507.xml"
"sayad","para_s_16508.xml"
"sayag","para_s_16509.xml"
"sayal","para_s_16510.xml"
"sáyang","para_s_16511.xml"
"sáyans","para_s_16512.xml"
"sayantis, sayantist","para_s_16513.xml"
"sayaw","para_s_16514.xml"
"sáyaw","para_s_16515.xml"
"sayhanan","para_s_16516.xml"
"sayid-áwut","para_s_16517.xml"
"sayid bit","para_s_16518.xml"
"sayid layin","para_s_16519.xml"
"sayid tru","para_s_16520.xml"
"sayidwuk","para_s_16521.xml"
"sayin1","para_s_16522.xml"
"sayin2","para_s_16523.xml"
"sayinburd","para_s_16524.xml"
"sayintist","para_s_16525.xml"
"sayin-up","para_s_16526.xml"
"sayis1","para_s_16527.xml"
"sayit1","para_s_16528.xml"
"sayit2","para_s_16529.xml"
"sayit3","para_s_16530.xml"
"saylà","para_s_16531.xml"
"saylinsǐr","para_s_16532.xml"
"saylu","para_s_16533.xml"
"saylub","para_s_16534.xml"
"saynus","para_s_16535.xml"
"saysay","para_s_16536.xml"
"saysinta","para_s_16537.xml"
"sayu","para_s_16538.xml"
"sáyud","para_s_16539.xml"
"sayukmù","para_s_16540.xml"
"sayun","para_s_16541.xml"
"sayup","para_s_16542.xml"
"sayúti, sayútis","para_s_16543.xml"
"si1","para_s_16544.xml"
"si2","para_s_16545.xml"
"sí","para_s_16546.xml"
"sì","para_s_16547.xml"
"síad","para_s_16548.xml"
"siak","para_s_16549.xml"
"siákù","para_s_16550.xml"
"siang","para_s_16551.xml"
"siátab","para_s_16552.xml"
"siaw","para_s_16553.xml"
"siawan","para_s_16554.xml"
"síay","para_s_16555.xml"
"siay-is","para_s_16556.xml"
"siba","para_s_16557.xml"
"síbà","para_s_16558.xml"
"sibakung","para_s_16559.xml"
"síbang","para_s_16560.xml"
"sibásid","para_s_16561.xml"
"sibat1","para_s_16562.xml"
"sibat2","para_s_16563.xml"
"síbaw","para_s_16564.xml"
"sibay","para_s_16565.xml"
"sibáya","para_s_16566.xml"
"*sibika, *sibiku kapunúngang —","para_s_16567.xml"
"sibil","para_s_16568.xml"
"*síbil","para_s_16569.xml"
"sibilisar","para_s_16570.xml"
"sibilsíbil","para_s_16571.xml"
"sibilyan","para_s_16572.xml"
"síbin1","para_s_16573.xml"
"síbin2","para_s_16574.xml"
"sibin-ilíbin","para_s_16575.xml"
"síbin pirs","para_s_16576.xml"
"síbins gríd","para_s_16577.xml"
"sibintiit","para_s_16578.xml"
"sibinti páak","para_s_16579.xml"
"sibinti siks","para_s_16580.xml"
"sibit","para_s_16581.xml"
"sibsib","para_s_16582.xml"
"síbu","para_s_16583.xml"
"síbù","para_s_16584.xml"
"síbug","para_s_16585.xml"
"sibúkaw","para_s_16586.xml"
"sibul","para_s_16587.xml"
"sibut","para_s_16588.xml"
"síbut","para_s_16589.xml"
"sibúyas","para_s_16590.xml"
"sibuying","para_s_16591.xml"
"sibya","para_s_16592.xml"
"sibyà","para_s_16593.xml"
"sída","para_s_16594.xml"
"sidbaks","para_s_16595.xml"
"sidhawus","para_s_16596.xml"
"sidi","para_s_16597.xml"
"sid-ing","para_s_16598.xml"
"sidlak","para_s_16599.xml"
"sidlit","para_s_16600.xml"
"sidlut","para_s_16601.xml"
"sidsarun","para_s_16602.xml"
"sidsid","para_s_16603.xml"
"sid-uk","para_s_16604.xml"
"sidula","para_s_16605.xml"
"síga1","para_s_16606.xml"
"síga2, sígà","para_s_16607.xml"
"sigabu","para_s_16608.xml"
"sigamnu","para_s_16609.xml"
"sig-ang1","para_s_16610.xml"
"sigarilyu1","para_s_16611.xml"
"sigarit kís","para_s_16612.xml"
"sigaw","para_s_16613.xml"
"sígaw","para_s_16614.xml"
"sig-aw","para_s_16615.xml"
"sigay","para_s_16616.xml"
"sigbaw","para_s_16617.xml"
"sigbin","para_s_16618.xml"
"sígi","para_s_16619.xml"
"sig-id","para_s_16620.xml"
"sigídas","para_s_16621.xml"
"sigidilyas","para_s_16622.xml"
"sígin","para_s_16623.xml"
"sigingsiging","para_s_16624.xml"
"sigisígi","para_s_16625.xml"
"sigkat","para_s_16626.xml"
"sigking","para_s_16627.xml"
"sigkit","para_s_16628.xml"
"siglu","para_s_16629.xml"
"sigmit","para_s_16630.xml"
"sigmuk1","para_s_16631.xml"
"sigmuk2","para_s_16632.xml"
"signal","para_s_16633.xml"
"signit","para_s_16634.xml"
"signus","para_s_16635.xml"
"sigpat","para_s_16636.xml"
"sigpaw","para_s_16637.xml"
"sigpit","para_s_16638.xml"
"sigsag","para_s_16639.xml"
"sígu","para_s_16640.xml"
"sígù","para_s_16641.xml"
"*sigun1","para_s_16642.xml"
"sigun2","para_s_16643.xml"
"sigunda","para_s_16644.xml"
"sigundu","para_s_16645.xml"
"sigurádu","para_s_16646.xml"
"siguridad","para_s_16647.xml"
"sigurista","para_s_16648.xml"
"sigúru","para_s_16649.xml"
"sigwálu","para_s_16650.xml"
"*sigwar pa-","para_s_16651.xml"
"sihag","para_s_16652.xml"
"sihì, síhì","para_s_16653.xml"
"sihud","para_s_16654.xml"
"sii","para_s_16655.xml"
"siin","para_s_16656.xml"
"sik.","para_s_16657.xml"
"sikà","para_s_16658.xml"
"síkad","para_s_16659.xml"
"síkan","para_s_16660.xml"
"sikandir","para_s_16661.xml"
"sikápat","para_s_16662.xml"
"sikat1","para_s_16663.xml"
"síkat","para_s_16664.xml"
"síkaw","para_s_16665.xml"
"sikawalu","para_s_16666.xml"
"sikaysíkay","para_s_16667.xml"
"sikbat","para_s_16668.xml"
"sikbit","para_s_16669.xml"
"sikbut","para_s_16670.xml"
"sikdu1, sikdù1","para_s_16671.xml"
"sikdu2, sikdù2","para_s_16672.xml"
"sikdù3","para_s_16673.xml"
"sikdul","para_s_16674.xml"
"sikging","para_s_16675.xml"
"siki","para_s_16676.xml"
"sikil","para_s_16677.xml"
"síkit","para_s_16678.xml"
"siklahun","para_s_16679.xml"
"si-klam","para_s_16680.xml"
"siklap","para_s_16681.xml"
"siklat","para_s_16682.xml"
"siklib","para_s_16683.xml"
"siklista","para_s_16684.xml"
"siklit","para_s_16685.xml"
"siklut","para_s_16686.xml"
"sikma","para_s_16687.xml"
"sikmat","para_s_16688.xml"
"sikmul","para_s_16689.xml"
"sikpaw","para_s_16690.xml"
"sikrit","para_s_16691.xml"
"sikríta","para_s_16692.xml"
"sikritári","para_s_16693.xml"
"sikritarya","para_s_16694.xml"
"sikritaryu","para_s_16695.xml"
"sikrítu","para_s_16696.xml"
"sikrítu diamur","para_s_16697.xml"
"siksbay siks","para_s_16698.xml"
"siksi","para_s_16699.xml"
"siksik","para_s_16700.xml"
"siksiríkay","para_s_16701.xml"
"siksiyun","para_s_16702.xml"
"siksrawundir","para_s_16703.xml"
"sikstináyin","para_s_16704.xml"
"sikstin kards","para_s_16705.xml"
"sikstring","para_s_16706.xml"
"sikstu grádu","para_s_16707.xml"
"siks-uklák","para_s_16708.xml"
"sikswa","para_s_16709.xml"
"siktur","para_s_16710.xml"
"siku","para_s_16711.xml"
"síku1","para_s_16712.xml"
"síku2","para_s_16713.xml"
"síku3","para_s_16714.xml"
"sikuláti","para_s_16715.xml"
"sikuluhíya","para_s_16716.xml"
"sikundarya","para_s_16717.xml"
"síkund grid","para_s_16718.xml"
"síkup1","para_s_16719.xml"
"síkup2","para_s_16720.xml"
"sikuy","para_s_16721.xml"
"sikwa","para_s_16722.xml"
"sikwalu","para_s_16723.xml"
"sikwáti","para_s_16724.xml"
"sikway","para_s_16725.xml"
"sikyuriti","para_s_16726.xml"
"síl","para_s_16727.xml"
"sila","para_s_16728.xml"
"silab1","para_s_16729.xml"
"silab2","para_s_16730.xml"
"sílab","para_s_16731.xml"
"silaba","para_s_16732.xml"
"silabi","para_s_16733.xml"
"silabun","para_s_16734.xml"
"sílag","para_s_16735.xml"
"siláhis","para_s_16736.xml"
"silak, sílak1","para_s_16737.xml"
"sílak2","para_s_16738.xml"
"sílang","para_s_16739.xml"
"silangga","para_s_16740.xml"
"silanis","para_s_16741.xml"
"siláub","para_s_16742.xml"
"sílaw","para_s_16743.xml"
"silbátu","para_s_16744.xml"
"silbi, silbidur, silbidúra","para_s_16745.xml"
"silda","para_s_16746.xml"
"silhig","para_s_16747.xml"
"síli","para_s_16748.xml"
"silib","para_s_16749.xml"
"silibrǎr","para_s_16750.xml"
"silid","para_s_16751.xml"
"sílid","para_s_16752.xml"
"sílik","para_s_16753.xml"
"silik-an","para_s_16754.xml"
"silin","para_s_16755.xml"
"silindru","para_s_16756.xml"
"silindrun","para_s_16757.xml"
"silindrus","para_s_16758.xml"
"siling","para_s_16759.xml"
"síling","para_s_16760.xml"
"sil-ing","para_s_16761.xml"
"silíngan","para_s_16762.xml"
"silinsiyu","para_s_16763.xml"
"sílip, sil-ip","para_s_16764.xml"
"siliri","para_s_16765.xml"
"silísi","para_s_16766.xml"
"sílit","para_s_16767.xml"
"sil-it","para_s_16768.xml"
"silsil","para_s_16769.xml"
"silstuk","para_s_16770.xml"
"sílu","para_s_16771.xml"
"silù","para_s_16772.xml"
"silulúsa","para_s_16773.xml"
"sílung","para_s_16774.xml"
"silungsilung","para_s_16775.xml"
"silupin","para_s_16776.xml"
"sílus","para_s_16777.xml"
"silusíya","para_s_16778.xml"
"silúsu2","para_s_16779.xml"
"sílut1","para_s_16780.xml"
"sílut2","para_s_16781.xml"
"silúwid","para_s_16782.xml"
"síluy","para_s_16783.xml"
"silya","para_s_16784.xml"
"silyu","para_s_16785.xml"
"símà","para_s_16786.xml"
"símag","para_s_16787.xml"
"simalúna","para_s_16788.xml"
"simána","para_s_16789.xml"
"simang","para_s_16790.xml"
"simaníya","para_s_16791.xml"
"simàsimà","para_s_16792.xml"
"simba","para_s_16793.xml"
"simbal1","para_s_16794.xml"
"simbal2","para_s_16795.xml"
"simbu","para_s_16796.xml"
"simbug","para_s_16797.xml"
"simbulu","para_s_16798.xml"
"simburyu","para_s_16799.xml"
"simhut","para_s_16800.xml"
"simik","para_s_16801.xml"
"similya","para_s_16802.xml"
"siminar","para_s_16803.xml"
"siminarista","para_s_16804.xml"
"siminaryu","para_s_16805.xml"
"simintiryu","para_s_16806.xml"
"simintu","para_s_16807.xml"
"simirísir","para_s_16808.xml"
"simistir, simistri","para_s_16809.xml"
"simpatika","para_s_16810.xml"
"simpatiku","para_s_16811.xml"
"simpatíya","para_s_16812.xml"
"simpì","para_s_16813.xml"
"simpig","para_s_16814.xml"
"*simpin","para_s_16815.xml"
"simpís, simpiyis","para_s_16816.xml"
"simplan","para_s_16817.xml"
"simpli","para_s_16818.xml"
"simpul","para_s_16819.xml"
"simpun","para_s_16820.xml"
"simput","para_s_16821.xml"
"simsim1","para_s_16822.xml"
"simsim2","para_s_16823.xml"
"simsim3","para_s_16824.xml"
"simtum, simtúma","para_s_16825.xml"
"simúaw","para_s_16826.xml"
"simud","para_s_16827.xml"
"sim-ung","para_s_16828.xml"
"simùsimù","para_s_16829.xml"
"simyat","para_s_16830.xml"
"sin","para_s_16831.xml"
"sín","para_s_16832.xml"
"sína1","para_s_16833.xml"
"sina2","para_s_16834.xml"
"sinádu","para_s_16835.xml"
"sinagúga","para_s_16836.xml"
"sinaguylas","para_s_16837.xml"
"sinamay","para_s_16838.xml"
"sinampangkung","para_s_16839.xml"
"sinamun","para_s_16840.xml"
"sinaryu","para_s_16841.xml"
"sinátì","para_s_16842.xml"
"sínaw","para_s_16843.xml"
"sindà","para_s_16844.xml"
"sindalan","para_s_16845.xml"
"sindi","para_s_16846.xml"
"sindikátu","para_s_16847.xml"
"sindul","para_s_16848.xml"
"sindúrut","para_s_16849.xml"
"sing-al","para_s_16850.xml"
"sing-aling","para_s_16851.xml"
"singán","para_s_16852.xml"
"singáni","para_s_16853.xml"
"singári","para_s_16854.xml"
"sing-aw","para_s_16855.xml"
"singba","para_s_16856.xml"
"singdalan","para_s_16857.xml"
"singgáak","para_s_16858.xml"
"singgalung","para_s_16859.xml"
"singgapur","para_s_16860.xml"
"singgaráyung","para_s_16861.xml"
"singgil","para_s_16862.xml"
"singgit","para_s_16863.xml"
"singgul","para_s_16864.xml"
"singgurayung, singguráyung","para_s_16865.xml"
"singhag","para_s_16866.xml"
"singhir","para_s_16867.xml"
"singì","para_s_16868.xml"
"singil","para_s_16869.xml"
"singilugun","para_s_16870.xml"
"síngin","para_s_16871.xml"
"síngir","para_s_16872.xml"
"síngit1","para_s_16873.xml"
"síngit2","para_s_16874.xml"
"sing-it","para_s_16875.xml"
"*singit pa-, pa-(←)","para_s_16876.xml"
"singka","para_s_16877.xml"
"singkamas","para_s_16878.xml"
"singkámut","para_s_16879.xml"
"singkaw","para_s_16880.xml"
"singkiríbut","para_s_16881.xml"
"singkit","para_s_16882.xml"
"singku","para_s_16883.xml"
"singkul","para_s_16884.xml"
"singkulyágas","para_s_16885.xml"
"singkuríbut","para_s_16886.xml"
"singkurung","para_s_16887.xml"
"singkurúyung","para_s_16888.xml"
"singkuung","para_s_16889.xml"
"singkuwinta","para_s_16890.xml"
"singkuy","para_s_16891.xml"
"singpì","para_s_16892.xml"
"singpun","para_s_16893.xml"
"singput","para_s_16894.xml"
"singsing","para_s_16895.xml"
"síngu","para_s_16896.xml"
"síngud","para_s_16897.xml"
"singulu","para_s_16898.xml"
"singut","para_s_16899.xml"
"sini","para_s_16900.xml"
"siniguylas","para_s_16901.xml"
"sinílas","para_s_16902.xml"
"sinimaskup","para_s_16903.xml"
"sinimpin","para_s_16904.xml"
"sinínà","para_s_16905.xml"
"sinípit","para_s_16906.xml"
"sinisíru","para_s_16907.xml"
"siniyal","para_s_16908.xml"
"siniyur","para_s_16909.xml"
"sinkuwínta","para_s_16910.xml"
"sinsilyu","para_s_16911.xml"
"sinsíru","para_s_16912.xml"
"sinsitib, sinsitíbu","para_s_16913.xml"
"sinsiya","para_s_16914.xml"
"sinsíyu","para_s_16915.xml"
"sinsu","para_s_16916.xml"
"sinsur","para_s_16917.xml"
"sinsúru","para_s_16918.xml"
"sinsus","para_s_16919.xml"
"sinta","para_s_16920.xml"
"sintà","para_s_16921.xml"
"sintábu","para_s_16922.xml"
"sintábus","para_s_16923.xml"
"sintak","para_s_16924.xml"
"sintas","para_s_16925.xml"
"sintídu","para_s_16926.xml"
"sintimintal, sintimintǎl","para_s_16927.xml"
"sintimintu, sintimyintu","para_s_16928.xml"
"sintimitru","para_s_16929.xml"
"sintimus","para_s_16930.xml"
"sintinaryu","para_s_16931.xml"
"sintinil","para_s_16932.xml"
"sintiníla","para_s_16933.xml"
"sintinsiya","para_s_16934.xml"
"sintinyal","para_s_16935.xml"
"sintir","para_s_16936.xml"
"sintǐr","para_s_16937.xml"
"sintral","para_s_16938.xml"
"sintripugal, sintripyugal","para_s_16939.xml"
"sintru","para_s_16940.xml"
"sintu-","para_s_16941.xml"
"sintún","para_s_16942.xml"
"sintunádu, sintunáwu","para_s_16943.xml"
"sinturiyun","para_s_16944.xml"
"sinturun","para_s_16945.xml"
"sin-u","para_s_16946.xml"
"sinulug","para_s_16947.xml"
"sinuylas","para_s_16948.xml"
"sinya, sinyas","para_s_16949.xml"
"sinyadur","para_s_16950.xml"
"sinyal","para_s_16951.xml"
"sinyas","para_s_16952.xml"
"sinyúra","para_s_16953.xml"
"sinyúris","para_s_16954.xml"
"sinyuríta","para_s_16955.xml"
"sinyurítu","para_s_16956.xml"
"síp","para_s_16957.xml"
"sípà1","para_s_16958.xml"
"sípà2","para_s_16959.xml"
"sipak","para_s_16960.xml"
"sip-ak","para_s_16961.xml"
"sípan","para_s_16962.xml"
"sipat","para_s_16963.xml"
"sípat","para_s_16964.xml"
"siphag","para_s_16965.xml"
"sipi","para_s_16966.xml"
"sipì","para_s_16967.xml"
"sipii","para_s_16968.xml"
"sipilin","para_s_16969.xml"
"sipilis","para_s_16970.xml"
"sipilya","para_s_16971.xml"
"sipilyu","para_s_16972.xml"
"siping","para_s_16973.xml"
"síping1","para_s_16974.xml"
"síping2","para_s_16975.xml"
"síping3","para_s_16976.xml"
"sípir","para_s_16977.xml"
"sipit1","para_s_16978.xml"
"sípit","para_s_16979.xml"
"siplà","para_s_16980.xml"
"sipláag","para_s_16981.xml"
"siplágay","para_s_16982.xml"
"siplat","para_s_16983.xml"
"siplin","para_s_16984.xml"
"siplit","para_s_16985.xml"
"sipra","para_s_16986.xml"
"sipris","para_s_16987.xml"
"sipsáyid","para_s_16988.xml"
"sipsip1","para_s_16989.xml"
"sipsip2","para_s_16990.xml"
"Sipt.","para_s_16991.xml"
"sipti","para_s_16992.xml"
"Siptimbri","para_s_16993.xml"
"siptimu grádu","para_s_16994.xml"
"siptinaryu","para_s_16995.xml"
"sipu","para_s_16996.xml"
"sípuk","para_s_16997.xml"
"sipukar","para_s_16998.xml"
"sipul","para_s_16999.xml"
"sipulkru","para_s_17000.xml"
"sipultíru","para_s_17001.xml"
"sip-un","para_s_17002.xml"
"sípung","para_s_17003.xml"
"sípur","para_s_17004.xml"
"sip-ut","para_s_17005.xml"
"sipuy","para_s_17006.xml"
"sipya","para_s_17007.xml"
"sipyat","para_s_17008.xml"
"sír","para_s_17009.xml"
"sira","para_s_17010.xml"
"sírà","para_s_17011.xml"
"siráli","para_s_17012.xml"
"sirámiks","para_s_17013.xml"
"sirapínis","para_s_17014.xml"
"sirbandu","para_s_17015.xml"
"sirbátu","para_s_17016.xml"
"sirbi1","para_s_17017.xml"
"sirbi2","para_s_17018.xml"
"sirbilyíta1","para_s_17019.xml"
"sirbilyíta2","para_s_17020.xml"
"sirbis","para_s_17021.xml"
"sirbísa","para_s_17022.xml"
"sirbisyáwu","para_s_17023.xml"
"sirbisyu","para_s_17024.xml"
"sirbyinta","para_s_17025.xml"
"sirbyinti","para_s_17026.xml"
"sirguylas","para_s_17027.xml"
"siriguylas","para_s_17028.xml"
"sirikinya","para_s_17029.xml"
"síril","para_s_17030.xml"
"sirimunyas","para_s_17031.xml"
"sirína1","para_s_17032.xml"
"sirína2","para_s_17033.xml"
"sirináta","para_s_17034.xml"
"síring","para_s_17035.xml"
"siringsíring","para_s_17036.xml"
"sirínu","para_s_17037.xml"
"sirip1","para_s_17038.xml"
"sirip2","para_s_17039.xml"
"siripinti","para_s_17040.xml"
"síris","para_s_17041.xml"
"sírit","para_s_17042.xml"
"sirku","para_s_17043.xml"
"sirkul","para_s_17044.xml"
"sirkular","para_s_17045.xml"
"sirkulasiyun","para_s_17046.xml"
"sirkulu","para_s_17047.xml"
"sirkumpirinsiya","para_s_17048.xml"
"sirkumstansiya","para_s_17049.xml"
"sirkus","para_s_17050.xml"
"sirmun","para_s_17051.xml"
"sirpinti","para_s_17052.xml"
"sirta","para_s_17053.xml"
"sirtipay","para_s_17054.xml"
"sirtipikar","para_s_17055.xml"
"sirtipíku","para_s_17056.xml"
"sirtu","para_s_17057.xml"
"síru","para_s_17058.xml"
"sirù1","para_s_17059.xml"
"siruhánu","para_s_17060.xml"
"siruk","para_s_17061.xml"
"síruks","para_s_17062.xml"
"sirul","para_s_17063.xml"
"sirumsirum","para_s_17064.xml"
"sirung","para_s_17065.xml"
"sírung","para_s_17066.xml"
"sirutsu","para_s_17067.xml"
"siryal","para_s_17068.xml"
"siryal nambir","para_s_17069.xml"
"siryus","para_s_17070.xml"
"siryúsa","para_s_17071.xml"
"siryúsu","para_s_17072.xml"
"sís","para_s_17073.xml"
"sisariyan","para_s_17074.xml"
"sisi","para_s_17075.xml"
"sìsì","para_s_17076.xml"
"sisig","para_s_17077.xml"
"sisik, sísik","para_s_17078.xml"
"sisinta","para_s_17079.xml"
"sisip","para_s_17080.xml"
"sista","para_s_17081.xml"
"sisti","para_s_17082.xml"
"sistíma","para_s_17083.xml"
"sistu","para_s_17084.xml"
"sistusumyásis","para_s_17085.xml"
"sísu","para_s_17086.xml"
"sisyun","para_s_17087.xml"
"sít1","para_s_17088.xml"
"sít2","para_s_17089.xml"
"sít3","para_s_17090.xml"
"síta","para_s_17091.xml"
"sitar","para_s_17092.xml"
"sitasiyun","para_s_17093.xml"
"sithaw","para_s_17094.xml"
"síti","para_s_17095.xml"
"sitihul","para_s_17096.xml"
"sitinta","para_s_17097.xml"
"sitlayit","para_s_17098.xml"
"sitru","para_s_17099.xml"
"sí tru","para_s_17100.xml"
"sitsaru","para_s_17101.xml"
"sitsarun","para_s_17102.xml"
"sitsiríka1","para_s_17103.xml"
"sitsiríka2","para_s_17104.xml"
"sitsiríku","para_s_17105.xml"
"sitsiríya, sitsiríyas","para_s_17106.xml"
"sitsit","para_s_17107.xml"
"situn","para_s_17108.xml"
"sitwasiyun","para_s_17109.xml"
"sityu","para_s_17110.xml"
"síug","para_s_17111.xml"
"síut","para_s_17112.xml"
"siwag","para_s_17113.xml"
"siwagkang","para_s_17114.xml"
"siwakug","para_s_17115.xml"
"síwang","para_s_17116.xml"
"siwásid","para_s_17117.xml"
"siwil","para_s_17118.xml"
"siwit","para_s_17119.xml"
"siwitsiwit","para_s_17120.xml"
"siwsiw","para_s_17121.xml"
"siya","para_s_17122.xml"
"síya","para_s_17123.xml"
"siyà","para_s_17124.xml"
"siyam","para_s_17125.xml"
"siyap1","para_s_17126.xml"
"siyap2","para_s_17127.xml"
"siyatsíyat","para_s_17128.xml"
"siyin","para_s_17129.xml"
"síyuk2","para_s_17130.xml"
"siyun","para_s_17131.xml"
"siyung","para_s_17132.xml"
"siyut1","para_s_17133.xml"
"siyut2","para_s_17134.xml"
"siyutsiyut","para_s_17135.xml"
"stábus","para_s_17136.xml"
"sts.","para_s_17137.xml"
"sú1","para_s_17138.xml"
"sú2","para_s_17139.xml"
"sū́","para_s_17140.xml"
"súag","para_s_17141.xml"
"súb","para_s_17142.xml"
"súba","para_s_17143.xml"
"subà","para_s_17144.xml"
"subad","para_s_17145.xml"
"súbak","para_s_17146.xml"
"subang","para_s_17147.xml"
"subasku","para_s_17148.xml"
"subasta","para_s_17149.xml"
"súbaw","para_s_17150.xml"
"súbay","para_s_17151.xml"
"subdibáyid","para_s_17152.xml"
"subdibisyun","para_s_17153.xml"
"*súbid","para_s_17154.xml"
"subída","para_s_17155.xml"
"subing1","para_s_17156.xml"
"subing2","para_s_17157.xml"
"subir","para_s_17158.xml"
"subirbíya","para_s_17159.xml"
"subirbiyu, subirbíyu","para_s_17160.xml"
"subìsubì","para_s_17161.xml"
"sublì","para_s_17162.xml"
"submarínu","para_s_17163.xml"
"submasinggan","para_s_17164.xml"
"submit","para_s_17165.xml"
"submitir","para_s_17166.xml"
"subpína","para_s_17167.xml"
"subra","para_s_17168.xml"
"subri","para_s_17169.xml"
"subrikáma","para_s_17170.xml"
"subrikargu","para_s_17171.xml"
"subsik.","para_s_17172.xml"
"subsub","para_s_17173.xml"
"subu","para_s_17174.xml"
"subù","para_s_17175.xml"
"súbuk","para_s_17176.xml"
"subul","para_s_17177.xml"
"*subung","para_s_17178.xml"
"súbung1","para_s_17179.xml"
"*súbung2","para_s_17180.xml"
"suburnu","para_s_17181.xml"
"súbut","para_s_17182.xml"
"subwak","para_s_17183.xml"
"súd","para_s_17184.xml"
"súda","para_s_17185.xml"
"sud-an","para_s_17186.xml"
"sud-ip","para_s_17187.xml"
"sudiyà","para_s_17188.xml"
"sudiyang1","para_s_17189.xml"
"sudiyang2","para_s_17190.xml"
"sudlay","para_s_17191.xml"
"sudlut","para_s_17192.xml"
"sudsud1","para_s_17193.xml"
"sudsud2","para_s_17194.xml"
"sud-uk","para_s_17195.xml"
"sud-ung","para_s_17196.xml"
"súduy","para_s_17197.xml"
"suga","para_s_17198.xml"
"sugà1","para_s_17199.xml"
"sugà2","para_s_17200.xml"
"sugabin","para_s_17201.xml"
"sugábu","para_s_17202.xml"
"sugákud","para_s_17203.xml"
"súgal","para_s_17204.xml"
"sugála","para_s_17205.xml"
"*sugamak hi-/ha-","para_s_17206.xml"
"sug-ang","para_s_17207.xml"
"sugapà","para_s_17208.xml"
"sugarul","para_s_17209.xml"
"súgat","para_s_17210.xml"
"sugatà","para_s_17211.xml"
"sugba","para_s_17212.xml"
"Sugbu1","para_s_17213.xml"
"sugbu2","para_s_17214.xml"
"sugi","para_s_17215.xml"
"súgid","para_s_17216.xml"
"sugígi","para_s_17217.xml"
"sugilagming","para_s_17218.xml"
"sugilakbit","para_s_17219.xml"
"sugilambung","para_s_17220.xml"
"sugilánun","para_s_17221.xml"
"sugílun","para_s_17222.xml"
"sugkay","para_s_17223.xml"
"suglib","para_s_17224.xml"
"sugmat","para_s_17225.xml"
"sugmaw","para_s_17226.xml"
"sugmuy","para_s_17227.xml"
"sugnib","para_s_17228.xml"
"sugnud","para_s_17229.xml"
"sugpà","para_s_17230.xml"
"sugpù","para_s_17231.xml"
"sugpung","para_s_17232.xml"
"sugput","para_s_17233.xml"
"sugpuy1","para_s_17234.xml"
"sugpuy2","para_s_17235.xml"
"sugpuy3","para_s_17236.xml"
"sugsug","para_s_17237.xml"
"sugsúg","para_s_17238.xml"
"súgù","para_s_17239.xml"
"*sug-u","para_s_17240.xml"
"sugub1","para_s_17241.xml"
"sugub2","para_s_17242.xml"
"sugud","para_s_17243.xml"
"súgud","para_s_17244.xml"
"súguk","para_s_17245.xml"
"sugung1","para_s_17246.xml"
"sugung2","para_s_17247.xml"
"sugut","para_s_17248.xml"
"súgut","para_s_17249.xml"
"sugwak","para_s_17250.xml"
"sugyut","para_s_17251.xml"
"súhà","para_s_17252.xml"
"suhì","para_s_17253.xml"
"suhid","para_s_17254.xml"
"súhid","para_s_17255.xml"
"suhildu","para_s_17256.xml"
"suhítu1","para_s_17257.xml"
"suhítu2","para_s_17258.xml"
"súhul","para_s_17259.xml"
"suhung, súhung","para_s_17260.xml"
"suhup","para_s_17261.xml"
"suhut","para_s_17262.xml"
"súhut","para_s_17263.xml"
"suik","para_s_17264.xml"
"súka","para_s_17265.xml"
"súkà","para_s_17266.xml"
"sukad — sa","para_s_17267.xml"
"súkad","para_s_17268.xml"
"sukalsukal","para_s_17269.xml"
"sukalu","para_s_17270.xml"
"sukam-ag","para_s_17271.xml"
"sukámang","para_s_17272.xml"
"sukámud","para_s_17273.xml"
"sukárap","para_s_17274.xml"
"súkat","para_s_17275.xml"
"sukbut","para_s_17276.xml"
"sukdip","para_s_17277.xml"
"súki","para_s_17278.xml"
"súkì","para_s_17279.xml"
"súkib","para_s_17280.xml"
"sukip","para_s_17281.xml"
"sukit","para_s_17282.xml"
"suklat","para_s_17283.xml"
"suklay","para_s_17284.xml"
"suklì","para_s_17285.xml"
"sukmag","para_s_17286.xml"
"sukmat","para_s_17287.xml"
"sukmil","para_s_17288.xml"
"suknà","para_s_17289.xml"
"suknib","para_s_17290.xml"
"suksuk","para_s_17291.xml"
"sukù","para_s_17292.xml"
"súkub","para_s_17293.xml"
"sukud","para_s_17294.xml"
"sukul","para_s_17295.xml"
"súkul","para_s_17296.xml"
"sukut","para_s_17297.xml"
"sukwahì","para_s_17298.xml"
"sul1","para_s_17299.xml"
"sul2","para_s_17300.xml"
"súla","para_s_17301.xml"
"sulà1","para_s_17302.xml"
"sulà2","para_s_17303.xml"
"súlà","para_s_17304.xml"
"sulab","para_s_17305.xml"
"súlab","para_s_17306.xml"
"sulábi","para_s_17307.xml"
"sulad, súlad","para_s_17308.xml"
"sulagmà","para_s_17309.xml"
"sulambì","para_s_17310.xml"
"sulaminti","para_s_17311.xml"
"sulampatid","para_s_17312.xml"
"sulang","para_s_17313.xml"
"sulanggà","para_s_17314.xml"
"sulápid","para_s_17315.xml"
"sular","para_s_17316.xml"
"sulat","para_s_17317.xml"
"sulatuk","para_s_17318.xml"
"sulaw","para_s_17319.xml"
"sulay","para_s_17320.xml"
"súlay2","para_s_17321.xml"
"sulaybagyu","para_s_17322.xml"
"sulbad","para_s_17323.xml"
"sulbǎr","para_s_17324.xml"
"sulbung","para_s_17325.xml"
"sulda","para_s_17326.xml"
"suldádu","para_s_17327.xml"
"súli","para_s_17328.xml"
"sulì","para_s_17329.xml"
"sulib","para_s_17330.xml"
"sulibag","para_s_17331.xml"
"súlid1","para_s_17332.xml"
"súlid2","para_s_17333.xml"
"sulíkat","para_s_17334.xml"
"sulimaw","para_s_17335.xml"
"sulimbad","para_s_17336.xml"
"sulimni","para_s_17337.xml"
"sulindir","para_s_17338.xml"
"súling","para_s_17339.xml"
"sulínga","para_s_17340.xml"
"sulípat1","para_s_17341.xml"
"sulípat2","para_s_17342.xml"
"suliping, sulíping","para_s_17343.xml"
"sulip-it","para_s_17344.xml"
"sulírab","para_s_17345.xml"
"suliran","para_s_17346.xml"
"sulírap1","para_s_17347.xml"
"sulírap2","para_s_17348.xml"
"sulírat","para_s_17349.xml"
"sulisilit","para_s_17350.xml"
"sulísit","para_s_17351.xml"
"sulisitadur","para_s_17352.xml"
"sulisitur hiniral","para_s_17353.xml"
"sulit","para_s_17354.xml"
"*súlit","para_s_17355.xml"
"sulitaryu","para_s_17356.xml"
"suliut","para_s_17357.xml"
"sulíut","para_s_17358.xml"
"sulíyaw","para_s_17359.xml"
"sulpa","para_s_17360.xml"
"sulpà","para_s_17361.xml"
"sulput","para_s_17362.xml"
"sulsul","para_s_17363.xml"
"sultáda","para_s_17364.xml"
"sultan","para_s_17365.xml"
"sultána","para_s_17366.xml"
"sulti","para_s_17367.xml"
"sultiánan","para_s_17368.xml"
"sultid bins","para_s_17369.xml"
"sultíra","para_s_17370.xml"
"sultíru","para_s_17371.xml"
"súlu","para_s_17372.xml"
"sulù","para_s_17373.xml"
"súlù","para_s_17374.xml"
"sul-ub","para_s_17375.xml"
"sulud","para_s_17376.xml"
"súlud","para_s_17377.xml"
"sulug","para_s_17378.xml"
"sulugsúlug","para_s_17379.xml"
"suluksuluk","para_s_17380.xml"
"sulum","para_s_17381.xml"
"sulumilyu","para_s_17382.xml"
"sulung","para_s_17383.xml"
"súlung1","para_s_17384.xml"
"súlung2","para_s_17385.xml"
"sul-ung","para_s_17386.xml"
"sulup","para_s_17387.xml"
"sulusiyun","para_s_17388.xml"
"súlut1","para_s_17389.xml"
"súlut2","para_s_17390.xml"
"sul-ut","para_s_17391.xml"
"suluwist, suluwista","para_s_17392.xml"
"sulyà","para_s_17393.xml"
"súm","para_s_17394.xml"
"súma","para_s_17395.xml"
"sumā̀","para_s_17396.xml"
"súmad","para_s_17397.xml"
"sumagang","para_s_17398.xml"
"sumálà1","para_s_17399.xml"
"sumálà2","para_s_17400.xml"
"sumalabit, sumalabits","para_s_17401.xml"
"súman","para_s_17402.xml"
"sumángil","para_s_17403.xml"
"sumarínu","para_s_17404.xml"
"sumat1","para_s_17405.xml"
"sumat2","para_s_17406.xml"
"sumatin","para_s_17407.xml"
"súmay","para_s_17408.xml"
"sumbag","para_s_17409.xml"
"sumbalihuk","para_s_17410.xml"
"sumbalik","para_s_17411.xml"
"sumbaling","para_s_17412.xml"
"sumban","para_s_17413.xml"
"sumbil","para_s_17414.xml"
"sumbíngay","para_s_17415.xml"
"sumbríya","para_s_17416.xml"
"sumbuhan","para_s_17417.xml"
"sumbung","para_s_17418.xml"
"súmil","para_s_17419.xml"
"sumitir","para_s_17420.xml"
"sumpà","para_s_17421.xml"
"sumpákì","para_s_17422.xml"
"sumpay","para_s_17423.xml"
"sumpit","para_s_17424.xml"
"sumpù","para_s_17425.xml"
"sumpung","para_s_17426.xml"
"sumput","para_s_17427.xml"
"sumsum","para_s_17428.xml"
"sumu1","para_s_17429.xml"
"sumu2","para_s_17430.xml"
"sum-uk","para_s_17431.xml"
"sum-ul","para_s_17432.xml"
"suna","para_s_17433.xml"
"súna","para_s_17434.xml"
"sun-ad","para_s_17435.xml"
"sunánuy","para_s_17436.xml"
"sunáta","para_s_17437.xml"
"sunaup","para_s_17438.xml"
"sunda1","para_s_17439.xml"
"sunda2","para_s_17440.xml"
"sundalísa","para_s_17441.xml"
"sundálu","para_s_17442.xml"
"sundang","para_s_17443.xml"
"sundanun","para_s_17444.xml"
"*sunding","para_s_17445.xml"
"sundug","para_s_17446.xml"
"súng","para_s_17447.xml"
"sungad","para_s_17448.xml"
"sungag","para_s_17449.xml"
"sung-ag","para_s_17450.xml"
"sungasung","para_s_17451.xml"
"súngay1","para_s_17452.xml"
"súngay2","para_s_17453.xml"
"sung-ay","para_s_17454.xml"
"sungban","para_s_17455.xml"
"sunggal","para_s_17456.xml"
"sunggat","para_s_17457.xml"
"sunggaw","para_s_17458.xml"
"sunggu","para_s_17459.xml"
"sunghan","para_s_17460.xml"
"sunghit, sunghits","para_s_17461.xml"
"súngì1","para_s_17462.xml"
"súngì2","para_s_17463.xml"
"súngil","para_s_17464.xml"
"sungisuk","para_s_17465.xml"
"sungkà","para_s_17466.xml"
"sungkab","para_s_17467.xml"
"sungkad","para_s_17468.xml"
"sungkil","para_s_17469.xml"
"sungkip","para_s_17470.xml"
"sungkit","para_s_17471.xml"
"sungkiub","para_s_17472.xml"
"sungkù","para_s_17473.xml"
"sungkud1","para_s_17474.xml"
"sungkud2","para_s_17475.xml"
"sungkudsungkud","para_s_17476.xml"
"sungkul","para_s_17477.xml"
"sunglug","para_s_17478.xml"
"sungpit","para_s_17479.xml"
"sungput","para_s_17480.xml"
"sungsung1","para_s_17481.xml"
"sungsung2","para_s_17482.xml"
"sungu","para_s_17483.xml"
"súngug","para_s_17484.xml"
"sung-un","para_s_17485.xml"
"sungut, súngut","para_s_17486.xml"
"súnguy","para_s_17487.xml"
"sunítu","para_s_17488.xml"
"sunluk","para_s_17489.xml"
"sunlut","para_s_17490.xml"
"sunsun","para_s_17491.xml"
"sunting","para_s_17492.xml"
"suntuk","para_s_17493.xml"
"súnù","para_s_17494.xml"
"sunub","para_s_17495.xml"
"sunud","para_s_17496.xml"
"sunug1","para_s_17497.xml"
"súnug","para_s_17498.xml"
"sunugan2","para_s_17499.xml"
"sun-uk","para_s_17500.xml"
"sun-an, sun-un","para_s_17501.xml"
"sun-ut","para_s_17502.xml"
"sunuy","para_s_17503.xml"
"supa","para_s_17504.xml"
"súpa","para_s_17505.xml"
"supà","para_s_17506.xml"
"súpak","para_s_17507.xml"
"sup-ak","para_s_17508.xml"
"súpan","para_s_17509.xml"
"súpang","para_s_17510.xml"
"súpas1","para_s_17511.xml"
"súpas2","para_s_17512.xml"
"súpat","para_s_17513.xml"
"supbul","para_s_17514.xml"
"sup dringk","para_s_17515.xml"
"súpi","para_s_17516.xml"
"súpil","para_s_17517.xml"
"supíra","para_s_17518.xml"
"supirbaysing","para_s_17519.xml"
"supirbaysur","para_s_17520.xml"
"supirbisar","para_s_17521.xml"
"supirbisur","para_s_17522.xml"
"supirbisúri","para_s_17523.xml"
"supirbisiyun, supirbisyun","para_s_17524.xml"
"supirintindint, supirintindinti","para_s_17525.xml"
"supir istár","para_s_17526.xml"
"supiriyur","para_s_17527.xml"
"supirmarkit","para_s_17528.xml"
"supiryúra","para_s_17529.xml"
"supla","para_s_17530.xml"
"suplágay","para_s_17531.xml"
"suplimintu","para_s_17532.xml"
"suplǐr","para_s_17533.xml"
"suplíti","para_s_17534.xml"
"suprímu","para_s_17535.xml"
"suprǐr","para_s_17536.xml"
"supsup","para_s_17537.xml"
"supsupun","para_s_17538.xml"
"supu","para_s_17539.xml"
"supurtǎr","para_s_17540.xml"
"supurtir","para_s_17541.xml"
"suput","para_s_17542.xml"
"súput","para_s_17543.xml"
"sup-ut","para_s_17544.xml"
"sur1","para_s_17545.xml"
"sur2","para_s_17546.xml"
"súra1","para_s_17547.xml"
"súra2","para_s_17548.xml"
"súrab","para_s_17549.xml"
"suraban","para_s_17550.xml"
"surambaw","para_s_17551.xml"
"surangsurang","para_s_17552.xml"
"surbi","para_s_17553.xml"
"surbíti","para_s_17554.xml"
"surihir","para_s_17555.xml"
"suriksurik","para_s_17556.xml"
"surindir","para_s_17557.xml"
"suringiw","para_s_17558.xml"
"surísu","para_s_17559.xml"
"súrit","para_s_17560.xml"
"surku","para_s_17561.xml"
"surpan","para_s_17562.xml"
"surplas","para_s_17563.xml"
"surprísa","para_s_17564.xml"
"sursi","para_s_17565.xml"
"surtídus","para_s_17566.xml"
"surtpan","para_s_17567.xml"
"súrù1","para_s_17568.xml"
"súruk","para_s_17569.xml"
"surup, súrup","para_s_17570.xml"
"surusúru","para_s_17571.xml"
"súruy","para_s_17572.xml"
"sus","para_s_17573.xml"
"súsa","para_s_17574.xml"
"susáyid","para_s_17575.xml"
"súsi","para_s_17576.xml"
"suskribir","para_s_17577.xml"
"suskrisiyun","para_s_17578.xml"
"suskritur","para_s_17579.xml"
"susmaríya","para_s_17580.xml"
"suspi","para_s_17581.xml"
"suspindǐr","para_s_17582.xml"
"suspinsu","para_s_17583.xml"
"suspíru, suspírus","para_s_17584.xml"
"suspitsa, suspitsǎr","para_s_17585.xml"
"suspitsu","para_s_17586.xml"
"sustansiya","para_s_17587.xml"
"sustinídu1","para_s_17588.xml"
"sustinídu2","para_s_17589.xml"
"sustinir","para_s_17590.xml"
"sustintu","para_s_17591.xml"
"súsu","para_s_17592.xml"
"susù","para_s_17593.xml"
"sùsù","para_s_17594.xml"
"susun","para_s_17595.xml"
"susut","para_s_17596.xml"
"susyádu","para_s_17597.xml"
"susyal","para_s_17598.xml"
"susyalayit","para_s_17599.xml"
"susyidad","para_s_17600.xml"
"susyu1","para_s_17601.xml"
"susyu2","para_s_17602.xml"
"sút","para_s_17603.xml"
"súta1","para_s_17604.xml"
"súta2","para_s_17605.xml"
"sútà","para_s_17606.xml"
"sutána","para_s_17607.xml"
"sutanghun","para_s_17608.xml"
"sutil1","para_s_17609.xml"
"sutil2","para_s_17610.xml"
"sutsut","para_s_17611.xml"
"sutuy","para_s_17612.xml"
"suub1","para_s_17613.xml"
"súub","para_s_17614.xml"
"suud","para_s_17615.xml"
"suudsúud","para_s_17616.xml"
"suuk","para_s_17617.xml"
"suul","para_s_17618.xml"
"súul","para_s_17619.xml"
"suun1","para_s_17620.xml"
"suun2","para_s_17621.xml"
"*súun","para_s_17622.xml"
"suung","para_s_17623.xml"
"súung","para_s_17624.xml"
"suup","para_s_17625.xml"
"suut","para_s_17626.xml"
"súut1","para_s_17627.xml"
"súut2","para_s_17628.xml"
"súuy","para_s_17629.xml"
"suwa","para_s_17630.xml"
"suwà1","para_s_17631.xml"
"suwà2","para_s_17632.xml"
"suwa-","para_s_17633.xml"
"súwal","para_s_17634.xml"
"suwat1","para_s_17635.xml"
"suwat2","para_s_17636.xml"
"súwat","para_s_17637.xml"
"suway bagyu","para_s_17638.xml"
"súwing gam","para_s_17639.xml"
"suwits","para_s_17640.xml"
"súyà","para_s_17641.xml"
"suyágit","para_s_17642.xml"
"súyak","para_s_17643.xml"
"suylà","para_s_17644.xml"
"suylan","para_s_17645.xml"
"suylas","para_s_17646.xml"
"suysuy","para_s_17647.xml"
"suyud","para_s_17648.xml"
"súyup","para_s_17649.xml"
"swá","para_s_17650.xml"
"swábi1","para_s_17651.xml"
"swábi2","para_s_17652.xml"
"swágir","para_s_17653.xml"
"swágit","para_s_17654.xml"
"swakan","para_s_17655.xml"
"swákì","para_s_17656.xml"
"swángit","para_s_17657.xml"
"swápang","para_s_17658.xml"
"swásid","para_s_17659.xml"
"swíbil","para_s_17660.xml"
"swildu","para_s_17661.xml"
"swiltu","para_s_17662.xml"
"swing","para_s_17663.xml"
"swíng","para_s_17664.xml"
"swípir","para_s_17665.xml"
"swipstik","para_s_17666.xml"
"swirti","para_s_17667.xml"
"swis línin","para_s_17668.xml"
"swít","para_s_17669.xml"
"swítik","para_s_17670.xml"
"swítir","para_s_17671.xml"
"swítu","para_s_17672.xml"
"syágit","para_s_17673.xml"
"syákuy","para_s_17674.xml"
"syálan","para_s_17675.xml"
"syampu","para_s_17676.xml"
"syánga","para_s_17677.xml"
"syáping","para_s_17678.xml"
"syapirun","para_s_17679.xml"
"syápù","para_s_17680.xml"
"syápul1","para_s_17681.xml"
"syápul2","para_s_17682.xml"
"syárap","para_s_17683.xml"
"syarpsyútir","para_s_17684.xml"
"syáru — ug","para_s_17685.xml"
"syát","para_s_17686.xml"
"syátir","para_s_17687.xml"
"syáuk","para_s_17688.xml"
"syáwir","para_s_17689.xml"
"syáwir parti","para_s_17690.xml"
"syíding","para_s_17691.xml"
"syílak","para_s_17692.xml"
"syimpri","para_s_17693.xml"
"syinsiya","para_s_17694.xml"
"syintipiku","para_s_17695.xml"
"syintu","para_s_17696.xml"
"syíring","para_s_17697.xml"
"syirtu","para_s_17698.xml"
"syista","para_s_17699.xml"
"syíti","para_s_17700.xml"
"syúap","para_s_17701.xml"
"syudad","para_s_17702.xml"
"syukang kaw","para_s_17703.xml"
"syuktung","para_s_17704.xml"
"syúmuy","para_s_17705.xml"
"syúpaw","para_s_17706.xml"
"syurtkat","para_s_17707.xml"
"syurt pants, syurts","para_s_17708.xml"
"syút1","para_s_17709.xml"
"syút2","para_s_17710.xml"
"syúting","para_s_17711.xml"
"syútis","para_s_17712.xml"
"ta1","para_t_17713.xml"
"ta2","para_t_17714.xml"
"tà1","para_t_17715.xml"
"tà2","para_t_17716.xml"
"táak","para_t_17717.xml"
"taal","para_t_17718.xml"
"taan","para_t_17719.xml"
"*taantaan","para_t_17720.xml"
"taas","para_t_17721.xml"
"taay","para_t_17722.xml"
"tā́b","para_t_17723.xml"
"tabà","para_t_17724.xml"
"tabaghak","para_t_17725.xml"
"tabagnul","para_t_17726.xml"
"tabagsak","para_t_17727.xml"
"tabagsuy","para_t_17728.xml"
"tabak","para_t_17729.xml"
"tab-ak","para_t_17730.xml"
"tabakalíra","para_t_17731.xml"
"tabákù","para_t_17732.xml"
"tabal","para_t_17733.xml"
"tabal-ak","para_t_17734.xml"
"tában","para_t_17735.xml"
"tabanaw","para_t_17736.xml"
"tábang","para_t_17737.xml"
"tab-ang","para_t_17738.xml"
"tabangkà","para_t_17739.xml"
"tabangkù","para_t_17740.xml"
"tabánug","para_t_17741.xml"
"tábas","para_t_17742.xml"
"tábaw","para_t_17743.xml"
"tabawung","para_t_17744.xml"
"tábay","para_t_17745.xml"
"tabáyag","para_t_17746.xml"
"tabì","para_t_17747.xml"
"tábì2","para_t_17748.xml"
"tabíbì","para_t_17749.xml"
"tabid1","para_t_17750.xml"
"tabid2","para_t_17751.xml"
"tabig","para_t_17752.xml"
"tabígì","para_t_17753.xml"
"tabíki","para_t_17754.xml"
"tabikung","para_t_17755.xml"
"tábil","para_t_17756.xml"
"tabiláwan","para_t_17757.xml"
"tabili","para_t_17758.xml"
"tabílis","para_t_17759.xml"
"tabilung","para_t_17760.xml"
"tabilus","para_t_17761.xml"
"tabing","para_t_17762.xml"
"tabírak","para_t_17763.xml"
"tabirnakulu","para_t_17764.xml"
"tabirwak","para_t_17765.xml"
"tabisay","para_t_17766.xml"
"tabíwis","para_t_17767.xml"
"tabla1","para_t_17768.xml"
"tabla2","para_t_17769.xml"
"tabla3","para_t_17770.xml"
"tabládu","para_t_17771.xml"
"tablaw","para_t_17772.xml"
"tablíta, tablítas","para_t_17773.xml"
"tablíya","para_t_17774.xml"
"tablug","para_t_17775.xml"
"tablun","para_t_17776.xml"
"tabtab","para_t_17777.xml"
"tábù","para_t_17778.xml"
"tabudlung","para_t_17779.xml"
"tabudyus","para_t_17780.xml"
"tabug","para_t_17781.xml"
"tábug1","para_t_17782.xml"
"tábug2","para_t_17783.xml"
"tábug3","para_t_17784.xml"
"tabugsuk1","para_t_17785.xml"
"tabugsuk2","para_t_17786.xml"
"tabuguk","para_t_17787.xml"
"tabuk","para_t_17788.xml"
"tabukaw","para_t_17789.xml"
"Tabúli","para_t_17790.xml"
"tábun1","para_t_17791.xml"
"tábun2","para_t_17792.xml"
"tábung","para_t_17793.xml"
"tab-ung","para_t_17794.xml"
"tabunuk","para_t_17795.xml"
"tabúnun","para_t_17796.xml"
"tabunus","para_t_17797.xml"
"taburíti","para_t_17798.xml"
"tabuylug1","para_t_17799.xml"
"tabuylug2","para_t_17800.xml"
"tabyáyung","para_t_17801.xml"
"tabyug","para_t_17802.xml"
"tabyun","para_t_17803.xml"
"tabyus","para_t_17804.xml"
"tád","para_t_17805.xml"
"tadhan","para_t_17806.xml"
"tadiyà","para_t_17807.xml"
"tadiyaw","para_t_17808.xml"
"tadlas","para_t_17809.xml"
"tadlip","para_t_17810.xml"
"tadluk","para_t_17811.xml"
"tadlung","para_t_17812.xml"
"tadlungan","para_t_17813.xml"
"tadluy","para_t_17814.xml"
"tadtad","para_t_17815.xml"
"tadyak","para_t_17816.xml"
"tadyaw","para_t_17817.xml"
"tadyus","para_t_17818.xml"
"tadyùtù","para_t_17819.xml"
"tág","para_t_17820.xml"
"tag-1","para_t_17821.xml"
"tag-2","para_t_17822.xml"
"tagà1","para_t_17823.xml"
"tagà2","para_t_17824.xml"
"*tágà","para_t_17825.xml"
"taga-","para_t_17826.xml"
"taga-(→)","para_t_17827.xml"
"tagábung1","para_t_17828.xml"
"tagábung2","para_t_17829.xml"
"tagad","para_t_17830.xml"
"tagadtad","para_t_17831.xml"
"tagak1","para_t_17832.xml"
"tágak","para_t_17833.xml"
"tagaktak1","para_t_17834.xml"
"tagaktak2","para_t_17835.xml"
"tagal","para_t_17836.xml"
"tagála","para_t_17837.xml"
"tagalubi","para_t_17838.xml"
"Tagálug","para_t_17839.xml"
"tagalúla","para_t_17840.xml"
"tagam","para_t_17841.xml"
"tagamtam","para_t_17842.xml"
"tag-an","para_t_17843.xml"
"tagána","para_t_17844.xml"
"taganas","para_t_17845.xml"
"tágas","para_t_17846.xml"
"tagasak, tagásak","para_t_17847.xml"
"tagasanta, tagasantu","para_t_17848.xml"
"tagáuk","para_t_17849.xml"
"tagaw","para_t_17850.xml"
"tagawtaw","para_t_17851.xml"
"tágay","para_t_17852.xml"
"tagaylu","para_t_17853.xml"
"tagaytay","para_t_17854.xml"
"tagbagu","para_t_17855.xml"
"tagbak1","para_t_17856.xml"
"tagbak2","para_t_17857.xml"
"tagbaw","para_t_17858.xml"
"tagbaya1","para_t_17859.xml"
"tagbaya2","para_t_17860.xml"
"tagbù","para_t_17861.xml"
"tagduk","para_t_17862.xml"
"tagduy","para_t_17863.xml"
"tagdyaw","para_t_17864.xml"
"taghap","para_t_17865.xml"
"taghud","para_t_17866.xml"
"taghuy","para_t_17867.xml"
"tagibanwa","para_t_17868.xml"
"tagidiyut","para_t_17869.xml"
"tágik","para_t_17870.xml"
"tagiktik","para_t_17871.xml"
"tagilhus","para_t_17872.xml"
"tagilhaw","para_t_17873.xml"
"tagilma","para_t_17874.xml"
"tagilpù","para_t_17875.xml"
"tagiltil","para_t_17876.xml"
"tagilumbuy","para_t_17877.xml"
"tagiluyluy","para_t_17878.xml"
"tagíma","para_t_17879.xml"
"tagimata","para_t_17880.xml"
"tagimtim1","para_t_17881.xml"
"tagimtim2","para_t_17882.xml"
"tagingting","para_t_17883.xml"
"taginhus","para_t_17884.xml"
"tagiptip","para_t_17885.xml"
"tagitági","para_t_17886.xml"
"tagìtì","para_t_17887.xml"
"tagiwálu","para_t_17888.xml"
"tag-íya","para_t_17889.xml"
"tagkus","para_t_17890.xml"
"tagmaya","para_t_17891.xml"
"tagming","para_t_17892.xml"
"tagmuk","para_t_17893.xml"
"tagnà","para_t_17894.xml"
"tagning","para_t_17895.xml"
"tagnipà","para_t_17896.xml"
"tagnípis","para_t_17897.xml"
"tagnuk","para_t_17898.xml"
"tagpas","para_t_17899.xml"
"tagpilaw","para_t_17900.xml"
"tagpis","para_t_17901.xml"
"tagpud","para_t_17902.xml"
"tagsa","para_t_17903.xml"
"tagsaun","para_t_17904.xml"
"tagsikan","para_t_17905.xml"
"tagsip","para_t_17906.xml"
"tagsuk","para_t_17907.xml"
"tagù","para_t_17908.xml"
"tágù","para_t_17909.xml"
"taguangkan","para_t_17910.xml"
"tagubtub","para_t_17911.xml"
"tágud1","para_t_17912.xml"
"tágud2","para_t_17913.xml"
"tagudtud","para_t_17914.xml"
"taguk","para_t_17915.xml"
"taguktuk","para_t_17916.xml"
"taguláki","para_t_17917.xml"
"tagulhus","para_t_17918.xml"
"tagulílung","para_t_17919.xml"
"tagultul1","para_t_17920.xml"
"tagultul2","para_t_17921.xml"
"tagul-ul","para_t_17922.xml"
"tágum","para_t_17923.xml"
"tagumbul","para_t_17924.xml"
"tágun","para_t_17925.xml"
"tagungtung","para_t_17926.xml"
"taguntun1","para_t_17927.xml"
"taguntun2","para_t_17928.xml"
"taguraláki","para_t_17929.xml"
"tagurha","para_t_17930.xml"
"tag-usà","para_t_17931.xml"
"tagustus","para_t_17932.xml"
"tagùtù1","para_t_17933.xml"
"tagùtù2","para_t_17934.xml"
"tagùtù3","para_t_17935.xml"
"tagutungan","para_t_17936.xml"
"tagyaw","para_t_17937.xml"
"tagyum","para_t_17938.xml"
"tahà","para_t_17939.xml"
"tahal","para_t_17940.xml"
"tahan","para_t_17941.xml"
"táhap","para_t_17942.xml"
"táhas","para_t_17943.xml"
"tahì","para_t_17944.xml"
"tahirig","para_t_17945.xml"
"tahisyan, tahisyan bird","para_t_17946.xml"
"tahu, tahù1","para_t_17947.xml"
"tahù2","para_t_17948.xml"
"tahud","para_t_17949.xml"
"táhud","para_t_17950.xml"
"tahum","para_t_17951.xml"
"tàhung","para_t_17952.xml"
"tahup","para_t_17953.xml"
"tahur","para_t_17954.xml"
"tahuri, tahúri, tahurì, tahúris","para_t_17955.xml"
"tahusyu","para_t_17956.xml"
"tahuy1","para_t_17957.xml"
"tahuy2","para_t_17958.xml"
"tái","para_t_17959.xml"
"taka","para_t_17960.xml"
"*takà, *tákà","para_t_17961.xml"
"takaba, takabà","para_t_17962.xml"
"takad","para_t_17963.xml"
"tákal1","para_t_17964.xml"
"tákal2","para_t_17965.xml"
"tak-al","para_t_17966.xml"
"takam, tákam","para_t_17967.xml"
"takandal","para_t_17968.xml"
"tákang","para_t_17969.xml"
"tak-ang","para_t_17970.xml"
"tákas","para_t_17971.xml"
"takba","para_t_17972.xml"
"takbas","para_t_17973.xml"
"takbuy","para_t_17974.xml"
"takdà","para_t_17975.xml"
"takdang","para_t_17976.xml"
"takdù","para_t_17977.xml"
"takdul1","para_t_17978.xml"
"takduy","para_t_17979.xml"
"takgus","para_t_17980.xml"
"takiang","para_t_17981.xml"
"tákig","para_t_17982.xml"
"takigrapíya","para_t_17983.xml"
"takigrapu","para_t_17984.xml"
"takihud, takíhud","para_t_17985.xml"
"takílid","para_t_17986.xml"
"takilpù","para_t_17987.xml"
"takilya","para_t_17988.xml"
"takin","para_t_17989.xml"
"tak-in","para_t_17990.xml"
"takinding","para_t_17991.xml"
"takingking","para_t_17992.xml"
"takinhud","para_t_17993.xml"
"takip","para_t_17994.xml"
"taklà","para_t_17995.xml"
"taklap","para_t_17996.xml"
"taklas","para_t_17997.xml"
"taklay","para_t_17998.xml"
"taklì","para_t_17999.xml"
"taklíad","para_t_18000.xml"
"taklid","para_t_18001.xml"
"taklíma","para_t_18002.xml"
"taklub","para_t_18003.xml"
"taklúbu","para_t_18004.xml"
"taklung","para_t_18005.xml"
"taklus","para_t_18006.xml"
"takmag","para_t_18007.xml"
"takmù1","para_t_18008.xml"
"takmul","para_t_18009.xml"
"takna","para_t_18010.xml"
"taknà","para_t_18011.xml"
"taksay","para_t_18012.xml"
"taksi","para_t_18013.xml"
"taksì1","para_t_18014.xml"
"taksì2","para_t_18015.xml"
"taksikab","para_t_18016.xml"
"taksinilya","para_t_18017.xml"
"taktak","para_t_18018.xml"
"taktakun","para_t_18019.xml"
"taktika","para_t_18020.xml"
"taktikal","para_t_18021.xml"
"táku","para_t_18022.xml"
"takúan","para_t_18023.xml"
"takub","para_t_18024.xml"
"takúb","para_t_18025.xml"
"takubu","para_t_18026.xml"
"takúbu","para_t_18027.xml"
"takubù","para_t_18028.xml"
"takud","para_t_18029.xml"
"tákud","para_t_18030.xml"
"takúg","para_t_18031.xml"
"takúgan","para_t_18032.xml"
"takúkung","para_t_18033.xml"
"tákul","para_t_18034.xml"
"takuláhaw","para_t_18035.xml"
"takuling1","para_t_18036.xml"
"takuling2","para_t_18037.xml"
"tak-um","para_t_18038.xml"
"takumba","para_t_18039.xml"
"takun","para_t_18040.xml"
"tákung","para_t_18041.xml"
"takup","para_t_18042.xml"
"tak-up","para_t_18043.xml"
"takúpis","para_t_18044.xml"
"takurì","para_t_18045.xml"
"takus","para_t_18046.xml"
"tákut","para_t_18047.xml"
"takuyan, takúyan","para_t_18048.xml"
"takwáhaw","para_t_18049.xml"
"takwal, takwar","para_t_18050.xml"
"takway","para_t_18051.xml"
"takyab","para_t_18052.xml"
"takyan","para_t_18053.xml"
"takyap","para_t_18054.xml"
"tál","para_t_18055.xml"
"tala1","para_t_18056.xml"
"tala2","para_t_18057.xml"
"talà","para_t_18058.xml"
"tálà1","para_t_18059.xml"
"tálà2","para_t_18060.xml"
"tálab","para_t_18061.xml"
"talaba","para_t_18062.xml"
"talában","para_t_18063.xml"
"talabánug","para_t_18064.xml"
"talábun, talábung","para_t_18065.xml"
"tálad","para_t_18066.xml"
"taladru","para_t_18067.xml"
"talagabung","para_t_18068.xml"
"talagbagu","para_t_18069.xml"
"talagsa","para_t_18070.xml"
"talaguy","para_t_18071.xml"
"taláhib","para_t_18072.xml"
"taláid","para_t_18073.xml"
"talakítuk","para_t_18074.xml"
"talalak","para_t_18075.xml"
"talampad","para_t_18076.xml"
"tálang","para_t_18077.xml"
"talangígù","para_t_18078.xml"
"talantar","para_t_18079.xml"
"talantun","para_t_18080.xml"
"talapya","para_t_18081.xml"
"tálas","para_t_18082.xml"
"talatala","para_t_18083.xml"
"taláuk","para_t_18084.xml"
"tálaw","para_t_18085.xml"
"talay","para_t_18086.xml"
"tálay","para_t_18087.xml"
"talaytay","para_t_18088.xml"
"talayung","para_t_18089.xml"
"talhà","para_t_18090.xml"
"talhung","para_t_18091.xml"
"tali","para_t_18092.xml"
"táli1","para_t_18093.xml"
"táli2","para_t_18094.xml"
"táli3, tálì1","para_t_18095.xml"
"tálì2","para_t_18096.xml"
"tali-","para_t_18097.xml"
"taliadlaw","para_t_18098.xml"
"tálib","para_t_18099.xml"
"talibud","para_t_18100.xml"
"talibugsuk","para_t_18101.xml"
"talibwag","para_t_18102.xml"
"talidhay","para_t_18103.xml"
"talidngan","para_t_18104.xml"
"talidúngan","para_t_18105.xml"
"taligamà","para_t_18106.xml"
"taligátus","para_t_18107.xml"
"taligmata","para_t_18108.xml"
"taligngan","para_t_18109.xml"
"taligráma","para_t_18110.xml"
"taligsik","para_t_18111.xml"
"taligsuy","para_t_18112.xml"
"talíis","para_t_18113.xml"
"talikála, talikalà, talikálà","para_t_18114.xml"
"talikìtikì","para_t_18115.xml"
"talikud1","para_t_18116.xml"
"talikud2","para_t_18117.xml"
"talimughat","para_t_18118.xml"
"talínga","para_t_18119.xml"
"talinggab","para_t_18120.xml"
"*talinghug","para_t_18121.xml"
"talingting","para_t_18122.xml"
"talingtíngun1","para_t_18123.xml"
"talingtíngun2","para_t_18124.xml"
"talínis","para_t_18125.xml"
"talintu","para_t_18126.xml"
"talinugù","para_t_18127.xml"
"talínum","para_t_18128.xml"
"talinupsan","para_t_18129.xml"
"talinùtinù","para_t_18130.xml"
"tálip","para_t_18131.xml"
"talipsay1","para_t_18132.xml"
"talipsay2","para_t_18133.xml"
"taliptip","para_t_18134.xml"
"talirúngan","para_t_18135.xml"
"talis","para_t_18136.xml"
"talísay","para_t_18137.xml"
"talisik","para_t_18138.xml"
"talithi, talithì","para_t_18139.xml"
"taliti","para_t_18140.xml"
"talìtì","para_t_18141.xml"
"taliunduk","para_t_18142.xml"
"taliwálà","para_t_18143.xml"
"talíwan","para_t_18144.xml"
"taliwtiw","para_t_18145.xml"
"taliyir","para_t_18146.xml"
"taliyuk","para_t_18147.xml"
"talyir","para_t_18148.xml"
"talku","para_t_18149.xml"
"taltag","para_t_18150.xml"
"taltal","para_t_18151.xml"
"*talu","para_t_18152.xml"
"tálu","para_t_18153.xml"
"talù","para_t_18154.xml"
"talubig","para_t_18155.xml"
"taludtud","para_t_18156.xml"
"talukbuy1","para_t_18157.xml"
"talukbuy2","para_t_18158.xml"
"taluktuk","para_t_18159.xml"
"*talulu","para_t_18160.xml"
"talumbang","para_t_18161.xml"
"talumtum","para_t_18162.xml"
"talumus","para_t_18163.xml"
"talun","para_t_18164.xml"
"talung","para_t_18165.xml"
"talungan","para_t_18166.xml"
"talúnung","para_t_18167.xml"
"tal-up","para_t_18168.xml"
"talupì","para_t_18169.xml"
"talusì","para_t_18170.xml"
"talùtalù","para_t_18171.xml"
"taluthu","para_t_18172.xml"
"talùtù1","para_t_18173.xml"
"talùtù2","para_t_18174.xml"
"taluut","para_t_18175.xml"
"talyáda","para_t_18176.xml"
"tama","para_t_18177.xml"
"tamà","para_t_18178.xml"
"támà2","para_t_18179.xml"
"tamâ","para_t_18180.xml"
"tamad","para_t_18181.xml"
"tamáing","para_t_18182.xml"
"támak","para_t_18183.xml"
"tam-ak1","para_t_18184.xml"
"tam-ak2","para_t_18185.xml"
"tamalà","para_t_18186.xml"
"tamális","para_t_18187.xml"
"táman","para_t_18188.xml"
"tamaraw","para_t_18189.xml"
"tamarindu","para_t_18190.xml"
"tamarung","para_t_18191.xml"
"*támas panamastámas","para_t_18192.xml"
"tamasak","para_t_18193.xml"
"tamásuk","para_t_18194.xml"
"tamátis","para_t_18195.xml"
"támay","para_t_18196.xml"
"tamba","para_t_18197.xml"
"tambag","para_t_18198.xml"
"tambagísa, tambagísà","para_t_18199.xml"
"tambak","para_t_18200.xml"
"tambal","para_t_18201.xml"
"tambalígay","para_t_18202.xml"
"tambaliyug","para_t_18203.xml"
"tambalíyung","para_t_18204.xml"
"tambalùlù, tambaluslus","para_t_18205.xml"
"tamban","para_t_18206.xml"
"tambangúngu","para_t_18207.xml"
"tambasákan","para_t_18208.xml"
"tambaúlì","para_t_18209.xml"
"tambaw","para_t_18210.xml"
"tambawu","para_t_18211.xml"
"tambayáwan","para_t_18212.xml"
"tambayáyung","para_t_18213.xml"
"tambid","para_t_18214.xml"
"tambilagaw","para_t_18215.xml"
"tambilágaw","para_t_18216.xml"
"tambis","para_t_18217.xml"
"tambiyúlu","para_t_18218.xml"
"tambling","para_t_18219.xml"
"tambù1","para_t_18220.xml"
"tambù2","para_t_18221.xml"
"tambúbu","para_t_18222.xml"
"tambubúan","para_t_18223.xml"
"tambubúkag","para_t_18224.xml"
"tambud","para_t_18225.xml"
"tambug","para_t_18226.xml"
"tambuk1","para_t_18227.xml"
"tambuk2","para_t_18228.xml"
"tambukàkà, tambukákà","para_t_18229.xml"
"tambukíkuy","para_t_18230.xml"
"tambúku","para_t_18231.xml"
"tambul1","para_t_18232.xml"
"tambul2","para_t_18233.xml"
"tambula","para_t_18234.xml"
"tambúli, tambúlì","para_t_18235.xml"
"tambulingaw","para_t_18236.xml"
"tambúluk","para_t_18237.xml"
"tambun","para_t_18238.xml"
"tambung","para_t_18239.xml"
"tambur","para_t_18240.xml"
"tamburábug","para_t_18241.xml"
"tamburabuy","para_t_18242.xml"
"tamburábuy","para_t_18243.xml"
"tamburin","para_t_18244.xml"
"tambutsu","para_t_18245.xml"
"tam dyuns","para_t_18246.xml"
"tamhan","para_t_18247.xml"
"tamhang","para_t_18248.xml"
"tamhung","para_t_18249.xml"
"támì","para_t_18250.xml"
"tamíaw","para_t_18251.xml"
"tamíhid","para_t_18252.xml"
"tamilì","para_t_18253.xml"
"tamíluk1","para_t_18254.xml"
"tamíluk2","para_t_18255.xml"
"taming","para_t_18256.xml"
"tam-is","para_t_18257.xml"
"tamislat","para_t_18258.xml"
"tamlà","para_t_18259.xml"
"tampa, tampà1","para_t_18260.xml"
"tampà2","para_t_18261.xml"
"tampà3","para_t_18262.xml"
"tampad","para_t_18263.xml"
"tampak","para_t_18264.xml"
"tampal","para_t_18265.xml"
"tampálas","para_t_18266.xml"
"tampaling","para_t_18267.xml"
"tampalung","para_t_18268.xml"
"tamparus","para_t_18269.xml"
"tampi","para_t_18270.xml"
"tampì1","para_t_18271.xml"
"tampì2","para_t_18272.xml"
"tampihak","para_t_18273.xml"
"tampil","para_t_18274.xml"
"tamping","para_t_18275.xml"
"tampípì","para_t_18276.xml"
"tampiri","para_t_18277.xml"
"tampu","para_t_18278.xml"
"tampuk1","para_t_18279.xml"
"tampuk2","para_t_18280.xml"
"tampulung","para_t_18281.xml"
"tampúng","para_t_18282.xml"
"tampuug","para_t_18283.xml"
"tampuuk","para_t_18284.xml"
"tampúung","para_t_18285.xml"
"tampuy","para_t_18286.xml"
"tamsi","para_t_18287.xml"
"tamstak","para_t_18288.xml"
"tamsun","para_t_18289.xml"
"tamtaks","para_t_18290.xml"
"*tamtám","para_t_18291.xml"
"tamud","para_t_18292.xml"
"támug","para_t_18293.xml"
"tam-ug","para_t_18294.xml"
"tam-uk","para_t_18295.xml"
"tamulù","para_t_18296.xml"
"támus","para_t_18297.xml"
"tamuy","para_t_18298.xml"
"tan","para_t_18299.xml"
"tana, tána","para_t_18300.xml"
"tanáman","para_t_18301.xml"
"tanan","para_t_18302.xml"
"tan-aw","para_t_18303.xml"
"tandà1","para_t_18304.xml"
"tandà2","para_t_18305.xml"
"tandang","para_t_18306.xml"
"tanday","para_t_18307.xml"
"tandáyag","para_t_18308.xml"
"tandì","para_t_18309.xml"
"tanding","para_t_18310.xml"
"tandù","para_t_18311.xml"
"tandug","para_t_18312.xml"
"tanduktanduk","para_t_18313.xml"
"tánga","para_t_18314.xml"
"tangà","para_t_18315.xml"
"tángà","para_t_18316.xml"
"tangad, tángad","para_t_18317.xml"
"tangag, tángag","para_t_18318.xml"
"tangali, tangáli","para_t_18319.xml"
"tangantángan","para_t_18320.xml"
"tángas","para_t_18321.xml"
"tangay1","para_t_18322.xml"
"tangay2","para_t_18323.xml"
"tangba","para_t_18324.xml"
"tangbid","para_t_18325.xml"
"tangbù1","para_t_18326.xml"
"tangbù2","para_t_18327.xml"
"tangday","para_t_18328.xml"
"tangdì","para_t_18329.xml"
"tangding","para_t_18330.xml"
"tangdù","para_t_18331.xml"
"tanggab","para_t_18332.xml"
"tanggal","para_t_18333.xml"
"tanggíli1","para_t_18334.xml"
"tanggíli2","para_t_18335.xml"
"tanggu","para_t_18336.xml"
"tanggu3, tanggub1","para_t_18337.xml"
"tanggub2","para_t_18338.xml"
"tanggung","para_t_18339.xml"
"tanghag","para_t_18340.xml"
"tanghágà","para_t_18341.xml"
"tanghal","para_t_18342.xml"
"tanghun","para_t_18343.xml"
"tangì","para_t_18344.xml"
"tangígi","para_t_18345.xml"
"tangil","para_t_18346.xml"
"tangíngi","para_t_18347.xml"
"tangis","para_t_18348.xml"
"tangítang","para_t_18349.xml"
"tangkà","para_t_18350.xml"
"tangkag","para_t_18351.xml"
"tangkal","para_t_18352.xml"
"tangkalù","para_t_18353.xml"
"tangkas","para_t_18354.xml"
"tangki","para_t_18355.xml"
"tangkig","para_t_18356.xml"
"tangkihud","para_t_18357.xml"
"tangkil","para_t_18358.xml"
"tangkiyu","para_t_18359.xml"
"tangkù","para_t_18360.xml"
"tangkub","para_t_18361.xml"
"tangkuban","para_t_18362.xml"
"tangkud","para_t_18363.xml"
"tangkúgù","para_t_18364.xml"
"tangkul1","para_t_18365.xml"
"tangkul2","para_t_18366.xml"
"tangkung","para_t_18367.xml"
"tanglad","para_t_18368.xml"
"tanglas","para_t_18369.xml"
"tangpi","para_t_18370.xml"
"tangsà1","para_t_18371.xml"
"tangsà2","para_t_18372.xml"
"tangsi","para_t_18373.xml"
"tangsù","para_t_18374.xml"
"tangtang","para_t_18375.xml"
"tangu","para_t_18376.xml"
"tangud","para_t_18377.xml"
"tang-ug","para_t_18378.xml"
"tángul","para_t_18379.xml"
"tangul-ul","para_t_18380.xml"
"tang-un","para_t_18381.xml"
"tangunan","para_t_18382.xml"
"tangway","para_t_18383.xml"
"tangyad","para_t_18384.xml"
"taniag","para_t_18385.xml"
"tánil","para_t_18386.xml"
"táning","para_t_18387.xml"
"tanlad","para_t_18388.xml"
"tanlag","para_t_18389.xml"
"tanlak","para_t_18390.xml"
"tanlas","para_t_18391.xml"
"tansan","para_t_18392.xml"
"tansil","para_t_18393.xml"
"tantan1","para_t_18394.xml"
"tantan2","para_t_18395.xml"
"tantiya, tantíya, tantíyar","para_t_18396.xml"
"tantu1","para_t_18397.xml"
"tantu2","para_t_18398.xml"
"tanud1","para_t_18399.xml"
"tanud2","para_t_18400.xml"
"tánud","para_t_18401.xml"
"tanug","para_t_18402.xml"
"tan-ug","para_t_18403.xml"
"tanuk","para_t_18404.xml"
"tanum","para_t_18405.xml"
"tanungan","para_t_18406.xml"
"tánus","para_t_18407.xml"
"tan-us","para_t_18408.xml"
"tanyag","para_t_18409.xml"
"táp","para_t_18410.xml"
"tapa","para_t_18411.xml"
"tápa","para_t_18412.xml"
"tapad, tápad","para_t_18413.xml"
"tápak","para_t_18414.xml"
"tap-ak","para_t_18415.xml"
"tapal","para_t_18416.xml"
"tápal","para_t_18417.xml"
"tapalúdu","para_t_18418.xml"
"tápan","para_t_18419.xml"
"tap-an","para_t_18420.xml"
"tapang","para_t_18421.xml"
"tapangku","para_t_18422.xml"
"tapar","para_t_18423.xml"
"tapas","para_t_18424.xml"
"tapat","para_t_18425.xml"
"tápay1","para_t_18426.xml"
"tápay2","para_t_18427.xml"
"tapdagan","para_t_18428.xml"
"tapdagay","para_t_18429.xml"
"tapdas","para_t_18430.xml"
"tapdawun","para_t_18431.xml"
"taphaw","para_t_18432.xml"
"tapi1","para_t_18433.xml"
"tapi2","para_t_18434.xml"
"tápig","para_t_18435.xml"
"tapigas","para_t_18436.xml"
"tapik","para_t_18437.xml"
"tápik","para_t_18438.xml"
"tap-il","para_t_18439.xml"
"tapindas","para_t_18440.xml"
"táping","para_t_18441.xml"
"tap-ing","para_t_18442.xml"
"tapiri","para_t_18443.xml"
"tápir wír","para_t_18444.xml"
"tapis, tápis","para_t_18445.xml"
"tapíta","para_t_18446.xml"
"tapíti","para_t_18447.xml"
"tapiun","para_t_18448.xml"
"taplud","para_t_18449.xml"
"tapnatsir","para_t_18450.xml"
"tapsay","para_t_18451.xml"
"tapsing","para_t_18452.xml"
"taptap","para_t_18453.xml"
"taptin","para_t_18454.xml"
"tápù","para_t_18455.xml"
"tapuk","para_t_18456.xml"
"tápuk1","para_t_18457.xml"
"tápuk2","para_t_18458.xml"
"tapukù","para_t_18459.xml"
"tapul","para_t_18460.xml"
"tápul","para_t_18461.xml"
"tapun1","para_t_18462.xml"
"tapun2","para_t_18463.xml"
"tap-ung","para_t_18464.xml"
"tapun-ug","para_t_18465.xml"
"tapuruk","para_t_18466.xml"
"tápus1","para_t_18467.xml"
"tápus2","para_t_18468.xml"
"tap-us","para_t_18469.xml"
"tapusuk","para_t_18470.xml"
"taput","para_t_18471.xml"
"tapuy","para_t_18472.xml"
"tapwak","para_t_18473.xml"
"tapya","para_t_18474.xml"
"tapyas","para_t_18475.xml"
"tarà","para_t_18476.xml"
"tarabáhu","para_t_18477.xml"
"tarabisíya","para_t_18478.xml"
"taráha","para_t_18479.xml"
"tarák","para_t_18480.xml"
"taraktarak1","para_t_18481.xml"
"taraktarak2","para_t_18482.xml"
"táral","para_t_18483.xml"
"tarangka","para_t_18484.xml"
"taranta, tarantǎr","para_t_18485.xml"
"taras","para_t_18486.xml"
"tarbáhu","para_t_18487.xml"
"tardang1","para_t_18488.xml"
"*tardang2","para_t_18489.xml"
"targit","para_t_18490.xml"
"tarha","para_t_18491.xml"
"tarhíta","para_t_18492.xml"
"tárì","para_t_18493.xml"
"tarik","para_t_18494.xml"
"taríkì","para_t_18495.xml"
"taríma","para_t_18496.xml"
"taringtaring","para_t_18497.xml"
"tarípa","para_t_18498.xml"
"tarírit","para_t_18499.xml"
"tariya, taríya","para_t_18500.xml"
"tarsan","para_t_18501.xml"
"tarsin","para_t_18502.xml"
"tartanilya","para_t_18503.xml"
"táru","para_t_18504.xml"
"tarug","para_t_18505.xml"
"tarughuy","para_t_18506.xml"
"tarugsuy","para_t_18507.xml"
"tarúgu","para_t_18508.xml"
"táruk","para_t_18509.xml"
"tárung","para_t_18510.xml"
"tarúngan","para_t_18511.xml"
"tarúrut","para_t_18512.xml"
"tarúti","para_t_18513.xml"
"tarútut","para_t_18514.xml"
"tarútuy","para_t_18515.xml"
"táruy","para_t_18516.xml"
"tása, tásà","para_t_18517.xml"
"tasadur","para_t_18518.xml"
"tasal","para_t_18519.xml"
"tasar","para_t_18520.xml"
"tasasiyun","para_t_18521.xml"
"tásik","para_t_18522.xml"
"taslak","para_t_18523.xml"
"taslup","para_t_18524.xml"
"tasngà","para_t_18525.xml"
"taspuk","para_t_18526.xml"
"tastas","para_t_18527.xml"
"táta","para_t_18528.xml"
"tátà","para_t_18529.xml"
"tàtà1","para_t_18530.xml"
"tàtà2","para_t_18531.xml"
"tatak","para_t_18532.xml"
"tátang","para_t_18533.xml"
"tátaw","para_t_18534.xml"
"tatay, tátay","para_t_18535.xml"
"tatha","para_t_18536.xml"
"táting","para_t_18537.xml"
"tatsa","para_t_18538.xml"
"tatsǎr","para_t_18539.xml"
"tatsing","para_t_18540.xml"
"tatsu","para_t_18541.xml"
"tatu, tatù","para_t_18542.xml"
"tátut","para_t_18543.xml"
"tatuwa","para_t_18544.xml"
"táub","para_t_18545.xml"
"táud","para_t_18546.xml"
"taudtaud","para_t_18547.xml"
"táuk","para_t_18548.xml"
"taun","para_t_18549.xml"
"taunduk","para_t_18550.xml"
"táup","para_t_18551.xml"
"tausduk","para_t_18552.xml"
"tawa","para_t_18553.xml"
"tawà","para_t_18554.xml"
"tawag","para_t_18555.xml"
"tawak","para_t_18556.xml"
"tawal","para_t_18557.xml"
"tawas","para_t_18558.xml"
"tawatawa","para_t_18559.xml"
"tawgi","para_t_18560.xml"
"tawhay","para_t_18561.xml"
"tawid","para_t_18562.xml"
"táwid","para_t_18563.xml"
"tawiltawil","para_t_18564.xml"
"tawngun","para_t_18565.xml"
"tawsì","para_t_18566.xml"
"Tawsug","para_t_18567.xml"
"tawsyu","para_t_18568.xml"
"táwu","para_t_18569.xml"
"tawu-","para_t_18570.xml"
"tawugtawug","para_t_18571.xml"
"tawun","para_t_18572.xml"
"táwun","para_t_18573.xml"
"tayà1","para_t_18574.xml"
"tayà2","para_t_18575.xml"
"tayáda","para_t_18576.xml"
"tayakan","para_t_18577.xml"
"tayam, táyam","para_t_18578.xml"
"taydal wib","para_t_18579.xml"
"taygir","para_t_18580.xml"
"tayhad","para_t_18581.xml"
"tayhup","para_t_18582.xml"
"tayid","para_t_18583.xml"
"tayils","para_t_18584.xml"
"tayim","para_t_18585.xml"
"tayim-áwut","para_t_18586.xml"
"tayimkípir","para_t_18587.xml"
"táyip","para_t_18588.xml"
"tayiprayting","para_t_18589.xml"
"tayipraytir","para_t_18590.xml"
"taylan","para_t_18591.xml"
"tayming","para_t_18592.xml"
"taypist","para_t_18593.xml"
"taytay","para_t_18594.xml"
"taytul","para_t_18595.xml"
"tayúbung","para_t_18596.xml"
"tay-ug","para_t_18597.xml"
"táyun","para_t_18598.xml"
"tayúpì","para_t_18599.xml"
"tayùtù","para_t_18600.xml"
"TB","para_t_18601.xml"
"ti","para_t_18602.xml"
"tì","para_t_18603.xml"
"tiad","para_t_18604.xml"
"tiágak","para_t_18605.xml"
"tiamtíam","para_t_18606.xml"
"tiámu","para_t_18607.xml"
"tiaw","para_t_18608.xml"
"tíaw","para_t_18609.xml"
"tiáyun","para_t_18610.xml"
"tibà","para_t_18611.xml"
"tibadtibad","para_t_18612.xml"
"tibagnul","para_t_18613.xml"
"tibagsuy","para_t_18614.xml"
"tíbak1","para_t_18615.xml"
"tíbak2","para_t_18616.xml"
"tibaknul","para_t_18617.xml"
"tibalas","para_t_18618.xml"
"tíbas","para_t_18619.xml"
"tibás","para_t_18620.xml"
"tíbaw","para_t_18621.xml"
"tibáwas","para_t_18622.xml"
"tibhang","para_t_18623.xml"
"tibhung","para_t_18624.xml"
"tíbi1","para_t_18625.xml"
"tíbi2","para_t_18626.xml"
"tíbi3","para_t_18627.xml"
"tíbì","para_t_18628.xml"
"tíbin","para_t_18629.xml"
"tíbis","para_t_18630.xml"
"tibíwis","para_t_18631.xml"
"tibtìb","para_t_18632.xml"
"tibu","para_t_18633.xml"
"tibù","para_t_18634.xml"
"tibuagsà","para_t_18635.xml"
"tibuagya","para_t_18636.xml"
"tibud","para_t_18637.xml"
"tib-ug","para_t_18638.xml"
"tibugsuk","para_t_18639.xml"
"tibug-uk","para_t_18640.xml"
"tibugul","para_t_18641.xml"
"tibug-ul","para_t_18642.xml"
"tibugun","para_t_18643.xml"
"tibukul","para_t_18644.xml"
"tibuk-ul","para_t_18645.xml"
"tibul","para_t_18646.xml"
"tíbul","para_t_18647.xml"
"tib-ul","para_t_18648.xml"
"tibuláag","para_t_18649.xml"
"tibùtibù","para_t_18650.xml"
"tibuuk","para_t_18651.xml"
"tibwáag","para_t_18652.xml"
"tibwagsà","para_t_18653.xml"
"tibway","para_t_18654.xml"
"tidisin","para_t_18655.xml"
"tídit","para_t_18656.xml"
"tidiyum, tidíyum","para_t_18657.xml"
"tidlum","para_t_18658.xml"
"tidlung","para_t_18659.xml"
"tidlup","para_t_18660.xml"
"tidyúwin","para_t_18661.xml"
"tig-","para_t_18662.xml"
"tig(←)","para_t_18663.xml"
"tig-a","para_t_18664.xml"
"tigáan","para_t_18665.xml"
"tig-ab","para_t_18666.xml"
"tigalbung","para_t_18667.xml"
"tigáman","para_t_18668.xml"
"tigas","para_t_18669.xml"
"tigasub, tigásub","para_t_18670.xml"
"tígaw1","para_t_18671.xml"
"tígaw2","para_t_18672.xml"
"tigayun","para_t_18673.xml"
"tigbábaw","para_t_18674.xml"
"tigbak","para_t_18675.xml"
"tigbas","para_t_18676.xml"
"tigbáyun","para_t_18677.xml"
"*tigbung","para_t_18678.xml"
"tighayà","para_t_18679.xml"
"tighik","para_t_18680.xml"
"tighud","para_t_18681.xml"
"tighulug","para_t_18682.xml"
"tigi","para_t_18683.xml"
"tígì1","para_t_18684.xml"
"tigib","para_t_18685.xml"
"tigidig","para_t_18686.xml"
"tig-ik","para_t_18687.xml"
"tígis","para_t_18688.xml"
"tigistígis","para_t_18689.xml"
"tigkul","para_t_18690.xml"
"tigkung","para_t_18691.xml"
"tig-l-","para_t_18692.xml"
"tigma","para_t_18693.xml"
"tigman","para_t_18694.xml"
"tigmaya","para_t_18695.xml"
"tigmì","para_t_18696.xml"
"tigmù","para_t_18697.xml"
"tignì","para_t_18698.xml"
"tigpud","para_t_18699.xml"
"tig-r-","para_t_18700.xml"
"tigri","para_t_18701.xml"
"tigritigri","para_t_18702.xml"
"tigsik","para_t_18703.xml"
"tigsù1","para_t_18704.xml"
"tigsù2","para_t_18705.xml"
"tigsuk","para_t_18706.xml"
"tigsun","para_t_18707.xml"
"tígul","para_t_18708.xml"
"tigúlang","para_t_18709.xml"
"tígum","para_t_18710.xml"
"tigway","para_t_18711.xml"
"tihad","para_t_18712.xml"
"tihap","para_t_18713.xml"
"tihaw","para_t_18714.xml"
"tihaytíhay","para_t_18715.xml"
"tihib","para_t_18716.xml"
"tihik","para_t_18717.xml"
"tihíras","para_t_18718.xml"
"tihìtihì","para_t_18719.xml"
"tihul","para_t_18720.xml"
"tiid","para_t_18721.xml"
"tiil","para_t_18722.xml"
"tíing","para_t_18723.xml"
"tiíya","para_t_18724.xml"
"tik1","para_t_18725.xml"
"*tik2","para_t_18726.xml"
"tika","para_t_18727.xml"
"tíka","para_t_18728.xml"
"tíkà","para_t_18729.xml"
"tikab","para_t_18730.xml"
"tíkad","para_t_18731.xml"
"tikalbù","para_t_18732.xml"
"tikalbung","para_t_18733.xml"
"tikang","para_t_18734.xml"
"tikangkang","para_t_18735.xml"
"tikarul1","para_t_18736.xml"
"tikaruy","para_t_18737.xml"
"tikas","para_t_18738.xml"
"tíkas","para_t_18739.xml"
"tikasub, tikásub","para_t_18740.xml"
"tikaw","para_t_18741.xml"
"tikawtikaw","para_t_18742.xml"
"tikay-ang","para_t_18743.xml"
"tikayhang","para_t_18744.xml"
"tikbà","para_t_18745.xml"
"tikbas","para_t_18746.xml"
"tikbil","para_t_18747.xml"
"tikbù","para_t_18748.xml"
"*tikbung","para_t_18749.xml"
"tikdul","para_t_18750.xml"
"tíki","para_t_18751.xml"
"tikì","para_t_18752.xml"
"tikig","para_t_18753.xml"
"tikiltíkil","para_t_18754.xml"
"tíkit","para_t_18755.xml"
"tikitíki","para_t_18756.xml"
"tikiu","para_t_18757.xml"
"tikla","para_t_18758.xml"
"tikláub1","para_t_18759.xml"
"tikláub2","para_t_18760.xml"
"tikling","para_t_18761.xml"
"tiklù1","para_t_18762.xml"
"tiklù2","para_t_18763.xml"
"tikluhud, tiklúhud","para_t_18764.xml"
"tiklup","para_t_18765.xml"
"tikmìtikmì","para_t_18766.xml"
"tiknik, tiknika","para_t_18767.xml"
"tiknikal","para_t_18768.xml"
"tikniku","para_t_18769.xml"
"tiknikúlur","para_t_18770.xml"
"tiknisyan","para_t_18771.xml"
"tiknuludyi","para_t_18772.xml"
"tiksas","para_t_18773.xml"
"tikstu","para_t_18774.xml"
"tiktak","para_t_18775.xml"
"tiktik1","para_t_18776.xml"
"tiktik2","para_t_18777.xml"
"tiktik3","para_t_18778.xml"
"tiktik4","para_t_18779.xml"
"tikúb","para_t_18780.xml"
"tikubù, tikúbù","para_t_18781.xml"
"tikud1","para_t_18782.xml"
"tikud2","para_t_18783.xml"
"tikug1","para_t_18784.xml"
"tikug2","para_t_18785.xml"
"tíkug","para_t_18786.xml"
"tikúgas","para_t_18787.xml"
"tikugkug","para_t_18788.xml"
"tikúkà","para_t_18789.xml"
"tikùkù","para_t_18790.xml"
"tikulub, tikúlub","para_t_18791.xml"
"tik-um","para_t_18792.xml"
"tikung","para_t_18793.xml"
"tikungkung","para_t_18794.xml"
"tikup","para_t_18795.xml"
"tíkup","para_t_18796.xml"
"tik-up","para_t_18797.xml"
"tikus1","para_t_18798.xml"
"tikus2","para_t_18799.xml"
"tikuskus","para_t_18800.xml"
"tikutkut","para_t_18801.xml"
"tíkuy1","para_t_18802.xml"
"tíkuy2","para_t_18803.xml"
"tikwà","para_t_18804.xml"
"tikwang","para_t_18805.xml"
"tikwì1","para_t_18806.xml"
"tikwì2","para_t_18807.xml"
"tikyáub","para_t_18808.xml"
"tikyup","para_t_18809.xml"
"tíla","para_t_18810.xml"
"tílà","para_t_18811.xml"
"tílab","para_t_18812.xml"
"tilabhù","para_t_18813.xml"
"tilad","para_t_18814.xml"
"tiladtilad","para_t_18815.xml"
"til-ag","para_t_18816.xml"
"tilagak","para_t_18817.xml"
"tilambù","para_t_18818.xml"
"tílang","para_t_18819.xml"
"tilangù","para_t_18820.xml"
"tilap, tílap","para_t_18821.xml"
"tilapya","para_t_18822.xml"
"til-as","para_t_18823.xml"
"tilaub","para_t_18824.xml"
"tiláuk","para_t_18825.xml"
"tilaw","para_t_18826.xml"
"tilhung","para_t_18827.xml"
"tílib","para_t_18828.xml"
"tilibisyun","para_t_18829.xml"
"tiligráma","para_t_18830.xml"
"*tiligrapiku","para_t_18831.xml"
"tiligrapista","para_t_18832.xml"
"tiligrapu","para_t_18833.xml"
"tilíis","para_t_18834.xml"
"tílik","para_t_18835.xml"
"tilim","para_t_18836.xml"
"tilimad-un","para_t_18837.xml"
"tilingtiling","para_t_18838.xml"
"tílip","para_t_18839.xml"
"tilipunu","para_t_18840.xml"
"til-is1","para_t_18841.xml"
"til-is2","para_t_18842.xml"
"tiliskupyu","para_t_18843.xml"
"tilitayip","para_t_18844.xml"
"tilitul","para_t_18845.xml"
"tiltil1","para_t_18846.xml"
"tiltil2","para_t_18847.xml"
"tílù","para_t_18848.xml"
"tílub","para_t_18849.xml"
"til-ug","para_t_18850.xml"
"tíluk","para_t_18851.xml"
"tilun","para_t_18852.xml"
"tiluring","para_t_18853.xml"
"tilus","para_t_18854.xml"
"tím1","para_t_18855.xml"
"tím2","para_t_18856.xml"
"tima","para_t_18857.xml"
"tíma1","para_t_18858.xml"
"tíma2","para_t_18859.xml"
"tíma3","para_t_18860.xml"
"timáan","para_t_18861.xml"
"timailhan","para_t_18862.xml"
"tim-an","para_t_18863.xml"
"timang","para_t_18864.xml"
"timàtimà","para_t_18865.xml"
"timaud","para_t_18866.xml"
"tim-aw","para_t_18867.xml"
"timáwà","para_t_18868.xml"
"timayud, timáyud","para_t_18869.xml"
"timbà","para_t_18870.xml"
"timbakúwas","para_t_18871.xml"
"timbálung","para_t_18872.xml"
"timbang","para_t_18873.xml"
"timbaruk","para_t_18874.xml"
"timbaya, timbayà","para_t_18875.xml"
"timbri1","para_t_18876.xml"
"timbri2","para_t_18877.xml"
"timbríra","para_t_18878.xml"
"timbul1","para_t_18879.xml"
"timbul2","para_t_18880.xml"
"timbúngan","para_t_18881.xml"
"timbúwad","para_t_18882.xml"
"timbuy","para_t_18883.xml"
"timgas","para_t_18884.xml"
"timhung","para_t_18885.xml"
"*timì","para_t_18886.xml"
"timik walà —","para_t_18887.xml"
"timing","para_t_18888.xml"
"timpag","para_t_18889.xml"
"timpasaw","para_t_18890.xml"
"timpiramintu","para_t_18891.xml"
"timpiratúra","para_t_18892.xml"
"timpla","para_t_18893.xml"
"timplit","para_t_18894.xml"
"timplíti","para_t_18895.xml"
"timplu","para_t_18896.xml"
"timpránu","para_t_18897.xml"
"timpu","para_t_18898.xml"
"timpuraryu","para_t_18899.xml"
"timríra","para_t_18900.xml"
"tíms","para_t_18901.xml"
"timsung","para_t_18902.xml"
"timtim","para_t_18903.xml"
"timtisyun","para_t_18904.xml"
"timù","para_t_18905.xml"
"tímug","para_t_18906.xml"
"timun","para_t_18907.xml"
"timúna","para_t_18908.xml"
"timuri","para_t_18909.xml"
"timus","para_t_18910.xml"
"tim-us","para_t_18911.xml"
"timwurk","para_t_18912.xml"
"tin.","para_t_18913.xml"
"tína","para_t_18914.xml"
"tinà","para_t_18915.xml"
"tínà","para_t_18916.xml"
"tinabal","para_t_18917.xml"
"tinabuylu","para_t_18918.xml"
"tinái","para_t_18919.xml"
"tinápa","para_t_18920.xml"
"tinápay","para_t_18921.xml"
"tinatína","para_t_18922.xml"
"tin-aw","para_t_18923.xml"
"tináwu","para_t_18924.xml"
"tinda","para_t_18925.xml"
"tindak","para_t_18926.xml"
"tindaw","para_t_18927.xml"
"tinday","para_t_18928.xml"
"tindǐr","para_t_18929.xml"
"tindíra, tindíru","para_t_18930.xml"
"tindug","para_t_18931.xml"
"tinduk1","para_t_18932.xml"
"*tinduk2","para_t_18933.xml"
"tinduktinduk","para_t_18934.xml"
"ting-","para_t_18935.xml"
"tinga","para_t_18936.xml"
"*tínga","para_t_18937.xml"
"tingà","para_t_18938.xml"
"ting-ab","para_t_18939.xml"
"tingabngab","para_t_18940.xml"
"tingag","para_t_18941.xml"
"tíngal","para_t_18942.xml"
"tingála","para_t_18943.xml"
"tingalaw","para_t_18944.xml"
"tingáli","para_t_18945.xml"
"tingalngal","para_t_18946.xml"
"tingàngà","para_t_18947.xml"
"tingáyi","para_t_18948.xml"
"tinggà","para_t_18949.xml"
"tinggalung","para_t_18950.xml"
"tinggàtinggà","para_t_18951.xml"
"tinggil","para_t_18952.xml"
"tinggu","para_t_18953.xml"
"tinghab","para_t_18954.xml"
"tinghágà","para_t_18955.xml"
"tinghak","para_t_18956.xml"
"tinghuy","para_t_18957.xml"
"tingi","para_t_18958.xml"
"tingil","para_t_18959.xml"
"tingkad","para_t_18960.xml"
"tingkag","para_t_18961.xml"
"tingkagul, tingkágul","para_t_18962.xml"
"tingkal","para_t_18963.xml"
"tingkálag","para_t_18964.xml"
"tingkalù","para_t_18965.xml"
"tingkap","para_t_18966.xml"
"tingkarul1","para_t_18967.xml"
"tingkas","para_t_18968.xml"
"tingkiri","para_t_18969.xml"
"tingkiyu","para_t_18970.xml"
"tingkù","para_t_18971.xml"
"tingkubù","para_t_18972.xml"
"tingkuy","para_t_18973.xml"
"tingsì","para_t_18974.xml"
"tingsían","para_t_18975.xml"
"tingting","para_t_18976.xml"
"tingub","para_t_18977.xml"
"tíngud","para_t_18978.xml"
"tíngug","para_t_18979.xml"
"tingúhà","para_t_18980.xml"
"tingusbáwan","para_t_18981.xml"
"tiniblas","para_t_18982.xml"
"tinidur1","para_t_18983.xml"
"tinidur2","para_t_18984.xml"
"tin-idyir","para_t_18985.xml"
"tininti1","para_t_18986.xml"
"tininti2","para_t_18987.xml"
"tinir","para_t_18988.xml"
"tínir","para_t_18989.xml"
"tínis","para_t_18990.xml"
"tinrawundir","para_t_18991.xml"
"tinsiyun","para_t_18992.xml"
"tintà","para_t_18993.xml"
"tintal","para_t_18994.xml"
"tintin1","para_t_18995.xml"
"tintin2","para_t_18996.xml"
"tintíru","para_t_18997.xml"
"tintu","para_t_18998.xml"
"tintúra","para_t_18999.xml"
"tinù, tínù1","para_t_19000.xml"
"tínù2","para_t_19001.xml"
"tinur","para_t_19002.xml"
"tinuryu","para_t_19003.xml"
"tinùtinù","para_t_19004.xml"
"tinutuwa","para_t_19005.xml"
"tinúud","para_t_19006.xml"
"tinyaplába","para_t_19007.xml"
"tinyinti","para_t_19008.xml"
"típ1","para_t_19009.xml"
"típ2","para_t_19010.xml"
"típ3","para_t_19011.xml"
"tipak","para_t_19012.xml"
"tipaka, tipakà","para_t_19013.xml"
"tipal-u","para_t_19014.xml"
"tipanu","para_t_19015.xml"
"tipas","para_t_19016.xml"
"tipasak","para_t_19017.xml"
"tipasaw","para_t_19018.xml"
"tipasì","para_t_19019.xml"
"tipay","para_t_19020.xml"
"tipdas1","para_t_19021.xml"
"tipdas2","para_t_19022.xml"
"típì","para_t_19023.xml"
"típig","para_t_19024.xml"
"tipik","para_t_19025.xml"
"tipíyu","para_t_19026.xml"
"tiplas","para_t_19027.xml"
"tipmisyur","para_t_19028.xml"
"tipríkurd","para_t_19029.xml"
"tipsing","para_t_19030.xml"
"tiptip","para_t_19031.xml"
"típu1","para_t_19032.xml"
"típu2","para_t_19033.xml"
"típu3","para_t_19034.xml"
"típù","para_t_19035.xml"
"tipug-uk","para_t_19036.xml"
"tipuk","para_t_19037.xml"
"tipuknul","para_t_19038.xml"
"tipuksul","para_t_19039.xml"
"tipukù","para_t_19040.xml"
"tipuk-ul","para_t_19041.xml"
"tipúli","para_t_19042.xml"
"tipúlu","para_t_19043.xml"
"típun","para_t_19044.xml"
"tipun-ug","para_t_19045.xml"
"típus","para_t_19046.xml"
"*tipúsa, *tipúsu","para_t_19047.xml"
"tipuy","para_t_19048.xml"
"tipyas","para_t_19049.xml"
"tíra","para_t_19050.xml"
"tirána","para_t_19051.xml"
"tiranti","para_t_19052.xml"
"tirar","para_t_19053.xml"
"tíras","para_t_19054.xml"
"tirása","para_t_19055.xml"
"tirasis","para_t_19056.xml"
"tiratíra","para_t_19057.xml"
"tirbis","para_t_19058.xml"
"tirbisíya","para_t_19059.xml"
"tirdrap","para_t_19060.xml"
"tiribli","para_t_19061.xml"
"tiriktirik","para_t_19062.xml"
"tirírit","para_t_19063.xml"
"tíris","para_t_19064.xml"
"tirituryu","para_t_19065.xml"
"tirmina","para_t_19066.xml"
"tirminal1","para_t_19067.xml"
"tirminal2","para_t_19068.xml"
"tirminar","para_t_19069.xml"
"tirminit","para_t_19070.xml"
"tirminu","para_t_19071.xml"
"tirmumitru","para_t_19072.xml"
"tirmus","para_t_19073.xml"
"tirnu","para_t_19074.xml"
"tirsíra","para_t_19075.xml"
"tirsíru","para_t_19076.xml"
"tirsiya parti","para_t_19077.xml"
"tirsiyu","para_t_19078.xml"
"tirsiyupílu","para_t_19079.xml"
"*tirtin","para_t_19080.xml"
"tíru","para_t_19081.xml"
"tírung","para_t_19082.xml"
"tirungan","para_t_19083.xml"
"Tiruray","para_t_19084.xml"
"tirurismu","para_t_19085.xml"
"tirus","para_t_19086.xml"
"tirúti","para_t_19087.xml"
"tís1","para_t_19088.xml"
"tís2","para_t_19089.xml"
"tísà1","para_t_19090.xml"
"tísà2","para_t_19091.xml"
"tísà3","para_t_19092.xml"
"tisar","para_t_19093.xml"
"tísas","para_t_19094.xml"
"tisay","para_t_19095.xml"
"tisiku","para_t_19096.xml"
"tísirt","para_t_19097.xml"
"tísis1","para_t_19098.xml"
"tísis2","para_t_19099.xml"
"tiskug","para_t_19100.xml"
"tiskwir","para_t_19101.xml"
"tislang","para_t_19102.xml"
"tislaub, tisláub","para_t_19103.xml"
"tislub","para_t_19104.xml"
"tislup","para_t_19105.xml"
"tisngì","para_t_19106.xml"
"tispípar","para_t_19107.xml"
"tist","para_t_19108.xml"
"tistamintu","para_t_19109.xml"
"tistǎr","para_t_19110.xml"
"tistígus","para_t_19111.xml"
"tistimunyu","para_t_19112.xml"
"tisting","para_t_19113.xml"
"tistir","para_t_19114.xml"
"tistis","para_t_19115.xml"
"tísu","para_t_19116.xml"
"tisuk","para_t_19117.xml"
"tisun","para_t_19118.xml"
"tisuríra","para_t_19119.xml"
"tisuriríya","para_t_19120.xml"
"tisuríru","para_t_19121.xml"
"tisuy","para_t_19122.xml"
"tisyirt","para_t_19123.xml"
"títa","para_t_19124.xml"
"titanus","para_t_19125.xml"
"tithi","para_t_19126.xml"
"títi","para_t_19127.xml"
"titì, títì1","para_t_19128.xml"
"títì2","para_t_19129.xml"
"títì3","para_t_19130.xml"
"tìtì","para_t_19131.xml"
"títik","para_t_19132.xml"
"titip, títip","para_t_19133.xml"
"títit","para_t_19134.xml"
"tits1","para_t_19135.xml"
"tits2","para_t_19136.xml"
"títu","para_t_19137.xml"
"tituláda","para_t_19138.xml"
"tituládu","para_t_19139.xml"
"titulu","para_t_19140.xml"
"titurun","para_t_19141.xml"
"tiudtiud","para_t_19142.xml"
"tíug","para_t_19143.xml"
"tiuk","para_t_19144.xml"
"tíun","para_t_19145.xml"
"tiúnay","para_t_19146.xml"
"tiúruk","para_t_19147.xml"
"tiúrus","para_t_19148.xml"
"tius-us","para_t_19149.xml"
"tiwangwang","para_t_19150.xml"
"tiwas","para_t_19151.xml"
"tiwsan","para_t_19152.xml"
"tiwtiw1","para_t_19153.xml"
"tiwtiw2","para_t_19154.xml"
"tiyà, tíyà","para_t_19155.xml"
"tiyan, tíyan","para_t_19156.xml"
"tiyù, tíyù","para_t_19157.xml"
"tl","para_t_19158.xml"
"tling","para_t_19159.xml"
"trabáhu","para_t_19160.xml"
"*trabiling","para_t_19161.xml"
"trabilirs tri","para_t_19162.xml"
"trabisíya","para_t_19163.xml"
"trabungku","para_t_19164.xml"
"tradisiyun","para_t_19165.xml"
"tráha","para_t_19166.xml"
"tráhi","para_t_19167.xml"
"trahidiya","para_t_19168.xml"
"trák","para_t_19169.xml"
"traktur, traktúra","para_t_19170.xml"
"trakúma","para_t_19171.xml"
"trambíya","para_t_19172.xml"
"trambutsu","para_t_19173.xml"
"trampas","para_t_19174.xml"
"trampit","para_t_19175.xml"
"trangka","para_t_19176.xml"
"trangkásu","para_t_19177.xml"
"transaksiyun","para_t_19178.xml"
"transistur","para_t_19179.xml"
"transkrip","para_t_19180.xml"
"transmisyun","para_t_19181.xml"
"transmit","para_t_19182.xml"
"transmítir","para_t_19183.xml"
"transpigurasiyun","para_t_19184.xml"
"transpir","para_t_19185.xml"
"transpurmir","para_t_19186.xml"
"transpurtasiyun","para_t_19187.xml"
"transpurti","para_t_19188.xml"
"trantádu","para_t_19189.xml"
"trapal","para_t_19190.xml"
"trápik","para_t_19191.xml"
"trapiku","para_t_19192.xml"
"trápu","para_t_19193.xml"
"traski","para_t_19194.xml"
"traspiri, traspirir","para_t_19195.xml"
"traspurti","para_t_19196.xml"
"tratádu","para_t_19197.xml"
"tratar","para_t_19198.xml"
"tratsi","para_t_19199.xml"
"trátu","para_t_19200.xml"
"tráyal","para_t_19201.xml"
"trayanggul","para_t_19202.xml"
"trayanggulu","para_t_19203.xml"
"trayinta","para_t_19204.xml"
"trayintaydus","para_t_19205.xml"
"trayintay-utsu","para_t_19206.xml"
"trayir","para_t_19207.xml"
"traydǔr","para_t_19208.xml"
"traysikul","para_t_19209.xml"
"tráyu","para_t_19210.xml"
"tríbu","para_t_19211.xml"
"tribukar","para_t_19212.xml"
"tribunal","para_t_19213.xml"
"tribusun","para_t_19214.xml"
"tridayminsiyun","para_t_19215.xml"
"trid-in","para_t_19216.xml"
"trígu","para_t_19217.xml"
"trím","para_t_19218.xml"
"trimistral","para_t_19219.xml"
"trimistri","para_t_19220.xml"
"trín1","para_t_19221.xml"
"trín2","para_t_19222.xml"
"tringka","para_t_19223.xml"
"trinsas","para_t_19224.xml"
"trinsíras","para_t_19225.xml"
"*trip","para_t_19226.xml"
"tripilya, tripilyas","para_t_19227.xml"
"triplikádu","para_t_19228.xml"
"triplit","para_t_19229.xml"
"tripulanti","para_t_19230.xml"
"trís","para_t_19231.xml"
"trisahiyu","para_t_19232.xml"
"trísi","para_t_19233.xml"
"tri síkans","para_t_19234.xml"
"trisiklu, trisikulu","para_t_19235.xml"
"trisipílu","para_t_19236.xml"
"trísir","para_t_19237.xml"
"tris maríyas","para_t_19238.xml"
"tristi","para_t_19239.xml"
"trisuríra","para_t_19240.xml"
"triyanggulu","para_t_19241.xml"
"tríyu1","para_t_19242.xml"
"tríyu2","para_t_19243.xml"
"trubinayis, trubináyus","para_t_19244.xml"
"trúbul","para_t_19245.xml"
"trúkis","para_t_19246.xml"
"trúling","para_t_19247.xml"
"trumbun","para_t_19248.xml"
"trumpa","para_t_19249.xml"
"trumpit","para_t_19250.xml"
"trumpíta","para_t_19251.xml"
"trumpíti","para_t_19252.xml"
"trunsal","para_t_19253.xml"
"trúnu","para_t_19254.xml"
"trúpa","para_t_19255.xml"
"trúpi","para_t_19256.xml"
"trupiku","para_t_19257.xml"
"trupíya, trupiyu","para_t_19258.xml"
"trúsu","para_t_19259.xml"
"tsá","para_t_19260.xml"
"tsalíku","para_t_19261.xml"
"tsalit","para_t_19262.xml"
"tsamba","para_t_19263.xml"
"tsampáka","para_t_19264.xml"
"tsampiyun","para_t_19265.xml"
"tsampurádu","para_t_19266.xml"
"tsampuy","para_t_19267.xml"
"tsáns","para_t_19268.xml"
"tsápa","para_t_19269.xml"
"tsapirun","para_t_19270.xml"
"tsaplin","para_t_19271.xml"
"tsapstik","para_t_19272.xml"
"tsapsuy","para_t_19273.xml"
"tsaptir","para_t_19274.xml"
"tsardying","para_t_19275.xml"
"tsaríra","para_t_19276.xml"
"tsarlistun","para_t_19277.xml"
"*tsarming","para_t_19278.xml"
"tsart","para_t_19279.xml"
"tsarul","para_t_19280.xml"
"tsatsa","para_t_19281.xml"
"tsatsuy","para_t_19282.xml"
"tsáw, tsáwu","para_t_19283.xml"
"tsaynamut","para_t_19284.xml"
"*tsaynis","para_t_19285.xml"
"tsi","para_t_19286.xml"
"tsì","para_t_19287.xml"
"tsík1","para_t_19288.xml"
"tsík2","para_t_19289.xml"
"tsík3","para_t_19290.xml"
"tsikà, tsikalà","para_t_19291.xml"
"tsik-ap","para_t_19292.xml"
"tsik-awut","para_t_19293.xml"
"tsíki","para_t_19294.xml"
"tsíkin1","para_t_19295.xml"
"tsíkin2","para_t_19296.xml"
"tsíkin3","para_t_19297.xml"
"tsik-in","para_t_19298.xml"
"tsikiníni","para_t_19299.xml"
"tsíkin pid","para_t_19300.xml"
"tsíkin sálad","para_t_19301.xml"
"tsíkir1","para_t_19302.xml"
"tsíkir2","para_t_19303.xml"
"tsíkird","para_t_19304.xml"
"tsikitilya","para_t_19305.xml"
"tsiku","para_t_19306.xml"
"tsíku","para_t_19307.xml"
"tsikut","para_t_19308.xml"
"tsimaníya","para_t_19309.xml"
"Tsína","para_t_19310.xml"
"*tsindying","para_t_19311.xml"
"tsinílas","para_t_19312.xml"
"tsíning","para_t_19313.xml"
"tsínu","para_t_19314.xml"
"tsíp","para_t_19315.xml"
"tsipi","para_t_19316.xml"
"tsipun","para_t_19317.xml"
"tsíris","para_t_19318.xml"
"tsirman","para_t_19319.xml"
"tsís1","para_t_19320.xml"
"tsís2","para_t_19321.xml"
"tsís3","para_t_19322.xml"
"tsismis","para_t_19323.xml"
"tsismúsa","para_t_19324.xml"
"tsismúsu","para_t_19325.xml"
"tsitsà, tsìtsà","para_t_19326.xml"
"tsitsiríka","para_t_19327.xml"
"tsitsiríyas","para_t_19328.xml"
"tsk","para_t_19329.xml"
"*tsu","para_t_19330.xml"
"tsù","para_t_19331.xml"
"tsug","para_t_19332.xml"
"tsuk","para_t_19333.xml"
"tsúk1","para_t_19334.xml"
"tsúk2","para_t_19335.xml"
"tsúkir","para_t_19336.xml"
"tsuktsuk","para_t_19337.xml"
"tsukuláti","para_t_19338.xml"
"tsulítas","para_t_19339.xml"
"tsunggu","para_t_19340.xml"
"tsup","para_t_19341.xml"
"tsupà","para_t_19342.xml"
"tsupir","para_t_19343.xml"
"tsupun","para_t_19344.xml"
"tsúra","para_t_19345.xml"
"tsurísu","para_t_19346.xml"
"tsuwinggam","para_t_19347.xml"
"tsúwit","para_t_19348.xml"
"tsuy","para_t_19349.xml"
"tu1","para_t_19350.xml"
"tu2","para_t_19351.xml"
"tú1","para_t_19352.xml"
"tú2","para_t_19353.xml"
"túa","para_t_19354.xml"
"tuab","para_t_19355.xml"
"túab","para_t_19356.xml"
"tuagsik","para_t_19357.xml"
"tuak","para_t_19358.xml"
"tuáli","para_t_19359.xml"
"tualya","para_t_19360.xml"
"tuang","para_t_19361.xml"
"tuáruk","para_t_19362.xml"
"tuásik","para_t_19363.xml"
"tuaw","para_t_19364.xml"
"tuay","para_t_19365.xml"
"túba","para_t_19366.xml"
"tubà1","para_t_19367.xml"
"tubà2","para_t_19368.xml"
"tubag","para_t_19369.xml"
"tubas","para_t_19370.xml"
"tub-as","para_t_19371.xml"
"túbaw","para_t_19372.xml"
"túbay","para_t_19373.xml"
"túbig","para_t_19374.xml"
"túbil","para_t_19375.xml"
"tubitubi, tubìtubì, tubiltubil","para_t_19376.xml"
"tublag","para_t_19377.xml"
"tubli","para_t_19378.xml"
"tubluk","para_t_19379.xml"
"tubtub1","para_t_19380.xml"
"tubtub2","para_t_19381.xml"
"tubu","para_t_19382.xml"
"túbu","para_t_19383.xml"
"túbù1","para_t_19384.xml"
"túbù2","para_t_19385.xml"
"tubud","para_t_19386.xml"
"tubug","para_t_19387.xml"
"tubuk","para_t_19388.xml"
"túbuk","para_t_19389.xml"
"tubul","para_t_19390.xml"
"tubung","para_t_19391.xml"
"tubus","para_t_19392.xml"
"tub-us","para_t_19393.xml"
"túbuy","para_t_19394.xml"
"túda","para_t_19395.xml"
"tud-an","para_t_19396.xml"
"túdas","para_t_19397.xml"
"tudkan","para_t_19398.xml"
"tudling","para_t_19399.xml"
"tudlis","para_t_19400.xml"
"tudlù","para_t_19401.xml"
"tudluk","para_t_19402.xml"
"tudlun dátù","para_t_19403.xml"
"tudlus","para_t_19404.xml"
"tudtud","para_t_19405.xml"
"tuduk","para_t_19406.xml"
"tudulukyíri","para_t_19407.xml"
"tudu pudirúsu","para_t_19408.xml"
"túdus1","para_t_19409.xml"
"túdus2","para_t_19410.xml"
"tudútut","para_t_19411.xml"
"tudyuk","para_t_19412.xml"
"*tuga","para_t_19413.xml"
"túga1","para_t_19414.xml"
"túga2","para_t_19415.xml"
"tug-ab","para_t_19416.xml"
"tugábang","para_t_19417.xml"
"tugábung","para_t_19418.xml"
"tugahálà","para_t_19419.xml"
"tugáhuk","para_t_19420.xml"
"túgal","para_t_19421.xml"
"tugalbung","para_t_19422.xml"
"tugalhab","para_t_19423.xml"
"túgan","para_t_19424.xml"
"tug-an","para_t_19425.xml"
"tugas","para_t_19426.xml"
"tugastugas","para_t_19427.xml"
"tugasub, tugásub","para_t_19428.xml"
"tugáuk","para_t_19429.xml"
"tugaw","para_t_19430.xml"
"tugbábaw","para_t_19431.xml"
"tugbang","para_t_19432.xml"
"tugbaw","para_t_19433.xml"
"tugbù","para_t_19434.xml"
"tugbung","para_t_19435.xml"
"tugdà","para_t_19436.xml"
"tugdan","para_t_19437.xml"
"tugdang","para_t_19438.xml"
"tugduk","para_t_19439.xml"
"tugdun","para_t_19440.xml"
"tughang","para_t_19441.xml"
"tughaw","para_t_19442.xml"
"tughù","para_t_19443.xml"
"tughuk1","para_t_19444.xml"
"tughuk2","para_t_19445.xml"
"tughung","para_t_19446.xml"
"tughuy","para_t_19447.xml"
"tugkad","para_t_19448.xml"
"tugkalan","para_t_19449.xml"
"tugkay","para_t_19450.xml"
"tugmadan","para_t_19451.xml"
"tugnà","para_t_19452.xml"
"tugnaw","para_t_19453.xml"
"tugnub","para_t_19454.xml"
"tugnus","para_t_19455.xml"
"tugpa","para_t_19456.xml"
"tugpù1","para_t_19457.xml"
"tugpù2","para_t_19458.xml"
"tugsad","para_t_19459.xml"
"tugsaw","para_t_19460.xml"
"tugsuk","para_t_19461.xml"
"tugsuy","para_t_19462.xml"
"tugtug","para_t_19463.xml"
"tugub","para_t_19464.xml"
"tug-ud","para_t_19465.xml"
"túgun","para_t_19466.xml"
"túgut","para_t_19467.xml"
"tug-ut","para_t_19468.xml"
"tugway","para_t_19469.xml"
"tugyan","para_t_19470.xml"
"túhab","para_t_19471.xml"
"tuhak","para_t_19472.xml"
"tuhaw","para_t_19473.xml"
"tuhay","para_t_19474.xml"
"tuhi","para_t_19475.xml"
"tuhib, túhib","para_t_19476.xml"
"tuhik, túhik","para_t_19477.xml"
"tuhil","para_t_19478.xml"
"tuhu, tuhù","para_t_19479.xml"
"tuhud","para_t_19480.xml"
"túhud","para_t_19481.xml"
"túhug","para_t_19482.xml"
"tuhuktuhuk","para_t_19483.xml"
"tuhup","para_t_19484.xml"
"túhus","para_t_19485.xml"
"tuhuy","para_t_19486.xml"
"túig","para_t_19487.xml"
"tuis","para_t_19488.xml"
"tuk","para_t_19489.xml"
"túk","para_t_19490.xml"
"tukà1","para_t_19491.xml"
"tukà2","para_t_19492.xml"
"túkab","para_t_19493.xml"
"tuk-ab","para_t_19494.xml"
"tukabtukab","para_t_19495.xml"
"tukad","para_t_19496.xml"
"tukadur","para_t_19497.xml"
"tukag, túkag","para_t_19498.xml"
"tukal","para_t_19499.xml"
"tukámud","para_t_19500.xml"
"tukang","para_t_19501.xml"
"tukar","para_t_19502.xml"
"tukarul","para_t_19503.xml"
"tukas","para_t_19504.xml"
"tukaw1","para_t_19505.xml"
"tukaw2","para_t_19506.xml"
"tukaw3","para_t_19507.xml"
"tukáya","para_t_19508.xml"
"tukáyu","para_t_19509.xml"
"tukbil","para_t_19510.xml"
"tukbù","para_t_19511.xml"
"tukbuy","para_t_19512.xml"
"tukdab","para_t_19513.xml"
"tukdug","para_t_19514.xml"
"tukgaw","para_t_19515.xml"
"tukhi, tukhì","para_t_19516.xml"
"tukì","para_t_19517.xml"
"túkib","para_t_19518.xml"
"tukig","para_t_19519.xml"
"tukíkà","para_t_19520.xml"
"tukikì, tukìkì","para_t_19521.xml"
"túkis","para_t_19522.xml"
"tuklang","para_t_19523.xml"
"tuklas","para_t_19524.xml"
"tuklì","para_t_19525.xml"
"tukling","para_t_19526.xml"
"tuklid","para_t_19527.xml"
"tuklù","para_t_19528.xml"
"tuklud","para_t_19529.xml"
"tuklung","para_t_19530.xml"
"tuklus","para_t_19531.xml"
"tukmà","para_t_19532.xml"
"tukmu","para_t_19533.xml"
"tukmud","para_t_19534.xml"
"tuknul","para_t_19535.xml"
"tukpaw","para_t_19536.xml"
"tuksì","para_t_19537.xml"
"tuksu, tuksù","para_t_19538.xml"
"tuktugáuk","para_t_19539.xml"
"tuktuk1","para_t_19540.xml"
"tuktuk2","para_t_19541.xml"
"tuktuk3","para_t_19542.xml"
"tuktur","para_t_19543.xml"
"tuku","para_t_19544.xml"
"tukù","para_t_19545.xml"
"tukub","para_t_19546.xml"
"túkud1","para_t_19547.xml"
"túkud2","para_t_19548.xml"
"túkud3","para_t_19549.xml"
"tukug","para_t_19550.xml"
"túkug","para_t_19551.xml"
"tukul1","para_t_19552.xml"
"tukul2","para_t_19553.xml"
"tukun","para_t_19554.xml"
"tukung1","para_t_19555.xml"
"tukung2","para_t_19556.xml"
"tuk-ung","para_t_19557.xml"
"túkuy","para_t_19558.xml"
"tukwa","para_t_19559.xml"
"tukwang1","para_t_19560.xml"
"tukwang2","para_t_19561.xml"
"tukway","para_t_19562.xml"
"túl","para_t_19563.xml"
"tula","para_t_19564.xml"
"túla","para_t_19565.xml"
"tulà","para_t_19566.xml"
"tulabhù","para_t_19567.xml"
"tulábung","para_t_19568.xml"
"túlag","para_t_19569.xml"
"tulak","para_t_19570.xml"
"túlak","para_t_19571.xml"
"tulakhang","para_t_19572.xml"
"tulakì, tulákì, tulakig","para_t_19573.xml"
"tulala, tulála","para_t_19574.xml"
"tul-an","para_t_19575.xml"
"tulandus","para_t_19576.xml"
"*tulápus","para_t_19577.xml"
"túlas","para_t_19578.xml"
"tulawug","para_t_19579.xml"
"tulay","para_t_19580.xml"
"túlay","para_t_19581.xml"
"tulbuk","para_t_19582.xml"
"tulbung","para_t_19583.xml"
"tulda","para_t_19584.xml"
"túlì","para_t_19585.xml"
"tulibag","para_t_19586.xml"
"tulibagbag","para_t_19587.xml"
"tul-id","para_t_19588.xml"
"tulílik","para_t_19589.xml"
"tulimbang","para_t_19590.xml"
"túlin","para_t_19591.xml"
"tulindaw","para_t_19592.xml"
"tulíngan","para_t_19593.xml"
"tulíngì, tulíngig","para_t_19594.xml"
"tulipsay1","para_t_19595.xml"
"tulipsay2","para_t_19596.xml"
"túlis","para_t_19597.xml"
"tulísuk","para_t_19598.xml"
"tulitul","para_t_19599.xml"
"tulíyuk","para_t_19600.xml"
"tulmà","para_t_19601.xml"
"tulpuk","para_t_19602.xml"
"tultug","para_t_19603.xml"
"tultul","para_t_19604.xml"
"tulu","para_t_19605.xml"
"túlù","para_t_19606.xml"
"tulud","para_t_19607.xml"
"túlug","para_t_19608.xml"
"tulugtulug","para_t_19609.xml"
"tuluk","para_t_19610.xml"
"tulun","para_t_19611.xml"
"túlung","para_t_19612.xml"
"tulunggun","para_t_19613.xml"
"túlus1","para_t_19614.xml"
"túlus2","para_t_19615.xml"
"túlut","para_t_19616.xml"
"túluy1","para_t_19617.xml"
"túluy2","para_t_19618.xml"
"túma","para_t_19619.xml"
"túmà","para_t_19620.xml"
"túman1","para_t_19621.xml"
"túman2","para_t_19622.xml"
"tuma pusisiyun","para_t_19623.xml"
"tumar","para_t_19624.xml"
"tumatub","para_t_19625.xml"
"tumaw","para_t_19626.xml"
"tumba1","para_t_19627.xml"
"tumba2","para_t_19628.xml"
"tumbága","para_t_19629.xml"
"tumbálay","para_t_19630.xml"
"tumbalik","para_t_19631.xml"
"tumbáling","para_t_19632.xml"
"tumbas","para_t_19633.xml"
"tumbayà","para_t_19634.xml"
"tumbuk1","para_t_19635.xml"
"tumbuk2","para_t_19636.xml"
"tumbuy1","para_t_19637.xml"
"tumbuy2","para_t_19638.xml"
"tumindug","para_t_19639.xml"
"tumitusus","para_t_19640.xml"
"tumpag","para_t_19641.xml"
"tumpang","para_t_19642.xml"
"tumpáwak","para_t_19643.xml"
"tumpì","para_t_19644.xml"
"tumpil","para_t_19645.xml"
"túmu","para_t_19646.xml"
"túmud","para_t_19647.xml"
"túmug, túmuk","para_t_19648.xml"
"tumung, túmung","para_t_19649.xml"
"tumur","para_t_19650.xml"
"tumus","para_t_19651.xml"
"túmus","para_t_19652.xml"
"tumutub","para_t_19653.xml"
"tumùtúmù","para_t_19654.xml"
"tumuy","para_t_19655.xml"
"tuna1","para_t_19656.xml"
"tuna2","para_t_19657.xml"
"túnà1","para_t_19658.xml"
"túnà2","para_t_19659.xml"
"tunáda","para_t_19660.xml"
"tun-as","para_t_19661.xml"
"túnaw","para_t_19662.xml"
"túnay","para_t_19663.xml"
"tunáyit","para_t_19664.xml"
"tundaan","para_t_19665.xml"
"tundag","para_t_19666.xml"
"tundan","para_t_19667.xml"
"tundù","para_t_19668.xml"
"tunduk","para_t_19669.xml"
"túng","para_t_19670.xml"
"tunga","para_t_19671.xml"
"tungà","para_t_19672.xml"
"túngab","para_t_19673.xml"
"túngan","para_t_19674.xml"
"túngas","para_t_19675.xml"
"tungaw","para_t_19676.xml"
"tungay","para_t_19677.xml"
"*tungbálay","para_t_19678.xml"
"tungdan","para_t_19679.xml"
"tunggà","para_t_19680.xml"
"tunggal","para_t_19681.xml"
"tunggul","para_t_19682.xml"
"tungguy","para_t_19683.xml"
"tunghà","para_t_19684.xml"
"tunghak","para_t_19685.xml"
"tungína1","para_t_19686.xml"
"tungína2","para_t_19687.xml"
"tungkà","para_t_19688.xml"
"tungkáhal","para_t_19689.xml"
"tungkalù","para_t_19690.xml"
"tungkì","para_t_19691.xml"
"tungkù1","para_t_19692.xml"
"*tungkù2","para_t_19693.xml"
"tungkù3","para_t_19694.xml"
"tungkud","para_t_19695.xml"
"tunglu","para_t_19696.xml"
"tungtung","para_t_19697.xml"
"túngu","para_t_19698.xml"
"tungud","para_t_19699.xml"
"tungug","para_t_19700.xml"
"tunguk","para_t_19701.xml"
"túngul","para_t_19702.xml"
"tungup","para_t_19703.xml"
"tung-uy","para_t_19704.xml"
"tunhay1","para_t_19705.xml"
"tunhay2","para_t_19706.xml"
"túnik","para_t_19707.xml"
"*tuniku","para_t_19708.xml"
"tunil1","para_t_19709.xml"
"tunil2","para_t_19710.xml"
"tunil3, túnil","para_t_19711.xml"
"tuniláda","para_t_19712.xml"
"tunlù","para_t_19713.xml"
"tunlub","para_t_19714.xml"
"tunlud","para_t_19715.xml"
"tunsil","para_t_19716.xml"
"tuntu","para_t_19717.xml"
"tuntun","para_t_19718.xml"
"túnu1","para_t_19719.xml"
"túnu2","para_t_19720.xml"
"tunù, túnù","para_t_19721.xml"
"tunub","para_t_19722.xml"
"túnud","para_t_19723.xml"
"tunug","para_t_19724.xml"
"tun-ug","para_t_19725.xml"
"tunuk","para_t_19726.xml"
"túnul","para_t_19727.xml"
"tunung","para_t_19728.xml"
"túnuy","para_t_19729.xml"
"tunyu nu","para_t_19730.xml"
"tupà","para_t_19731.xml"
"tupad","para_t_19732.xml"
"túpas","para_t_19733.xml"
"tupay","para_t_19734.xml"
"tupi","para_t_19735.xml"
"túpi","para_t_19736.xml"
"tupiku","para_t_19737.xml"
"tupit","para_t_19738.xml"
"tuplak","para_t_19739.xml"
"tuplas","para_t_19740.xml"
"tupluk1","para_t_19741.xml"
"tupluk2","para_t_19742.xml"
"tuptup","para_t_19743.xml"
"túpù","para_t_19744.xml"
"túpuk","para_t_19745.xml"
"túpung","para_t_19746.xml"
"tupus1","para_t_19747.xml"
"tupus2","para_t_19748.xml"
"tupwak","para_t_19749.xml"
"*turágas","para_t_19750.xml"
"tural","para_t_19751.xml"
"turátuy","para_t_19752.xml"
"túray","para_t_19753.xml"
"turban","para_t_19754.xml"
"turdbis","para_t_19755.xml"
"túri","para_t_19756.xml"
"túrik","para_t_19757.xml"
"turíkì","para_t_19758.xml"
"turil","para_t_19759.xml"
"túrins","para_t_19760.xml"
"turíru","para_t_19761.xml"
"turista","para_t_19762.xml"
"turíti","para_t_19763.xml"
"turiyal","para_t_19764.xml"
"turíyu1","para_t_19765.xml"
"turíyu2","para_t_19766.xml"
"turka","para_t_19767.xml"
"turku","para_t_19768.xml"
"turnilyu1","para_t_19769.xml"
"turnilyu2","para_t_19770.xml"
"turníru","para_t_19771.xml"
"turniyu, turníyu","para_t_19772.xml"
"turnu1","para_t_19773.xml"
"turnu2","para_t_19774.xml"
"turnus","para_t_19775.xml"
"turpáda","para_t_19776.xml"
"turpi","para_t_19777.xml"
"turpídu","para_t_19778.xml"
"tursi","para_t_19779.xml"
"turta","para_t_19780.xml"
"turtilya, turtilyas","para_t_19781.xml"
"turtur","para_t_19782.xml"
"túru","para_t_19783.xml"
"turuk","para_t_19784.xml"
"turun","para_t_19785.xml"
"turung","para_t_19786.xml"
"turungturung","para_t_19787.xml"
"turúrut","para_t_19788.xml"
"turus","para_t_19789.xml"
"turut","para_t_19790.xml"
"turútut","para_t_19791.xml"
"turútuy","para_t_19792.xml"
"tús1","para_t_19793.xml"
"tús2","para_t_19794.xml"
"tusak","para_t_19795.xml"
"tus-ap1","para_t_19796.xml"
"tus-ap2","para_t_19797.xml"
"tusdik","para_t_19798.xml"
"túsik1","para_t_19799.xml"
"túsik2","para_t_19800.xml"
"tuskig","para_t_19801.xml"
"tuslak","para_t_19802.xml"
"tuslù","para_t_19803.xml"
"tuslub","para_t_19804.xml"
"tuslud","para_t_19805.xml"
"tusluk","para_t_19806.xml"
"tusmaw","para_t_19807.xml"
"tusmud","para_t_19808.xml"
"tusnub","para_t_19809.xml"
"tusnud","para_t_19810.xml"
"tustǎr","para_t_19811.xml"
"tustus","para_t_19812.xml"
"túsu","para_t_19813.xml"
"tusud","para_t_19814.xml"
"túsug","para_t_19815.xml"
"túsuk","para_t_19816.xml"
"túsup","para_t_19817.xml"
"tusuy","para_t_19818.xml"
"tutal","para_t_19819.xml"
"tútal","para_t_19820.xml"
"tutbras","para_t_19821.xml"
"tuthu","para_t_19822.xml"
"tutpik","para_t_19823.xml"
"tútù","para_t_19824.xml"
"tùtù1","para_t_19825.xml"
"tùtù2","para_t_19826.xml"
"tutub","para_t_19827.xml"
"tutug","para_t_19828.xml"
"tútuk1","para_t_19829.xml"
"tútuk2","para_t_19830.xml"
"tutul, tútul","para_t_19831.xml"
"tutunlan","para_t_19832.xml"
"tútut","para_t_19833.xml"
"tútuy","para_t_19834.xml"
"tuu, túu1","para_t_19835.xml"
"túu2","para_t_19836.xml"
"tuub, túub1","para_t_19837.xml"
"túub2","para_t_19838.xml"
"tuud","para_t_19839.xml"
"túud1","para_t_19840.xml"
"túud2","para_t_19841.xml"
"túug","para_t_19842.xml"
"tuuk","para_t_19843.xml"
"tuun1","para_t_19844.xml"
"túun","para_t_19845.xml"
"tuung","para_t_19846.xml"
"túuy","para_t_19847.xml"
"tuwa","para_t_19848.xml"
"tuwad","para_t_19849.xml"
"túwag","para_t_19850.xml"
"tuwak","para_t_19851.xml"
"tuwang1, túwang1","para_t_19852.xml"
"tuwang2, túwang2","para_t_19853.xml"
"túwang3","para_t_19854.xml"
"túwang4","para_t_19855.xml"
"tuwas","para_t_19856.xml"
"tuwatúwa","para_t_19857.xml"
"tuwaw","para_t_19858.xml"
"tuway1","para_t_19859.xml"
"tuway2, túway","para_t_19860.xml"
"tuwaytuway2","para_t_19861.xml"
"tuwaytúway1","para_t_19862.xml"
"tuwaytúway2","para_t_19863.xml"
"tuwittuwit","para_t_19864.xml"
"túy1","para_t_19865.xml"
"túy2, 3","para_t_19866.xml"
"túya","para_t_19867.xml"
"túyà","para_t_19868.xml"
"*túyang","para_t_19869.xml"
"tuyarug","para_t_19870.xml"
"tuyátuy","para_t_19871.xml"
"tuybù","para_t_19872.xml"
"tuyhad","para_t_19873.xml"
"tuyhákaw","para_t_19874.xml"
"tuyhud","para_t_19875.xml"
"tuytuy1","para_t_19876.xml"
"tuytuy2","para_t_19877.xml"
"tuytuy3","para_t_19878.xml"
"túyu","para_t_19879.xml"
"tuyù","para_t_19880.xml"
"túyù1","para_t_19881.xml"
"túyù2","para_t_19882.xml"
"túyub","para_t_19883.xml"
"tuy-ud","para_t_19884.xml"
"túyuk","para_t_19885.xml"
"twagsik","para_t_19886.xml"
"twakdug","para_t_19887.xml"
"twásik","para_t_19888.xml"
"twilb-uklak","para_t_19889.xml"
"twirka","para_t_19890.xml"
"twis, twist","para_t_19891.xml"
"tyábaw","para_t_19892.xml"
"tyágù","para_t_19893.xml"
"tyáli","para_t_19894.xml"
"tyának","para_t_19895.xml"
"tyangaw","para_t_19896.xml"
"tyanggi","para_t_19897.xml"
"tyatru","para_t_19898.xml"
"tyimpu","para_t_19899.xml"
"tyinda","para_t_19900.xml"
"tyubíbu","para_t_19901.xml"
"tyúning purk","para_t_19902.xml"
"tyúpì","para_t_19903.xml"
"tyuríya","para_t_19904.xml"
"tyusupíya","para_t_19905.xml"
"tyútur","para_t_19906.xml"
"u1","para_u_19907.xml"
"u2","para_u_19908.xml"
"u3","para_u_19909.xml"
"ū́1","para_u_19910.xml"
"ū́2","para_u_19911.xml"
"ū́3","para_u_19912.xml"
"úbak","para_u_19913.xml"
"uban","para_u_19914.xml"
"úban","para_u_19915.xml"
"ubaryu","para_u_19916.xml"
"úbas1","para_u_19917.xml"
"úbas2","para_u_19918.xml"
"ubaub","para_u_19919.xml"
"ubaug","para_u_19920.xml"
"ubay","para_u_19921.xml"
"ubay-ubay","para_u_19922.xml"
"úbi","para_u_19923.xml"
"ubíhas","para_u_19924.xml"
"úbir1","para_u_19925.xml"
"úbir2","para_u_19926.xml"
"úbir3","para_u_19927.xml"
"ubispu","para_u_19928.xml"
"ubligar","para_u_19929.xml"
"ublung","para_u_19930.xml"
"ubp.","para_u_19931.xml"
"ubra","para_u_19932.xml"
"ubríru","para_u_19933.xml"
"ubsirbar","para_u_19934.xml"
"ubsirbaturyu","para_u_19935.xml"
"ubu","para_u_19936.xml"
"ubù","para_u_19937.xml"
"ub-ub","para_u_19938.xml"
"ubud","para_u_19939.xml"
"úbud","para_u_19940.xml"
"úbug","para_u_19941.xml"
"ubul-úbul","para_u_19942.xml"
"ubus","para_u_19943.xml"
"úbus1","para_u_19944.xml"
"úbus2","para_u_19945.xml"
"ubuub","para_u_19946.xml"
"ū́d","para_u_19947.xml"
"úday","para_u_19948.xml"
"udhak","para_u_19949.xml"
"udhan","para_u_19950.xml"
"udíyu","para_u_19951.xml"
"udiyung","para_u_19952.xml"
"udlut","para_u_19953.xml"
"udtu","para_u_19954.xml"
"udù","para_u_19955.xml"
"ud-ud1","para_u_19956.xml"
"ud-ud2","para_u_19957.xml"
"uduy","para_u_19958.xml"
"ug","para_u_19959.xml"
"uga","para_u_19960.xml"
"ugáhip","para_u_19961.xml"
"ugahípun","para_u_19962.xml"
"ugáling","para_u_19963.xml"
"ugam","para_u_19964.xml"
"ugang","para_u_19965.xml"
"ugángan","para_u_19966.xml"
"ugat","para_u_19967.xml"
"ugaúga","para_u_19968.xml"
"úgay","para_u_19969.xml"
"ugba","para_u_19970.xml"
"ugbáti","para_u_19971.xml"
"ugbp.","para_u_19972.xml"
"ugbuk","para_u_19973.xml"
"ugbun","para_u_19974.xml"
"ugbus","para_u_19975.xml"
"ugda, ugdà","para_u_19976.xml"
"ugdang","para_u_19977.xml"
"ugdaw","para_u_19978.xml"
"ugdu1","para_u_19979.xml"
"ugdu2","para_u_19980.xml"
"ugduk","para_u_19981.xml"
"ugdul","para_u_19982.xml"
"ugdung","para_u_19983.xml"
"ughad","para_u_19984.xml"
"ughak","para_u_19985.xml"
"ugíngut","para_u_19986.xml"
"ugis","para_u_19987.xml"
"ugíut","para_u_19988.xml"
"ugkad","para_u_19989.xml"
"ugkal","para_u_19990.xml"
"ugkat","para_u_19991.xml"
"ugkay","para_u_19992.xml"
"ugmà","para_u_19993.xml"
"ugmad","para_u_19994.xml"
"ugnat","para_u_19995.xml"
"ugnuk","para_u_19996.xml"
"ugnut","para_u_19997.xml"
"ugpak","para_u_19998.xml"
"ugpas","para_u_19999.xml"
"ugpù","para_u_20000.xml"
"ugpung","para_u_20001.xml"
"ugput","para_u_20002.xml"
"ugsad","para_u_20003.xml"
"ugsud","para_u_20004.xml"
"ugsuk","para_u_20005.xml"
"ugtad","para_u_20006.xml"
"ugtak","para_u_20007.xml"
"ugtas","para_u_20008.xml"
"ugtud","para_u_20009.xml"
"ugtuk","para_u_20010.xml"
"ugtus","para_u_20011.xml"
"ugud","para_u_20012.xml"
"ug-ug1","para_u_20013.xml"
"ug-ug2","para_u_20014.xml"
"ug-úg","para_u_20015.xml"
"uguk1","para_u_20016.xml"
"uguk2","para_u_20017.xml"
"úgum","para_u_20018.xml"
"úgung","para_u_20019.xml"
"ugut","para_u_20020.xml"
"ugut-úgut","para_u_20021.xml"
"uguy","para_u_20022.xml"
"úguy","para_u_20023.xml"
"ugwad","para_u_20024.xml"
"ugyab","para_u_20025.xml"
"uha","para_u_20026.xml"
"uhag","para_u_20027.xml"
"uhaldris","para_u_20028.xml"
"uhális","para_u_20029.xml"
"uhang","para_u_20030.xml"
"úhas","para_u_20031.xml"
"úhas bulantis","para_u_20032.xml"
"uhaw","para_u_20033.xml"
"uháwun","para_u_20034.xml"
"uhay","para_u_20035.xml"
"uhípan","para_u_20036.xml"
"uhu","para_u_20037.xml"
"uhú","para_u_20038.xml"
"uhù","para_u_20039.xml"
"úhù","para_u_20040.xml"
"uhún","para_u_20041.xml"
"úhung","para_u_20042.xml"
"uhut, úhut","para_u_20043.xml"
"úk","para_u_20044.xml"
"uka","para_u_20045.xml"
"ukab","para_u_20046.xml"
"ukabhang","para_u_20047.xml"
"ukadyang","para_u_20048.xml"
"ukal","para_u_20049.xml"
"ukang","para_u_20050.xml"
"ukas","para_u_20051.xml"
"ukasiyun","para_u_20052.xml"
"úkat","para_u_20053.xml"
"ukay","para_u_20054.xml"
"úkay","para_u_20055.xml"
"ukba","para_u_20056.xml"
"ukhab","para_u_20057.xml"
"úki","para_u_20058.xml"
"ukiduk, ukidúki","para_u_20059.xml"
"ukikà","para_u_20060.xml"
"úkit","para_u_20061.xml"
"ukíuk","para_u_20062.xml"
"ukiut, ukíut","para_u_20063.xml"
"uklab","para_u_20064.xml"
"uklaba","para_u_20065.xml"
"ukmil","para_u_20066.xml"
"uknul","para_u_20067.xml"
"ukpaw","para_u_20068.xml"
"ukra1","para_u_20069.xml"
"ukra2","para_u_20070.xml"
"uksidyǐn, uksihína","para_u_20071.xml"
"uksihináda","para_u_20072.xml"
"uksihínu","para_u_20073.xml"
"uksilyu","para_u_20074.xml"
"uksináda","para_u_20075.xml"
"uksirbǎr","para_u_20076.xml"
"uksu","para_u_20077.xml"
"Ukt.","para_u_20078.xml"
"uktába1","para_u_20079.xml"
"uktába2","para_u_20080.xml"
"Uktubri","para_u_20081.xml"
"uku, ukù","para_u_20082.xml"
"úkù","para_u_20083.xml"
"úkub","para_u_20084.xml"
"uk-uk","para_u_20085.xml"
"úkul","para_u_20086.xml"
"ukun-úkun","para_u_20087.xml"
"ukupar","para_u_20088.xml"
"ukupasiyun","para_u_20089.xml"
"ukut","para_u_20090.xml"
"ukuy","para_u_20091.xml"
"úkuy1","para_u_20092.xml"
"úkuy2","para_u_20093.xml"
"ukyab","para_u_20094.xml"
"ukyù","para_u_20095.xml"
"ukyut","para_u_20096.xml"
"úlà","para_u_20097.xml"
"úlag","para_u_20098.xml"
"ulahi","para_u_20099.xml"
"ulahípan","para_u_20100.xml"
"ulalag","para_u_20101.xml"
"ulan","para_u_20102.xml"
"ulandis","para_u_20103.xml"
"ulang1","para_u_20104.xml"
"ulang2","para_u_20105.xml"
"ulang3","para_u_20106.xml"
"ulan-úlan","para_u_20107.xml"
"ul-ap","para_u_20108.xml"
"ulápì","para_u_20109.xml"
"ulasíman","para_u_20110.xml"
"ulat1","para_u_20111.xml"
"ulat2, úlat","para_u_20112.xml"
"ulátiw","para_u_20113.xml"
"úlaw","para_u_20114.xml"
"úlay","para_u_20115.xml"
"ulbu","para_u_20116.xml"
"uldáwun","para_u_20117.xml"
"uldug","para_u_20118.xml"
"ulhi","para_u_20119.xml"
"ulhus","para_u_20120.xml"
"úli","para_u_20121.xml"
"úlì","para_u_20122.xml"
"ulianun","para_u_20123.xml"
"úlib","para_u_20124.xml"
"ulíba","para_u_20125.xml"
"*ulíba, *ulíbu","para_u_20126.xml"
"uligark","para_u_20127.xml"
"ulíhad","para_u_20128.xml"
"ulihi","para_u_20129.xml"
"ulílang","para_u_20130.xml"
"ulimpíkir","para_u_20131.xml"
"ulimpiyan","para_u_20132.xml"
"ulin","para_u_20133.xml"
"úling","para_u_20134.xml"
"ulingì, ulingig","para_u_20135.xml"
"ulipad","para_u_20136.xml"
"*uliping","para_u_20137.xml"
"ulípun","para_u_20138.xml"
"ulísi","para_u_20139.xml"
"ulit","para_u_20140.xml"
"úlit","para_u_20141.xml"
"ulitáwu","para_u_20142.xml"
"ulíut","para_u_20143.xml"
"ulput","para_u_20144.xml"
"ulsir, ulsira, ulsíra","para_u_20145.xml"
"ultima","para_u_20146.xml"
"ultimatúm","para_u_20147.xml"
"ultimu1","para_u_20148.xml"
"ultimu2","para_u_20149.xml"
"úlu","para_u_20150.xml"
"úlub","para_u_20151.xml"
"úlud","para_u_20152.xml"
"úlug","para_u_20153.xml"
"ul-ug","para_u_20154.xml"
"ulugnan","para_u_20155.xml"
"ulug-úlug","para_u_20156.xml"
"uluk, úluk","para_u_20157.xml"
"ul-ul1","para_u_20158.xml"
"ul-ul2","para_u_20159.xml"
"ul-ul3","para_u_20160.xml"
"ulun","para_u_20161.xml"
"úlung","para_u_20162.xml"
"ulunglan","para_u_20163.xml"
"ulungnan","para_u_20164.xml"
"ulun-úlun","para_u_20165.xml"
"úlup","para_u_20166.xml"
"ulus","para_u_20167.xml"
"úlus","para_u_20168.xml"
"ulusíman","para_u_20169.xml"
"ulut1","para_u_20170.xml"
"ulut2","para_u_20171.xml"
"úlut2","para_u_20172.xml"
"uluúlu","para_u_20173.xml"
"uluy","para_u_20174.xml"
"ulyahut","para_u_20175.xml"
"ulyap","para_u_20176.xml"
"um̀","para_u_20177.xml"
"uma","para_u_20178.xml"
"umag","para_u_20179.xml"
"umágad","para_u_20180.xml"
"umagak, umágak","para_u_20181.xml"
"úmang","para_u_20182.xml"
"umapún","para_u_20183.xml"
"umari ka","para_u_20184.xml"
"úmat","para_u_20185.xml"
"umaw","para_u_20186.xml"
"umay-úmay","para_u_20187.xml"
"umbangul, umbángul","para_u_20188.xml"
"umbaw","para_u_20189.xml"
"umbihas, umbíhas","para_u_20190.xml"
"úmid","para_u_20191.xml"
"umidu","para_u_20192.xml"
"umígas","para_u_20193.xml"
"umil","para_u_20194.xml"
"umintádu","para_u_20195.xml"
"umintu","para_u_20196.xml"
"umnis","para_u_20197.xml"
"umpas","para_u_20198.xml"
"umpaw1","para_u_20199.xml"
"umpaw2","para_u_20200.xml"
"umpù","para_u_20201.xml"
"umpul","para_u_20202.xml"
"-um-r-","para_u_20203.xml"
"úmud","para_u_20204.xml"
"umug","para_u_20205.xml"
"úmuk pa-","para_u_20206.xml"
"úmul","para_u_20207.xml"
"um-um","para_u_20208.xml"
"umung","para_u_20209.xml"
"umu-um","para_u_20210.xml"
"umuy","para_u_20211.xml"
"*un","para_u_20212.xml"
"-un1","para_u_20213.xml"
"-un2","para_u_20214.xml"
"-un(→)","para_u_20215.xml"
"úna","para_u_20216.xml"
"unà","para_u_20217.xml"
"únà","para_u_20218.xml"
"unanut","para_u_20219.xml"
"unap","para_u_20220.xml"
"unas","para_u_20221.xml"
"unásis","para_u_20222.xml"
"unat","para_u_20223.xml"
"unaw","para_u_20224.xml"
"unawup","para_u_20225.xml"
"unay","para_u_20226.xml"
"undag","para_u_20227.xml"
"undak","para_u_20228.xml"
"undan","para_u_20229.xml"
"undang","para_u_20230.xml"
"undaundà","para_u_20231.xml"
"undáyag","para_u_20232.xml"
"undayun, undáyun","para_u_20233.xml"
"undù","para_u_20234.xml"
"unduk","para_u_20235.xml"
"undul","para_u_20236.xml"
"unduy","para_u_20237.xml"
"undyan","para_u_20238.xml"
"ū́ng","para_u_20239.xml"
"ungà1","para_u_20240.xml"
"ungà2","para_u_20241.xml"
"ungab1","para_u_20242.xml"
"ungab2","para_u_20243.xml"
"úngad","para_u_20244.xml"
"ungal, úngal","para_u_20245.xml"
"ungas","para_u_20246.xml"
"ungat-úngat","para_u_20247.xml"
"ungaug","para_u_20248.xml"
"ungaw","para_u_20249.xml"
"ungdan","para_u_20250.xml"
"unggà","para_u_20251.xml"
"unggal","para_u_20252.xml"
"unggu","para_u_20253.xml"
"ungguwintu","para_u_20254.xml"
"ungguy","para_u_20255.xml"
"ungkad, ungkag","para_u_20256.xml"
"ungkat","para_u_20257.xml"
"unglan","para_u_20258.xml"
"unglù","para_u_20259.xml"
"ungnan","para_u_20260.xml"
"úngù1","para_u_20261.xml"
"úngù2","para_u_20262.xml"
"úngud","para_u_20263.xml"
"ungul","para_u_20264.xml"
"úngul","para_u_20265.xml"
"ung-ung","para_u_20266.xml"
"ungus-ungus, ungus-úngus","para_u_20267.xml"
"úngut","para_u_20268.xml"
"unguy1","para_u_20269.xml"
"*unguy2","para_u_20270.xml"
"unibirsidad","para_u_20271.xml"
"unidu","para_u_20272.xml"
"unidúru","para_u_20273.xml"
"unipurmi","para_u_20274.xml"
"unkuwartu","para_u_20275.xml"
"unlan","para_u_20276.xml"
"unlud","para_u_20277.xml"
"unminútu","para_u_20278.xml"
"unmumintu","para_u_20279.xml"
"unra","para_u_20280.xml"
"unras","para_u_20281.xml"
"unsa","para_u_20282.xml"
"unsas","para_u_20283.xml"
"unsi","para_u_20284.xml"
"unsingálan","para_u_20285.xml"
"unsiyálan","para_u_20286.xml"
"unsuy","para_u_20287.xml"
"untà","para_u_20288.xml"
"untu1","para_u_20289.xml"
"untu2","para_u_20290.xml"
"untul","para_u_20291.xml"
"untup","para_u_20292.xml"
"untuy1","para_u_20293.xml"
"untuy2","para_u_20294.xml"
"untuy3","para_u_20295.xml"
"únu","para_u_20296.xml"
"unud","para_u_20297.xml"
"unugan","para_u_20298.xml"
"*unuk-unuk","para_u_20299.xml"
"unuk-únuk","para_u_20300.xml"
"unum","para_u_20301.xml"
"-unun","para_u_20302.xml"
"un-un1","para_u_20303.xml"
"un-un2","para_u_20304.xml"
"un-ún1","para_u_20305.xml"
"un-ún2","para_u_20306.xml"
"únung","para_u_20307.xml"
"unur","para_u_20308.xml"
"únur","para_u_20309.xml"
"unurabli","para_u_20310.xml"
"unurári","para_u_20311.xml"
"unuraryu","para_u_20312.xml"
"unus","para_u_20313.xml"
"únus","para_u_20314.xml"
"unus-únus","para_u_20315.xml"
"unut","para_u_20316.xml"
"únut","para_u_20317.xml"
"unyà","para_u_20318.xml"
"unyas","para_u_20319.xml"
"unyun","para_u_20320.xml"
"unyur","para_u_20321.xml"
"up1","para_u_20322.xml"
"up2","para_u_20323.xml"
"úpa","para_u_20324.xml"
"úpà","para_u_20325.xml"
"upak","para_u_20326.xml"
"úpak","para_u_20327.xml"
"úpal","para_u_20328.xml"
"upas","para_u_20329.xml"
"úpas","para_u_20330.xml"
"upat","para_u_20331.xml"
"upaup","para_u_20332.xml"
"upaw1","para_u_20333.xml"
"upaw2","para_u_20334.xml"
"upay, úpay","para_u_20335.xml"
"up bit","para_u_20336.xml"
"uphag","para_u_20337.xml"
"uphak","para_u_20338.xml"
"úpin","para_u_20339.xml"
"upiniyun","para_u_20340.xml"
"úpin tsik","para_u_20341.xml"
"upira1","para_u_20342.xml"
"upira2","para_u_20343.xml"
"upirarya","para_u_20344.xml"
"upiraryu","para_u_20345.xml"
"upirisyun","para_u_20346.xml"
"upirit","para_u_20347.xml"
"upiríta","para_u_20348.xml"
"upirturyu","para_u_20349.xml"
"úpis","para_u_20350.xml"
"upisína","para_u_20351.xml"
"upisir","para_u_20352.xml"
"upisiyal","para_u_20353.xml"
"upisiyun","para_u_20354.xml"
"upisyu","para_u_20355.xml"
"upluk","para_u_20356.xml"
"uprisar","para_u_20357.xml"
"uprisir","para_u_20358.xml"
"ups","para_u_20359.xml"
"uptikal","para_u_20360.xml"
"uptiku","para_u_20361.xml"
"úpu","para_u_20362.xml"
"upù","para_u_20363.xml"
"upud","para_u_20364.xml"
"upung","para_u_20365.xml"
"upunir","para_u_20366.xml"
"up-up","para_u_20367.xml"
"upurtunista","para_u_20368.xml"
"upus","para_u_20369.xml"
"upusisiyun","para_u_20370.xml"
"upuy-upuy, upuy-úpuy","para_u_20371.xml"
"upyu","para_u_20372.xml"
"urabang","para_u_20373.xml"
"uradur","para_u_20374.xml"
"urakan","para_u_20375.xml"
"urakulu","para_u_20376.xml"
"úral","para_u_20377.xml"
"uran","para_u_20378.xml"
"urang-utan, urang-utang","para_u_20379.xml"
"uran-uran","para_u_20380.xml"
"úra pru núbis","para_u_20381.xml"
"uráray","para_u_20382.xml"
"uraryu","para_u_20383.xml"
"úras","para_u_20384.xml"
"urasanta","para_u_20385.xml"
"urasiyun","para_u_20386.xml"
"uray1","para_u_20387.xml"
"uray2, úray","para_u_20388.xml"
"urbanidad","para_u_20389.xml"
"urbanisar","para_u_20390.xml"
"urdín","para_u_20391.xml"
"urdin","para_u_20392.xml"
"urdinar","para_u_20393.xml"
"urdinaryu","para_u_20394.xml"
"urdir","para_u_20395.xml"
"urgan","para_u_20396.xml"
"urgandi","para_u_20397.xml"
"urganisar","para_u_20398.xml"
"urganista","para_u_20399.xml"
"urgansa","para_u_20400.xml"
"urganu","para_u_20401.xml"
"urhinti","para_u_20402.xml"
"urig","para_u_20403.xml"
"urihinal","para_u_20404.xml"
"*urímaw","para_u_20405.xml"
"urímus","para_u_20406.xml"
"úrins","para_u_20407.xml"
"urinúla","para_u_20408.xml"
"urit","para_u_20409.xml"
"urkid","para_u_20410.xml"
"urkilyas","para_u_20411.xml"
"urkista, urkistra","para_u_20412.xml"
"urkiyu","para_u_20413.xml"
"urlun","para_u_20414.xml"
"urna","para_u_20415.xml"
"ursa","para_u_20416.xml"
"*urti","para_u_20417.xml"
"urtikarya","para_u_20418.xml"
"úru","para_u_20419.xml"
"urud","para_u_20420.xml"
"urug, úrug","para_u_20421.xml"
"urug-úrug","para_u_20422.xml"
"úruk","para_u_20423.xml"
"úrul","para_u_20424.xml"
"úrum","para_u_20425.xml"
"úrung1","para_u_20426.xml"
"úrung2","para_u_20427.xml"
"Urúpa","para_u_20428.xml"
"úrus1","para_u_20429.xml"
"úrus2","para_u_20430.xml"
"uruy","para_u_20431.xml"
"*úruy","para_u_20432.xml"
"ús","para_u_20433.xml"
"usa1","para_u_20434.xml"
"usa2","para_u_20435.xml"
"úsà","para_u_20436.xml"
"usab","para_u_20437.xml"
"usad","para_u_20438.xml"
"usáhay","para_u_20439.xml"
"usámud","para_u_20440.xml"
"úsap","para_u_20441.xml"
"usar","para_u_20442.xml"
"usbaw","para_u_20443.xml"
"usbung","para_u_20444.xml"
"usdak","para_u_20445.xml"
"usdu1","para_u_20446.xml"
"usdu2","para_u_20447.xml"
"usdug","para_u_20448.xml"
"usdung","para_u_20449.xml"
"usig, úsig","para_u_20450.xml"
"úsik","para_u_20451.xml"
"usísa","para_u_20452.xml"
"uska","para_u_20453.xml"
"uslub1","para_u_20454.xml"
"uslub2","para_u_20455.xml"
"Usminya","para_u_20456.xml"
"usmud","para_u_20457.xml"
"usngad","para_u_20458.xml"
"uspag","para_u_20459.xml"
"uspital","para_u_20460.xml"
"ustiya, ustiyas, ustíyas","para_u_20461.xml"
"úsu1","para_u_20462.xml"
"úsu2","para_u_20463.xml"
"usub","para_u_20464.xml"
"úsuk1","para_u_20465.xml"
"úsuk2","para_u_20466.xml"
"úsung","para_u_20467.xml"
"usúra","para_u_20468.xml"
"us-us","para_u_20469.xml"
"usuus","para_u_20470.xml"
"usúus","para_u_20471.xml"
"uswa","para_u_20472.xml"
"uswag","para_u_20473.xml"
"usyus","para_u_20474.xml"
"usyúsa","para_u_20475.xml"
"usyúsu","para_u_20476.xml"
"útak","para_u_20477.xml"
"útan","para_u_20478.xml"
"útang","para_u_20479.xml"
"utang-útang","para_u_20480.xml"
"utap, útap","para_u_20481.xml"
"utas","para_u_20482.xml"
"útas","para_u_20483.xml"
"utaw","para_u_20484.xml"
"utaw-útaw","para_u_20485.xml"
"utay-utay, utay-útay","para_u_20486.xml"
"utbu","para_u_20487.xml"
"utbung","para_u_20488.xml"
"utik","para_u_20489.xml"
"utika","para_u_20490.xml"
"util","para_u_20491.xml"
"útin","para_u_20492.xml"
"utingkad","para_u_20493.xml"
"utingkag","para_u_20494.xml"
"utingkay","para_u_20495.xml"
"utitud","para_u_20496.xml"
"utíut","para_u_20497.xml"
"utlánan","para_u_20498.xml"
"utlub","para_u_20499.xml"
"utmil","para_u_20500.xml"
"utnga1","para_u_20501.xml"
"utnga2, utngà","para_u_20502.xml"
"utra","para_u_20503.xml"
"utrabis","para_u_20504.xml"
"utru","para_u_20505.xml"
"utsing","para_u_20506.xml"
"utsinta","para_u_20507.xml"
"utsu","para_u_20508.xml"
"utud","para_u_20509.xml"
"utug","para_u_20510.xml"
"utuk1","para_u_20511.xml"
"utuk2, útuk1","para_u_20512.xml"
"útuk2","para_u_20513.xml"
"utul","para_u_20514.xml"
"útul2","para_u_20515.xml"
"utung","para_u_20516.xml"
"utut","para_u_20517.xml"
"ut-ut1","para_u_20518.xml"
"ut-ut2","para_u_20519.xml"
"ut-ut3","para_u_20520.xml"
"ut-út","para_u_20521.xml"
"utwang","para_u_20522.xml"
"úu","para_u_20523.xml"
"úù","para_u_20524.xml"
"úun","para_u_20525.xml"
"úwag","para_u_20526.xml"
"uwag-úwag","para_u_20527.xml"
"uwahi","para_u_20528.xml"
"uwak","para_u_20529.xml"
"uwandis","para_u_20530.xml"
"uwang-uwang","para_u_20531.xml"
"uwápay","para_u_20532.xml"
"uwaping","para_u_20533.xml"
"uway","para_u_20534.xml"
"úway","para_u_20535.xml"
"uwídu","para_u_20536.xml"
"uwígik","para_u_20537.xml"
"úwil","para_u_20538.xml"
"uy","para_u_20539.xml"
"úy","para_u_20540.xml"
"uyab1","para_u_20541.xml"
"uyab2","para_u_20542.xml"
"úyab","para_u_20543.xml"
"uyabad","para_u_20544.xml"
"uyabang","para_u_20545.xml"
"úyag","para_u_20546.xml"
"uyágak","para_u_20547.xml"
"uyakut","para_u_20548.xml"
"uyámut","para_u_20549.xml"
"úyang","para_u_20550.xml"
"uyap","para_u_20551.xml"
"uyas","para_u_20552.xml"
"úyat1","para_u_20553.xml"
"úyat2","para_u_20554.xml"
"uyat-úyat","para_u_20555.xml"
"uyauya","para_u_20556.xml"
"uyit","para_u_20557.xml"
"uylab","para_u_20558.xml"
"uylap","para_u_20559.xml"
"uyuan","para_u_20560.xml"
"úyug","para_u_20561.xml"
"uy-ug","para_u_20562.xml"
"úyuk","para_u_20563.xml"
"úyun","para_u_20564.xml"
"úyung","para_u_20565.xml"
"wá1","para_w_20566.xml"
"wá2","para_w_20567.xml"
"wâ","para_w_20568.xml"
"wáay1","para_w_20569.xml"
"*wáay2","para_w_20570.xml"
"wábul","para_w_20571.xml"
"wadwad","para_w_20572.xml"
"wagas","para_w_20573.xml"
"wagat","para_w_20574.xml"
"wagtang","para_w_20575.xml"
"wagut","para_w_20576.xml"
"wagwag1","para_w_20577.xml"
"wagwag2","para_w_20578.xml"
"wáhì","para_w_20579.xml"
"wahig","para_w_20580.xml"
"wáhig","para_w_20581.xml"
"wáhing","para_w_20582.xml"
"wáis","para_w_20583.xml"
"wait","para_w_20584.xml"
"wak","para_w_20585.xml"
"wákag","para_w_20586.xml"
"wákal","para_w_20587.xml"
"*wákang","para_w_20588.xml"
"wakanga","para_w_20589.xml"
"wákat","para_w_20590.xml"
"wakay","para_w_20591.xml"
"wakis","para_w_20592.xml"
"waklay","para_w_20593.xml"
"wakli","para_w_20594.xml"
"wakling","para_w_20595.xml"
"wakwak1","para_w_20596.xml"
"wakwak2","para_w_20597.xml"
"wala","para_w_20598.xml"
"walà","para_w_20599.xml"
"walay","para_w_20600.xml"
"waldas","para_w_20601.xml"
"wáli","para_w_20602.xml"
"wáling","para_w_20603.xml"
"walingwaling","para_w_20604.xml"
"walis","para_w_20605.xml"
"walts","para_w_20606.xml"
"walu","para_w_20607.xml"
"walug","para_w_20608.xml"
"walup, wálup","para_w_20609.xml"
"walwag","para_w_20610.xml"
"walwal","para_w_20611.xml"
"wánang","para_w_20612.xml"
"wan-an-ihap","para_w_20613.xml"
"wan-aydyak","para_w_20614.xml"
"wandag","para_w_20615.xml"
"wandas","para_w_20616.xml"
"wandirin dyú, wandiring dyú","para_w_20617.xml"
"wandug","para_w_20618.xml"
"wanggu","para_w_20619.xml"
"wangì","para_w_20620.xml"
"*wángis","para_w_20621.xml"
"wangkata","para_w_20622.xml"
"wanglùwanglù","para_w_20623.xml"
"wangsà","para_w_20624.xml"
"wangsat","para_w_20625.xml"
"wangsì","para_w_20626.xml"
"wangtigu","para_w_20627.xml"
"wangut","para_w_20628.xml"
"wangwang","para_w_20629.xml"
"wani","para_w_20630.xml"
"*wani","para_w_20631.xml"
"wanklik","para_w_20632.xml"
"wantáyim","para_w_20633.xml"
"wantid","para_w_20634.xml"
"wan tu tri","para_w_20635.xml"
"wanwi","para_w_20636.xml"
"waping","para_w_20637.xml"
"wápir","para_w_20638.xml"
"warak","para_w_20639.xml"
"warakwarak","para_w_20640.xml"
"waraswáras","para_w_20641.xml"
"warawára","para_w_20642.xml"
"Waray1","para_w_20643.xml"
"waray2","para_w_20644.xml"
"ward","para_w_20645.xml"
"wardabáhu","para_w_20646.xml"
"wardámids klím","para_w_20647.xml"
"wardas","para_w_20648.xml"
"wardin","para_w_20649.xml"
"wardiwardi","para_w_20650.xml"
"wargung","para_w_20651.xml"
"warì","para_w_20652.xml"
"wárì","para_w_20653.xml"
"warm-ap","para_w_20654.xml"
"warning","para_w_20655.xml"
"warung","para_w_20656.xml"
"*wasa","para_w_20657.xml"
"wása","para_w_20658.xml"
"wasag, wásag","para_w_20659.xml"
"wasak","para_w_20660.xml"
"was-anwir","para_w_20661.xml"
"wásay","para_w_20662.xml"
"wasdak","para_w_20663.xml"
"wasi","para_w_20664.xml"
"wásì","para_w_20665.xml"
"wasigwasig","para_w_20666.xml"
"wásing","para_w_20667.xml"
"waslik1","para_w_20668.xml"
"waslik2","para_w_20669.xml"
"wasngà","para_w_20670.xml"
"wasngì","para_w_20671.xml"
"waswas1","para_w_20672.xml"
"waswas2","para_w_20673.xml"
"waswas3","para_w_20674.xml"
"waswit","para_w_20675.xml"
"wát","para_w_20676.xml"
"watag, wátag","para_w_20677.xml"
"watakwatak","para_w_20678.xml"
"wataswatas","para_w_20679.xml"
"wati1","para_w_20680.xml"
"wati2","para_w_20681.xml"
"wating","para_w_20682.xml"
"*wátir","para_w_20683.xml"
"watsamára","para_w_20684.xml"
"watsinanggu","para_w_20685.xml"
"watsir","para_w_20686.xml"
"watsumára","para_w_20687.xml"
"watsung","para_w_20688.xml"
"watúsi","para_w_20689.xml"
"watwat","para_w_20690.xml"
"waw","para_w_20691.xml"
"wáwa","para_w_20692.xml"
"wàwà","para_w_20693.xml"
"wawug","para_w_20694.xml"
"wayà","para_w_20695.xml"
"wayawaya","para_w_20696.xml"
"way gid","para_w_20697.xml"
"wáyir","para_w_20698.xml"
"wayis","para_w_20699.xml"
"wayit drágun","para_w_20700.xml"
"wayit guld","para_w_20701.xml"
"wayit sayidwul","para_w_20702.xml"
"waypir","para_w_20703.xml"
"wayring","para_w_20704.xml"
"wayway","para_w_20705.xml"
"wíb1","para_w_20706.xml"
"wíb2","para_w_20707.xml"
"wíb3","para_w_20708.xml"
"*wíding","para_w_20709.xml"
"wídir byúru","para_w_20710.xml"
"wídu","para_w_20711.xml"
"wig","para_w_20712.xml"
"wígik","para_w_20713.xml"
"wígun","para_w_20714.xml"
"wik-ind","para_w_20715.xml"
"wiktan","para_w_20716.xml"
"wilding","para_w_20717.xml"
"wilga","para_w_20718.xml"
"wíli","para_w_20719.xml"
"wilik","para_w_20720.xml"
"*wilkam","para_w_20721.xml"
"wiltsir","para_w_20722.xml"
"wilwig1","para_w_20723.xml"
"wilwig2","para_w_20724.xml"
"winblun","para_w_20725.xml"
"wind","para_w_20726.xml"
"windusyáping","para_w_20727.xml"
"wíngig","para_w_20728.xml"
"wings","para_w_20729.xml"
"wingwing","para_w_20730.xml"
"winirwínir1","para_w_20731.xml"
"winirwínir2","para_w_20732.xml"
"winsild","para_w_20733.xml"
"wintirgrin","para_w_20734.xml"
"wir-anwír","para_w_20735.xml"
"wíraw, wirawwiraw","para_w_20736.xml"
"wiris","para_w_20737.xml"
"wiriwiri","para_w_20738.xml"
"wis baskit","para_w_20739.xml"
"wisdam","para_w_20740.xml"
"wisik","para_w_20741.xml"
"wisiwísi","para_w_20742.xml"
"wiski","para_w_20743.xml"
"wislayin","para_w_20744.xml"
"wislik","para_w_20745.xml"
"wispúwin","para_w_20746.xml"
"wist1","para_w_20747.xml"
"*wist2","para_w_20748.xml"
"wisti","para_w_20749.xml"
"wistirn","para_w_20750.xml"
"wist layin","para_w_20751.xml"
"wist púwin","para_w_20752.xml"
"witik","para_w_20753.xml"
"wíting1","para_w_20754.xml"
"wíting2","para_w_20755.xml"
"wíting lis","para_w_20756.xml"
"wíting syid","para_w_20757.xml"
"wítir","para_w_20758.xml"
"witkan","para_w_20759.xml"
"witris","para_w_20760.xml"
"witwit","para_w_20761.xml"
"wìwì","para_w_20762.xml"
"wudrus","para_w_20763.xml"
"wukatun","para_w_20764.xml"
"wuk-áwut","para_w_20765.xml"
"wúking","para_w_20766.xml"
"wúkir","para_w_20767.xml"
"wukitúki","para_w_20768.xml"
"wúl1","para_w_20769.xml"
"wul2","para_w_20770.xml"
"wulpláwir","para_w_20771.xml"
"wungwung","para_w_20772.xml"
"wurding","para_w_20773.xml"
"wurking","para_w_20774.xml"
"wuswús","para_w_20775.xml"
"*wútir","para_w_20776.xml"
"wuyuwuyu","para_w_20777.xml"
"","para_y_20778.xml"
"yáak","para_y_20779.xml"
"yaangyaang","para_y_20780.xml"
"yabag","para_y_20781.xml"
"yabana","para_y_20782.xml"
"yábi","para_y_20783.xml"
"yabu","para_y_20784.xml"
"yab-u","para_y_20785.xml"
"yabun, yabunyabun","para_y_20786.xml"
"yabyab1","para_y_20787.xml"
"yabyab2","para_y_20788.xml"
"yad-ak","para_y_20789.xml"
"yadakadtu","para_y_20790.xml"
"yadba","para_y_20791.xml"
"yadbut","para_y_20792.xml"
"yadtu","para_y_20793.xml"
"yad-uk","para_y_20794.xml"
"yagabyab","para_y_20795.xml"
"yagatyat","para_y_20796.xml"
"yágaw","para_y_20797.xml"
"yag-aw","para_y_20798.xml"
"yagawyaw","para_y_20799.xml"
"yagàyagà","para_y_20800.xml"
"yagbun","para_y_20801.xml"
"yagbut","para_y_20802.xml"
"yagkaw","para_y_20803.xml"
"yagpis","para_y_20804.xml"
"yagubhub","para_y_20805.xml"
"yagubyub","para_y_20806.xml"
"yagungyung","para_y_20807.xml"
"yaguyágu","para_y_20808.xml"
"yagùyù","para_y_20809.xml"
"yagyag","para_y_20810.xml"
"yahat","para_y_20811.xml"
"yahigyahig","para_y_20812.xml"
"yahung","para_y_20813.xml"
"yakà","para_y_20814.xml"
"yakal","para_y_20815.xml"
"yakbut","para_y_20816.xml"
"yakmù","para_y_20817.xml"
"yakub","para_y_20818.xml"
"yamáda","para_y_20819.xml"
"yáman","para_y_20820.xml"
"yam-ang","para_y_20821.xml"
"yamar","para_y_20822.xml"
"yámas","para_y_20823.xml"
"yámat","para_y_20824.xml"
"yamàyamà","para_y_20825.xml"
"yambà","para_y_20826.xml"
"yambì","para_y_20827.xml"
"yamhang","para_y_20828.xml"
"yam-id","para_y_20829.xml"
"yamíhid","para_y_20830.xml"
"yamíid","para_y_20831.xml"
"yámis","para_y_20832.xml"
"yam-is","para_y_20833.xml"
"yamitak, yamítak","para_y_20834.xml"
"yampungad","para_y_20835.xml"
"yamtak","para_y_20836.xml"
"yamu","para_y_20837.xml"
"yámug","para_y_20838.xml"
"yámuk","para_y_20839.xml"
"*yamúkat","para_y_20840.xml"
"yamukmuk","para_y_20841.xml"
"yamùmù","para_y_20842.xml"
"yamutyamut","para_y_20843.xml"
"yamyam","para_y_20844.xml"
"yanà","para_y_20845.xml"
"yanang","para_y_20846.xml"
"yandak","para_y_20847.xml"
"yangag","para_y_20848.xml"
"yanggak","para_y_20849.xml"
"yanghag1","para_y_20850.xml"
"yanghag2","para_y_20851.xml"
"yangkaw","para_y_20852.xml"
"yangù","para_y_20853.xml"
"yángud","para_y_20854.xml"
"yangùngù","para_y_20855.xml"
"yanta","para_y_20856.xml"
"yantak","para_y_20857.xml"
"yantas","para_y_20858.xml"
"yánu","para_y_20859.xml"
"yanyan","para_y_20860.xml"
"yapa","para_y_20861.xml"
"yapà","para_y_20862.xml"
"yapak","para_y_20863.xml"
"yápak","para_y_20864.xml"
"yapayapa","para_y_20865.xml"
"yapù","para_y_20866.xml"
"yapyap","para_y_20867.xml"
"yarda1","para_y_20868.xml"
"yarda2","para_y_20869.xml"
"yárì","para_y_20870.xml"
"yaruk","para_y_20871.xml"
"yása","para_y_20872.xml"
"yasmì","para_y_20873.xml"
"yasyas","para_y_20874.xml"
"yátak","para_y_20875.xml"
"yáti","para_y_20876.xml"
"yátì1","para_y_20877.xml"
"yátì2","para_y_20878.xml"
"yátis","para_y_20879.xml"
"yatut","para_y_20880.xml"
"yatyat1","para_y_20881.xml"
"yatyat2","para_y_20882.xml"
"yaub","para_y_20883.xml"
"yaúsà","para_y_20884.xml"
"yáwà","para_y_20885.xml"
"yawan","para_y_20886.xml"
"yáwas","para_y_20887.xml"
"yáwat","para_y_20888.xml"
"yáway","para_y_20889.xml"
"yáwi","para_y_20890.xml"
"yáwì","para_y_20891.xml"
"yáwis","para_y_20892.xml"
"yawit","para_y_20893.xml"
"yawyaw","para_y_20894.xml"
"yay","para_y_20895.xml"
"yáya1","para_y_20896.xml"
"yáya2, yáyà","para_y_20897.xml"
"yàyà","para_y_20898.xml"
"yáyay","para_y_20899.xml"
"yayha","para_y_20900.xml"
"yáyu","para_y_20901.xml"
"yáyung","para_y_20902.xml"
"yíba","para_y_20903.xml"
"yíbar","para_y_20904.xml"
"yíbu","para_y_20905.xml"
"yílu1","para_y_20906.xml"
"yílu2","para_y_20907.xml"
"yílu bil","para_y_20908.xml"
"yípi","para_y_20909.xml"
"yirba buyna","para_y_20910.xml"
"yír bar","para_y_20911.xml"
"yirs-uld","para_y_20912.xml"
"yíru","para_y_20913.xml"
"yist","para_y_20914.xml"
"yù","para_y_20915.xml"
"yuad","para_y_20916.xml"
"yúbit","para_y_20917.xml"
"yudipurmu","para_y_20918.xml"
"yudkap","para_y_20919.xml"
"yúdu","para_y_20920.xml"
"yudupurmu","para_y_20921.xml"
"yudyud","para_y_20922.xml"
"yúga","para_y_20923.xml"
"yugkap","para_y_20924.xml"
"yugkung","para_y_20925.xml"
"yugtù","para_y_20926.xml"
"yúgu","para_y_20927.xml"
"yugut","para_y_20928.xml"
"yugyug","para_y_20929.xml"
"yúhu","para_y_20930.xml"
"yuhù","para_y_20931.xml"
"yuhum","para_y_20932.xml"
"yuhut","para_y_20933.xml"
"yúin","para_y_20934.xml"
"yúka","para_y_20935.xml"
"yúkab","para_y_20936.xml"
"yukalíli","para_y_20937.xml"
"yukaliptus","para_y_20938.xml"
"yukaristika","para_y_20939.xml"
"*yukaristiku","para_y_20940.xml"
"yukayu","para_y_20941.xml"
"yukbù","para_y_20942.xml"
"yúki","para_y_20943.xml"
"yukilíli","para_y_20944.xml"
"yukù","para_y_20945.xml"
"yukug","para_y_20946.xml"
"yukum","para_y_20947.xml"
"yukyuk","para_y_20948.xml"
"yumù","para_y_20949.xml"
"yúmud","para_y_20950.xml"
"yumudyumud","para_y_20951.xml"
"yumyum","para_y_20952.xml"
"yunà, yúnà","para_y_20953.xml"
"yunanimus","para_y_20954.xml"
"yungatyúngat1","para_y_20955.xml"
"yungatyúngat2","para_y_20956.xml"
"yúngib","para_y_20957.xml"
"yungit","para_y_20958.xml"
"yungki","para_y_20959.xml"
"yungyung","para_y_20960.xml"
"yunik","para_y_20961.xml"
"yunipurmi","para_y_20962.xml"
"yunùyunù","para_y_20963.xml"
"yunyun1","para_y_20964.xml"
"yunyun2","para_y_20965.xml"
"yúpis","para_y_20966.xml"
"yupu, yúpu","para_y_20967.xml"
"yupyup","para_y_20968.xml"
"yúsà","para_y_20969.xml"
"yusapi, yusápi","para_y_20970.xml"
"yúsi, yúsig","para_y_20971.xml"
"yusyus","para_y_20972.xml"
"yútà","para_y_20973.xml"
"yutawhan","para_y_20974.xml"
"yútik","para_y_20975.xml"
"yúturn","para_y_20976.xml"
"yutyut1","para_y_20977.xml"
"yutyut2","para_y_20978.xml"
"yúyu","para_y_20979.xml"
"yúyù","para_y_20980.xml"
"yùyù","para_y_20981.xml"
